row_index,status,n_opening_models,unique_winner,conversation_type
0,ok,2,True,unguided
1,ok,4,True,unguided
2,ok,4,True,controversy guided
3,ok,4,True,unguided
4,ok,4,False,unguided
5,ok,4,True,controversy guided
6,ok,4,True,unguided
7,ok,4,True,values guided
8,ok,4,True,unguided
9,ok,4,True,unguided
10,ok,4,True,unguided
11,ok,4,True,values guided
12,ok,4,True,unguided
13,ok,4,True,unguided
14,ok,4,True,controversy guided
15,ok,4,True,unguided
16,ok,4,True,values guided
17,ok,4,True,values guided
18,ok,4,True,values guided
19,ok,3,True,controversy guided
20,ok,4,True,values guided
21,ok,4,False,unguided
22,ok,3,True,values guided
23,ok,3,True,unguided
24,ok,3,True,unguided
25,ok,3,True,controversy guided
26,ok,3,True,values guided
27,ok,4,True,values guided
28,ok,4,True,values guided
29,ok,4,True,controversy guided
30,ok,4,True,values guided
31,ok,4,True,unguided
32,ok,3,True,unguided
33,ok,4,True,unguided
34,ok,4,True,controversy guided
35,ok,4,True,controversy guided
36,ok,4,True,controversy guided
37,ok,4,True,controversy guided
38,ok,4,True,controversy guided
39,ok,4,True,controversy guided
40,ok,4,False,unguided
41,ok,4,True,values guided
42,ok,4,True,unguided
43,ok,4,False,values guided
44,ok,3,True,controversy guided
45,ok,4,True,values guided
46,ok,4,True,values guided
47,ok,3,True,controversy guided
48,ok,4,False,unguided
49,ok,3,True,controversy guided
50,ok,4,True,values guided
51,ok,4,True,controversy guided
52,ok,4,True,values guided
53,ok,2,True,controversy guided
54,ok,3,True,unguided
55,ok,4,True,values guided
56,ok,4,True,unguided
57,ok,3,True,unguided
58,ok,4,True,unguided
59,ok,3,True,values guided
60,ok,3,True,unguided
61,ok,3,True,controversy guided
62,ok,3,True,controversy guided
63,ok,2,True,controversy guided
64,ok,4,True,unguided
65,ok,3,True,controversy guided
66,ok,4,True,values guided
67,ok,4,True,unguided
68,ok,4,True,values guided
69,ok,4,True,values guided
70,ok,3,True,controversy guided
71,ok,2,True,unguided
72,ok,4,True,values guided
73,ok,3,True,controversy guided
74,ok,3,True,controversy guided
75,ok,4,True,unguided
76,ok,4,True,unguided
77,ok,4,True,controversy guided
78,ok,4,True,values guided
79,ok,4,True,unguided
80,ok,4,True,values guided
81,ok,3,True,controversy guided
82,ok,4,True,unguided
83,ok,4,True,unguided
84,ok,4,True,values guided
85,ok,3,True,unguided
86,ok,4,True,values guided
87,ok,4,True,unguided
88,ok,4,True,values guided
89,ok,2,True,unguided
90,ok,4,True,unguided
91,ok,4,True,values guided
92,ok,4,True,controversy guided
93,ok,4,False,unguided
94,ok,4,True,unguided
95,ok,4,False,controversy guided
96,ok,4,True,values guided
97,ok,4,True,unguided
98,ok,4,True,unguided
99,ok,4,True,controversy guided
100,ok,4,True,values guided
101,ok,3,True,unguided
102,ok,4,True,controversy guided
103,ok,4,True,values guided
104,ok,3,True,controversy guided
105,ok,4,True,values guided
106,ok,4,True,unguided
107,ok,4,True,unguided
108,ok,4,True,unguided
109,ok,3,True,unguided
110,ok,4,True,unguided
111,ok,4,True,unguided
112,ok,4,True,unguided
113,ok,4,True,controversy guided
114,ok,4,True,unguided
115,ok,4,True,unguided
116,ok,4,True,unguided
117,ok,4,True,controversy guided
118,ok,4,True,values guided
119,ok,4,True,values guided
120,ok,4,True,unguided
121,ok,4,True,unguided
122,ok,4,True,unguided
123,ok,4,True,unguided
124,ok,4,True,values guided
125,ok,4,True,unguided
126,ok,4,True,unguided
127,ok,4,True,values guided
128,ok,4,True,unguided
129,ok,4,False,unguided
130,ok,4,True,unguided
131,ok,4,True,unguided
132,ok,4,True,values guided
133,ok,4,True,controversy guided
134,ok,4,True,controversy guided
135,ok,4,True,unguided
136,ok,3,True,unguided
137,ok,4,True,unguided
138,ok,4,True,unguided
139,ok,4,True,values guided
140,ok,4,True,unguided
141,ok,4,True,unguided
142,ok,4,True,values guided
143,ok,4,True,values guided
144,ok,4,True,controversy guided
145,ok,4,True,values guided
146,ok,2,True,unguided
147,ok,4,True,values guided
148,ok,4,True,unguided
149,ok,4,False,controversy guided
150,ok,4,True,controversy guided
151,ok,4,True,unguided
152,ok,4,True,values guided
153,ok,4,True,values guided
154,ok,4,True,unguided
155,ok,3,True,controversy guided
156,ok,4,True,values guided
157,ok,4,True,values guided
158,ok,4,True,unguided
159,ok,4,True,controversy guided
160,ok,4,True,values guided
161,ok,4,True,values guided
162,ok,4,True,unguided
163,ok,4,True,unguided
164,ok,3,True,unguided
165,ok,4,True,unguided
166,ok,3,True,controversy guided
167,ok,3,True,unguided
168,ok,4,True,controversy guided
169,ok,4,True,unguided
170,ok,3,True,controversy guided
171,ok,4,True,values guided
172,ok,4,True,values guided
173,ok,4,True,unguided
174,ok,4,True,values guided
175,ok,4,True,unguided
176,ok,3,True,controversy guided
177,ok,4,False,values guided
178,ok,4,True,unguided
179,ok,4,True,controversy guided
180,ok,2,True,controversy guided
181,ok,4,True,unguided
182,ok,4,True,values guided
183,ok,4,True,values guided
184,ok,3,True,controversy guided
185,ok,4,True,values guided
186,ok,4,True,unguided
187,ok,4,True,values guided
188,ok,4,True,values guided
189,ok,4,True,controversy guided
190,ok,4,True,unguided
191,ok,4,True,controversy guided
192,ok,4,True,values guided
193,ok,4,False,unguided
194,ok,4,True,values guided
195,ok,4,True,controversy guided
196,ok,4,True,controversy guided
197,ok,4,True,controversy guided
198,ok,2,True,values guided
199,ok,4,True,unguided
200,ok,4,True,values guided
201,ok,4,True,values guided
202,ok,4,True,values guided
203,ok,3,True,controversy guided
204,ok,4,True,unguided
205,ok,4,True,unguided
206,ok,3,True,controversy guided
207,ok,4,True,controversy guided
208,ok,3,True,controversy guided
209,ok,4,False,controversy guided
210,ok,4,True,unguided
211,ok,4,True,unguided
212,ok,4,True,controversy guided
213,ok,4,True,values guided
214,ok,4,True,values guided
215,ok,4,True,controversy guided
216,ok,4,True,values guided
217,ok,4,True,unguided
218,ok,3,True,values guided
219,ok,4,True,unguided
220,ok,4,True,unguided
221,ok,4,True,unguided
222,ok,4,True,controversy guided
223,ok,4,True,values guided
224,ok,4,True,values guided
225,ok,4,True,values guided
226,ok,4,True,unguided
227,ok,4,True,controversy guided
228,ok,4,True,controversy guided
229,ok,4,True,unguided
230,ok,4,True,controversy guided
231,ok,4,True,unguided
232,ok,4,True,controversy guided
233,ok,4,True,unguided
234,ok,4,True,values guided
235,ok,4,True,unguided
236,ok,4,True,controversy guided
237,ok,4,True,controversy guided
238,ok,4,True,controversy guided
239,ok,4,True,values guided
240,ok,4,True,unguided
241,ok,4,True,unguided
242,ok,4,True,unguided
243,ok,4,True,values guided
244,ok,4,True,controversy guided
245,ok,3,True,controversy guided
246,ok,4,True,values guided
247,ok,4,True,values guided
248,ok,4,True,unguided
249,ok,4,True,unguided
250,ok,3,True,controversy guided
251,ok,4,True,unguided
252,ok,4,True,unguided
253,ok,3,True,controversy guided
254,ok,4,True,values guided
255,ok,4,False,values guided
256,ok,4,True,unguided
257,ok,3,True,values guided
258,ok,3,True,unguided
259,ok,4,True,controversy guided
260,ok,4,True,controversy guided
261,ok,4,True,values guided
262,ok,4,True,unguided
263,ok,4,False,unguided
264,ok,4,True,controversy guided
265,ok,4,True,unguided
266,ok,4,True,unguided
267,ok,4,True,controversy guided
268,ok,4,True,controversy guided
269,ok,4,True,controversy guided
270,ok,4,True,values guided
271,ok,4,False,controversy guided
272,ok,4,True,values guided
273,ok,4,True,values guided
274,ok,4,True,values guided
275,ok,4,True,unguided
276,ok,4,True,controversy guided
277,ok,4,True,unguided
278,ok,4,True,values guided
279,ok,4,True,values guided
280,ok,4,True,controversy guided
281,ok,4,True,unguided
282,ok,4,True,controversy guided
283,ok,4,True,unguided
284,ok,4,True,unguided
285,ok,4,True,controversy guided
286,ok,3,True,unguided
287,ok,4,True,unguided
288,ok,4,True,controversy guided
289,ok,4,True,values guided
290,ok,4,True,values guided
291,ok,4,True,controversy guided
292,ok,4,True,unguided
293,ok,4,True,unguided
294,ok,4,True,unguided
295,ok,4,False,unguided
296,ok,4,True,controversy guided
297,ok,4,True,controversy guided
298,ok,4,True,values guided
299,ok,4,True,unguided
300,ok,4,True,unguided
301,ok,4,True,values guided
302,ok,4,True,unguided
303,ok,4,True,controversy guided
304,ok,4,True,values guided
305,ok,4,True,controversy guided
306,ok,3,True,unguided
307,ok,4,True,values guided
308,ok,4,False,unguided
309,ok,4,True,controversy guided
310,ok,4,True,controversy guided
311,ok,4,True,values guided
312,ok,4,True,unguided
313,ok,4,True,controversy guided
314,ok,4,True,values guided
315,ok,4,True,controversy guided
316,ok,4,True,values guided
317,ok,3,True,controversy guided
318,ok,4,True,unguided
319,ok,4,True,controversy guided
320,ok,4,True,controversy guided
321,ok,4,True,unguided
322,ok,4,True,unguided
323,ok,4,True,unguided
324,ok,4,True,values guided
325,ok,4,True,controversy guided
326,ok,4,True,values guided
327,ok,4,True,unguided
328,ok,4,True,unguided
329,ok,4,True,values guided
330,ok,3,True,controversy guided
331,ok,4,True,unguided
332,ok,3,False,values guided
333,ok,4,True,controversy guided
334,ok,4,True,values guided
335,ok,4,True,controversy guided
336,ok,4,True,unguided
337,ok,4,True,controversy guided
338,ok,4,True,values guided
339,ok,4,True,unguided
340,ok,4,True,controversy guided
341,ok,4,True,values guided
342,ok,4,True,values guided
343,ok,4,True,unguided
344,ok,4,True,values guided
345,ok,4,True,unguided
346,ok,4,True,controversy guided
347,ok,4,False,values guided
348,ok,4,True,controversy guided
349,ok,4,True,values guided
350,ok,4,True,controversy guided
351,ok,3,True,values guided
352,ok,4,True,controversy guided
353,ok,4,True,unguided
354,ok,4,False,unguided
355,ok,3,True,unguided
356,ok,4,True,controversy guided
357,ok,4,True,unguided
358,ok,4,True,controversy guided
359,ok,4,True,unguided
360,ok,3,True,controversy guided
361,ok,4,True,unguided
362,ok,4,True,controversy guided
363,ok,4,False,unguided
364,ok,4,True,controversy guided
365,ok,3,True,values guided
366,ok,3,True,unguided
367,ok,4,True,values guided
368,ok,4,True,unguided
369,ok,4,True,unguided
370,ok,4,True,controversy guided
371,ok,4,False,values guided
372,ok,4,True,values guided
373,ok,4,True,unguided
374,ok,4,True,values guided
375,ok,4,True,controversy guided
376,ok,4,True,values guided
377,ok,4,True,values guided
378,ok,4,True,unguided
379,ok,4,True,values guided
380,ok,4,True,controversy guided
381,ok,4,True,unguided
382,ok,4,True,values guided
383,ok,4,True,values guided
384,ok,4,True,values guided
385,ok,3,True,values guided
386,ok,4,True,unguided
387,ok,2,True,values guided
388,ok,3,True,unguided
389,ok,4,True,values guided
390,ok,4,True,controversy guided
391,ok,4,True,values guided
392,ok,4,True,values guided
393,ok,4,True,values guided
394,ok,4,False,unguided
395,ok,4,True,values guided
396,ok,4,True,unguided
397,ok,4,True,controversy guided
398,ok,4,True,controversy guided
399,ok,2,True,controversy guided
400,ok,4,True,unguided
401,ok,4,True,values guided
402,ok,3,True,unguided
403,ok,4,True,controversy guided
404,ok,3,True,controversy guided
405,ok,4,True,values guided
406,ok,4,True,unguided
407,ok,4,True,controversy guided
408,ok,3,True,unguided
409,ok,4,True,unguided
410,ok,4,True,values guided
411,ok,4,True,values guided
412,ok,4,True,controversy guided
413,ok,4,True,controversy guided
414,ok,3,True,controversy guided
415,ok,4,True,values guided
416,ok,4,False,unguided
417,ok,4,True,values guided
418,ok,4,True,controversy guided
419,ok,4,False,unguided
420,ok,3,True,controversy guided
421,ok,4,True,controversy guided
422,ok,4,True,values guided
423,ok,4,True,values guided
424,ok,4,True,unguided
425,ok,4,True,values guided
426,ok,4,True,unguided
427,ok,4,True,values guided
428,ok,4,True,controversy guided
429,ok,3,True,controversy guided
430,ok,4,True,values guided
431,ok,3,True,controversy guided
432,ok,4,True,controversy guided
433,ok,4,True,unguided
434,ok,3,True,controversy guided
435,ok,4,True,controversy guided
436,ok,4,True,unguided
437,ok,4,True,controversy guided
438,ok,4,True,controversy guided
439,ok,4,True,unguided
440,ok,4,True,unguided
441,ok,4,True,controversy guided
442,ok,4,True,unguided
443,ok,4,True,controversy guided
444,ok,4,True,values guided
445,ok,4,True,controversy guided
446,ok,4,True,controversy guided
447,ok,4,True,controversy guided
448,ok,4,True,controversy guided
449,ok,4,True,unguided
450,ok,3,True,unguided
451,ok,4,True,controversy guided
452,ok,3,True,unguided
453,ok,4,True,unguided
454,ok,4,True,unguided
455,ok,4,True,unguided
456,ok,4,True,values guided
457,ok,4,True,unguided
458,ok,3,True,controversy guided
459,ok,4,True,values guided
460,ok,4,True,unguided
461,ok,4,True,unguided
462,ok,4,True,values guided
463,ok,3,True,unguided
464,ok,4,True,values guided
465,ok,4,True,values guided
466,ok,4,True,values guided
467,ok,4,True,unguided
468,ok,3,True,values guided
469,ok,4,True,controversy guided
470,ok,4,True,values guided
471,ok,4,True,values guided
472,too_few_models,1,,
473,ok,3,True,unguided
474,ok,4,True,values guided
475,ok,4,True,values guided
476,ok,4,True,unguided
477,too_few_models,1,,
478,ok,3,True,controversy guided
479,ok,4,True,unguided
480,ok,4,True,values guided
481,ok,4,True,values guided
482,ok,4,True,unguided
483,ok,4,True,values guided
484,ok,3,True,values guided
485,ok,3,True,unguided
486,ok,4,True,controversy guided
487,ok,4,True,values guided
488,ok,4,True,unguided
489,ok,4,True,unguided
490,ok,4,True,controversy guided
491,ok,4,True,values guided
492,ok,2,True,unguided
493,ok,4,True,controversy guided
494,ok,4,True,values guided
495,ok,4,True,controversy guided
496,ok,4,True,unguided
497,ok,4,True,unguided
498,ok,4,True,values guided
499,ok,4,True,controversy guided
500,ok,4,True,unguided
501,ok,3,True,values guided
502,ok,4,True,unguided
503,ok,4,True,values guided
504,ok,4,True,controversy guided
505,ok,4,True,controversy guided
506,ok,4,True,values guided
507,ok,3,True,values guided
508,ok,4,True,unguided
509,ok,3,True,controversy guided
510,ok,3,True,values guided
511,ok,4,True,controversy guided
512,ok,4,True,values guided
513,ok,4,True,controversy guided
514,ok,4,True,controversy guided
515,ok,4,True,values guided
516,ok,4,True,unguided
517,ok,4,True,unguided
518,ok,4,True,controversy guided
519,ok,4,True,controversy guided
520,ok,4,True,controversy guided
521,ok,4,True,unguided
522,ok,4,True,controversy guided
523,ok,4,False,unguided
524,ok,4,True,controversy guided
525,ok,4,True,controversy guided
526,ok,4,True,unguided
527,ok,4,True,unguided
528,ok,4,True,controversy guided
529,ok,4,True,controversy guided
530,ok,4,True,values guided
531,ok,3,True,values guided
532,ok,4,True,values guided
533,ok,4,True,values guided
534,ok,4,True,unguided
535,ok,4,True,values guided
536,ok,3,True,controversy guided
537,ok,4,True,unguided
538,ok,4,True,controversy guided
539,ok,4,True,unguided
540,ok,3,True,controversy guided
541,ok,4,True,controversy guided
542,ok,4,True,controversy guided
543,ok,4,True,unguided
544,ok,4,True,values guided
545,ok,3,True,controversy guided
546,ok,4,True,unguided
547,ok,3,True,controversy guided
548,ok,4,True,controversy guided
549,ok,4,True,unguided
550,ok,4,True,unguided
551,ok,4,True,controversy guided
552,ok,3,True,values guided
553,ok,4,True,values guided
554,ok,4,True,unguided
555,ok,4,True,values guided
556,ok,4,True,values guided
557,ok,4,True,values guided
558,ok,4,False,unguided
559,ok,4,True,controversy guided
560,ok,4,True,controversy guided
561,ok,4,True,values guided
562,ok,4,True,controversy guided
563,ok,4,True,unguided
564,ok,3,True,values guided
565,ok,4,True,controversy guided
566,ok,4,True,values guided
567,ok,3,True,values guided
568,ok,4,True,values guided
569,ok,4,True,values guided
570,ok,4,True,controversy guided
571,ok,3,True,unguided
572,ok,4,True,unguided
573,ok,4,True,unguided
574,ok,4,False,unguided
575,ok,4,False,unguided
576,ok,4,True,unguided
577,ok,4,True,unguided
578,ok,4,True,unguided
579,ok,4,True,values guided
580,ok,4,True,values guided
581,ok,3,True,unguided
582,ok,4,True,values guided
583,ok,4,True,values guided
584,ok,4,True,values guided
585,ok,4,True,controversy guided
586,ok,3,True,unguided
587,ok,4,True,controversy guided
588,ok,4,True,unguided
589,ok,4,True,unguided
590,ok,4,False,unguided
591,ok,4,True,controversy guided
592,ok,4,True,unguided
593,ok,4,True,unguided
594,ok,4,True,unguided
595,ok,4,True,controversy guided
596,ok,4,True,unguided
597,ok,4,True,unguided
598,ok,4,True,unguided
599,ok,4,True,unguided
600,ok,3,True,values guided
601,ok,4,True,unguided
602,ok,4,True,unguided
603,ok,4,True,controversy guided
604,ok,4,True,unguided
605,ok,4,True,values guided
606,ok,4,True,unguided
607,ok,4,True,unguided
608,ok,4,True,values guided
609,ok,4,True,unguided
610,ok,4,True,unguided
611,ok,4,True,unguided
612,ok,4,True,unguided
613,ok,4,True,unguided
614,ok,4,True,unguided
615,ok,4,True,values guided
616,ok,4,True,unguided
617,ok,4,True,unguided
618,ok,4,False,unguided
619,ok,4,True,values guided
620,ok,4,True,values guided
621,ok,3,True,values guided
622,ok,4,True,unguided
623,ok,4,True,unguided
624,ok,4,True,unguided
625,ok,4,True,controversy guided
626,ok,4,False,unguided
627,ok,4,True,unguided
628,ok,4,True,values guided
629,ok,4,True,values guided
630,ok,4,True,unguided
631,ok,4,True,controversy guided
632,ok,3,True,values guided
633,ok,3,True,controversy guided
634,ok,2,True,unguided
635,ok,4,True,controversy guided
636,ok,4,True,values guided
637,ok,4,True,unguided
638,ok,3,True,values guided
639,ok,4,True,unguided
640,ok,4,True,controversy guided
641,ok,4,True,values guided
642,ok,4,True,unguided
643,ok,4,True,values guided
644,ok,4,True,values guided
645,ok,4,True,values guided
646,ok,4,True,controversy guided
647,ok,4,True,unguided
648,ok,3,True,unguided
649,ok,4,True,values guided
650,ok,4,True,controversy guided
651,ok,4,True,values guided
652,ok,4,True,values guided
653,ok,4,True,values guided
654,ok,4,True,values guided
655,ok,3,True,unguided
656,ok,4,False,unguided
657,ok,4,True,controversy guided
658,ok,4,True,unguided
659,ok,3,True,values guided
660,ok,4,True,values guided
661,ok,4,False,values guided
662,ok,4,True,controversy guided
663,ok,4,True,controversy guided
664,ok,4,True,values guided
665,ok,4,True,unguided
666,ok,4,True,controversy guided
667,ok,4,True,values guided
668,ok,4,True,controversy guided
669,ok,3,True,unguided
670,ok,4,True,values guided
671,ok,3,True,controversy guided
672,ok,3,True,controversy guided
673,ok,4,True,values guided
674,ok,4,True,values guided
675,ok,4,True,values guided
676,ok,4,True,unguided
677,ok,4,True,controversy guided
678,ok,4,True,controversy guided
679,ok,3,True,unguided
680,ok,4,True,unguided
681,ok,4,True,controversy guided
682,ok,3,True,unguided
683,ok,4,True,values guided
684,ok,4,True,unguided
685,ok,4,True,controversy guided
686,ok,4,True,controversy guided
687,ok,4,True,values guided
688,ok,4,True,values guided
689,ok,4,True,values guided
690,ok,4,True,unguided
691,ok,4,False,unguided
692,ok,4,True,unguided
693,ok,4,True,controversy guided
694,ok,4,True,unguided
695,ok,4,True,values guided
696,ok,4,True,controversy guided
697,ok,4,True,values guided
698,ok,4,True,unguided
699,ok,4,True,values guided
700,ok,4,True,controversy guided
701,ok,4,True,unguided
702,ok,4,True,values guided
703,ok,4,True,unguided
704,ok,4,True,values guided
705,ok,4,False,unguided
706,ok,4,True,controversy guided
707,ok,3,True,controversy guided
708,ok,4,True,values guided
709,ok,4,True,controversy guided
710,ok,4,False,unguided
711,ok,4,True,controversy guided
712,ok,2,True,unguided
713,ok,4,True,controversy guided
714,ok,4,True,controversy guided
715,ok,4,True,unguided
716,ok,3,True,values guided
717,ok,4,True,unguided
718,ok,4,True,values guided
719,ok,4,True,unguided
720,ok,4,False,controversy guided
721,ok,4,True,unguided
722,ok,4,True,controversy guided
723,ok,2,True,values guided
724,ok,4,True,values guided
725,ok,4,True,controversy guided
726,ok,4,True,values guided
727,ok,4,True,values guided
728,ok,4,True,unguided
729,ok,4,True,unguided
730,ok,4,True,controversy guided
731,ok,4,True,values guided
732,ok,4,True,values guided
733,ok,4,True,unguided
734,ok,4,True,values guided
735,ok,4,True,controversy guided
736,ok,4,True,controversy guided
737,ok,4,True,unguided
738,ok,4,False,unguided
739,ok,4,True,values guided
740,ok,4,True,unguided
741,ok,4,True,unguided
742,ok,4,True,values guided
743,ok,4,True,controversy guided
744,ok,4,True,unguided
745,ok,4,True,unguided
746,ok,3,True,controversy guided
747,ok,4,True,controversy guided
748,ok,4,True,unguided
749,ok,4,True,values guided
750,ok,4,True,values guided
751,ok,3,True,unguided
752,ok,4,True,values guided
753,ok,4,True,unguided
754,ok,3,True,controversy guided
755,ok,3,True,unguided
756,ok,4,True,controversy guided
757,ok,4,True,values guided
758,ok,4,True,values guided
759,ok,4,True,unguided
760,ok,2,True,values guided
761,ok,4,True,controversy guided
762,ok,4,True,values guided
763,ok,4,True,values guided
764,ok,4,True,values guided
765,ok,4,True,controversy guided
766,ok,4,False,values guided
767,ok,4,False,unguided
768,ok,4,True,controversy guided
769,ok,4,True,controversy guided
770,ok,4,True,controversy guided
771,ok,4,True,controversy guided
772,ok,4,True,controversy guided
773,ok,4,True,values guided
774,ok,4,True,unguided
775,ok,4,True,controversy guided
776,ok,3,True,values guided
777,ok,2,True,controversy guided
778,ok,4,True,values guided
779,ok,4,True,controversy guided
780,ok,4,True,values guided
781,ok,4,True,controversy guided
782,ok,4,True,controversy guided
783,ok,4,True,unguided
784,ok,4,True,controversy guided
785,ok,4,True,values guided
786,ok,4,True,unguided
787,ok,4,True,unguided
788,ok,4,True,values guided
789,ok,4,True,values guided
790,ok,4,True,values guided
791,ok,3,True,controversy guided
792,ok,4,True,controversy guided
793,ok,4,True,unguided
794,ok,4,True,unguided
795,ok,4,True,controversy guided
796,ok,4,True,unguided
797,ok,4,True,values guided
798,ok,3,True,unguided
799,ok,4,True,values guided
800,ok,4,True,unguided
801,ok,4,True,unguided
802,ok,3,True,values guided
803,ok,4,True,controversy guided
804,ok,2,True,controversy guided
805,ok,4,True,values guided
806,ok,4,True,controversy guided
807,ok,4,True,unguided
808,ok,4,True,values guided
809,ok,4,True,controversy guided
810,ok,4,True,unguided
811,ok,2,True,values guided
812,ok,3,True,values guided
813,ok,4,True,controversy guided
814,ok,4,True,values guided
815,ok,4,True,values guided
816,ok,4,True,controversy guided
817,ok,3,True,controversy guided
818,ok,4,True,unguided
819,ok,4,True,controversy guided
820,ok,4,True,controversy guided
821,ok,4,True,controversy guided
822,ok,4,True,values guided
823,ok,4,True,controversy guided
824,ok,3,True,controversy guided
825,too_few_models,1,,
826,ok,4,True,controversy guided
827,ok,4,True,values guided
828,ok,4,True,controversy guided
829,ok,4,True,unguided
830,ok,4,True,unguided
831,ok,4,True,unguided
832,ok,4,True,unguided
833,ok,4,True,controversy guided
834,ok,4,True,unguided
835,ok,4,True,controversy guided
836,ok,4,True,controversy guided
837,ok,4,True,unguided
838,ok,4,True,controversy guided
839,ok,4,True,unguided
840,ok,4,True,controversy guided
841,ok,4,True,unguided
842,ok,4,True,values guided
843,ok,3,True,controversy guided
844,ok,4,False,controversy guided
845,ok,4,True,values guided
846,ok,4,True,values guided
847,ok,4,True,controversy guided
848,ok,4,True,values guided
849,ok,4,True,values guided
850,ok,4,True,controversy guided
851,ok,4,True,unguided
852,ok,3,True,controversy guided
853,ok,3,True,values guided
854,ok,4,True,controversy guided
855,ok,4,True,values guided
856,ok,4,True,controversy guided
857,ok,4,True,values guided
858,ok,4,True,values guided
859,ok,4,True,values guided
860,ok,4,True,controversy guided
861,ok,4,True,unguided
862,ok,3,True,controversy guided
863,ok,4,True,controversy guided
864,ok,4,True,controversy guided
865,ok,4,True,unguided
866,ok,4,True,values guided
867,ok,4,True,controversy guided
868,ok,4,True,unguided
869,ok,4,True,controversy guided
870,ok,4,True,values guided
871,ok,4,True,values guided
872,ok,4,True,unguided
873,ok,4,True,controversy guided
874,ok,4,True,controversy guided
875,ok,4,True,unguided
876,ok,3,True,unguided
877,ok,4,True,controversy guided
878,ok,3,True,controversy guided
879,ok,4,True,unguided
880,ok,4,True,controversy guided
881,too_few_models,1,,
882,ok,4,True,values guided
883,ok,4,True,controversy guided
884,ok,4,True,values guided
885,ok,4,True,controversy guided
886,ok,4,True,values guided
887,ok,4,True,unguided
888,ok,4,True,unguided
889,ok,4,True,values guided
890,ok,4,True,controversy guided
891,ok,3,True,values guided
892,ok,3,True,controversy guided
893,ok,3,True,unguided
894,ok,4,True,controversy guided
895,ok,4,True,unguided
896,ok,4,True,controversy guided
897,ok,4,True,values guided
898,ok,4,True,values guided
899,ok,4,True,controversy guided
900,ok,4,True,unguided
901,ok,4,True,values guided
902,ok,4,False,unguided
903,ok,3,True,unguided
904,ok,4,True,unguided
905,ok,4,True,unguided
906,ok,4,True,values guided
907,ok,3,True,values guided
908,ok,4,True,controversy guided
909,ok,4,True,controversy guided
910,ok,4,True,controversy guided
911,ok,4,True,unguided
912,ok,4,True,unguided
913,ok,4,False,controversy guided
914,ok,4,True,values guided
915,ok,3,True,values guided
916,ok,3,True,unguided
917,ok,4,True,controversy guided
918,ok,4,True,values guided
919,ok,4,True,unguided
920,ok,4,True,unguided
921,ok,4,True,unguided
922,ok,3,True,unguided
923,ok,4,True,controversy guided
924,ok,4,True,unguided
925,ok,4,True,values guided
926,ok,4,True,controversy guided
927,ok,4,True,values guided
928,ok,4,True,unguided
929,ok,4,True,controversy guided
930,ok,4,True,values guided
931,ok,4,True,unguided
932,ok,4,True,values guided
933,ok,4,True,values guided
934,ok,4,True,unguided
935,ok,4,True,unguided
936,ok,4,True,controversy guided
937,ok,3,True,values guided
938,ok,4,True,values guided
939,ok,4,True,controversy guided
940,ok,4,True,controversy guided
941,ok,4,True,controversy guided
942,ok,4,True,controversy guided
943,ok,4,True,values guided
944,ok,4,True,values guided
945,ok,4,False,controversy guided
946,ok,4,False,unguided
947,ok,4,True,controversy guided
948,ok,4,True,controversy guided
949,ok,3,True,values guided
950,ok,3,True,unguided
951,ok,4,True,unguided
952,ok,4,True,unguided
953,ok,4,True,controversy guided
954,ok,4,True,unguided
955,ok,4,True,unguided
956,ok,4,False,unguided
957,ok,3,True,values guided
958,ok,4,True,values guided
959,ok,3,True,unguided
960,ok,4,True,controversy guided
961,ok,4,True,values guided
962,ok,4,True,controversy guided
963,ok,4,True,controversy guided
964,ok,4,True,controversy guided
965,ok,4,True,unguided
966,ok,4,True,values guided
967,ok,4,True,unguided
968,ok,4,True,unguided
969,ok,3,True,values guided
970,ok,3,True,values guided
971,ok,4,True,controversy guided
972,ok,4,True,controversy guided
973,ok,4,True,unguided
974,ok,4,True,unguided
975,ok,3,True,unguided
976,ok,4,True,values guided
977,ok,4,False,values guided
978,ok,4,True,controversy guided
979,ok,4,True,unguided
980,ok,4,True,unguided
981,ok,4,False,controversy guided
982,ok,3,True,controversy guided
983,ok,4,True,values guided
984,ok,4,True,unguided
985,ok,4,True,controversy guided
986,ok,4,True,controversy guided
987,ok,4,False,unguided
988,ok,4,True,unguided
989,ok,4,False,unguided
990,ok,4,True,unguided
991,ok,4,True,unguided
992,ok,4,True,unguided
993,ok,3,False,unguided
994,ok,4,False,unguided
995,ok,4,True,controversy guided
996,ok,4,True,values guided
997,ok,4,True,unguided
998,ok,4,True,controversy guided
999,ok,4,False,unguided
1000,ok,4,False,unguided
1001,ok,3,True,unguided
1002,ok,4,True,controversy guided
1003,ok,3,True,values guided
1004,ok,4,True,controversy guided
1005,ok,4,False,controversy guided
1006,ok,4,False,unguided
1007,ok,4,True,controversy guided
1008,ok,2,True,values guided
1009,ok,4,True,unguided
1010,ok,2,True,unguided
1011,ok,4,True,unguided
1012,ok,4,True,controversy guided
1013,ok,4,True,unguided
1014,ok,3,True,controversy guided
1015,ok,4,True,values guided
1016,ok,4,True,controversy guided
1017,ok,4,False,values guided
1018,ok,3,True,controversy guided
1019,ok,4,True,unguided
1020,ok,4,True,unguided
1021,ok,4,True,values guided
1022,ok,4,False,unguided
1023,ok,4,False,values guided
1024,ok,4,False,unguided
1025,ok,4,False,values guided
1026,ok,4,True,values guided
1027,ok,4,False,values guided
1028,ok,3,True,unguided
1029,ok,4,False,unguided
1030,ok,4,True,values guided
1031,ok,4,False,values guided
1032,ok,4,False,unguided
1033,ok,4,True,values guided
1034,ok,4,True,values guided
1035,ok,4,True,values guided
1036,ok,4,False,unguided
1037,ok,4,True,unguided
1038,ok,4,True,values guided
1039,ok,4,False,values guided
1040,ok,4,True,values guided
1041,ok,4,True,unguided
1042,ok,4,False,controversy guided
1043,ok,3,True,unguided
1044,ok,4,True,values guided
1045,ok,4,False,controversy guided
1046,ok,3,False,values guided
1047,ok,4,True,values guided
1048,ok,4,True,unguided
1049,ok,4,True,unguided
1050,ok,3,True,controversy guided
1051,ok,3,True,controversy guided
1052,ok,4,False,values guided
1053,ok,3,True,controversy guided
1054,ok,4,True,values guided
1055,ok,4,True,values guided
1056,ok,4,True,controversy guided
1057,ok,3,True,values guided
1058,ok,4,True,unguided
1059,ok,4,False,controversy guided
1060,ok,4,False,values guided
1061,ok,4,False,unguided
1062,ok,4,True,unguided
1063,ok,4,True,unguided
1064,ok,4,True,controversy guided
1065,ok,4,True,values guided
1066,ok,4,False,values guided
1067,ok,4,True,values guided
1068,ok,4,True,controversy guided
1069,ok,4,True,controversy guided
1070,ok,3,True,values guided
1071,ok,4,True,unguided
1072,ok,4,True,unguided
1073,ok,4,False,values guided
1074,ok,4,True,unguided
1075,ok,4,False,controversy guided
1076,ok,3,False,unguided
1077,ok,4,True,unguided
1078,ok,4,True,controversy guided
1079,ok,4,True,values guided
1080,ok,4,False,unguided
1081,ok,4,False,values guided
1082,ok,4,True,values guided
1083,ok,4,False,controversy guided
1084,ok,4,False,values guided
1085,ok,3,True,values guided
1086,ok,4,True,values guided
1087,ok,4,True,unguided
1088,ok,4,True,values guided
1089,ok,4,True,unguided
1090,ok,4,True,controversy guided
1091,ok,4,True,controversy guided
1092,ok,3,True,unguided
1093,ok,4,True,unguided
1094,ok,4,True,values guided
1095,ok,4,False,values guided
1096,ok,4,True,values guided
1097,ok,4,False,unguided
1098,ok,4,True,controversy guided
1099,ok,4,True,controversy guided
1100,ok,4,True,controversy guided
1101,ok,4,True,unguided
1102,ok,4,False,values guided
1103,ok,4,True,unguided
1104,ok,3,True,unguided
1105,ok,4,True,controversy guided
1106,ok,4,True,controversy guided
1107,ok,4,True,controversy guided
1108,ok,4,True,controversy guided
1109,ok,4,True,values guided
1110,ok,4,False,controversy guided
1111,ok,4,True,unguided
1112,ok,4,True,controversy guided
1113,ok,4,True,controversy guided
1114,ok,4,True,controversy guided
1115,ok,4,True,unguided
1116,ok,4,True,controversy guided
1117,ok,3,True,controversy guided
1118,ok,4,True,unguided
1119,ok,4,True,unguided
1120,ok,3,True,values guided
1121,ok,4,True,values guided
1122,ok,4,True,controversy guided
1123,ok,3,True,unguided
1124,ok,4,True,unguided
1125,ok,4,True,unguided
1126,ok,4,False,controversy guided
1127,ok,4,True,controversy guided
1128,ok,4,True,unguided
1129,ok,4,True,controversy guided
1130,ok,4,False,unguided
1131,ok,4,True,values guided
1132,ok,4,False,controversy guided
1133,ok,4,False,unguided
1134,ok,3,True,values guided
1135,ok,4,True,unguided
1136,ok,4,True,unguided
1137,ok,4,True,unguided
1138,ok,4,True,unguided
1139,ok,3,False,values guided
1140,ok,4,True,unguided
1141,ok,4,True,values guided
1142,ok,4,True,unguided
1143,ok,4,True,values guided
1144,ok,3,True,values guided
1145,ok,4,True,values guided
1146,ok,4,True,controversy guided
1147,ok,4,True,unguided
1148,ok,3,True,controversy guided
1149,ok,3,True,values guided
1150,ok,4,True,values guided
1151,ok,3,True,values guided
1152,ok,3,True,unguided
1153,ok,4,True,values guided
1154,ok,4,True,controversy guided
1155,ok,4,True,unguided
1156,ok,3,True,unguided
1157,ok,3,True,values guided
1158,ok,4,True,controversy guided
1159,ok,2,True,controversy guided
1160,ok,3,True,controversy guided
1161,ok,4,True,controversy guided
1162,ok,4,True,values guided
1163,ok,4,True,unguided
1164,ok,4,True,controversy guided
1165,ok,3,True,controversy guided
1166,ok,4,True,values guided
1167,ok,4,True,unguided
1168,ok,4,True,controversy guided
1169,ok,4,True,unguided
1170,ok,4,True,unguided
1171,ok,4,True,values guided
1172,ok,4,True,unguided
1173,ok,4,True,controversy guided
1174,ok,4,True,values guided
1175,ok,4,True,unguided
1176,ok,4,True,controversy guided
1177,ok,4,True,controversy guided
1178,ok,4,True,unguided
1179,ok,4,True,unguided
1180,ok,4,True,unguided
1181,ok,4,True,controversy guided
1182,ok,3,True,unguided
1183,ok,4,True,unguided
1184,ok,4,True,controversy guided
1185,ok,4,True,values guided
1186,ok,4,True,values guided
1187,ok,3,True,unguided
1188,ok,4,False,values guided
1189,ok,4,True,controversy guided
1190,ok,2,True,values guided
1191,ok,3,True,unguided
1192,ok,4,True,controversy guided
1193,ok,4,True,unguided
1194,ok,4,True,controversy guided
1195,ok,4,True,values guided
1196,ok,4,True,controversy guided
1197,ok,4,True,controversy guided
1198,ok,4,True,unguided
1199,ok,4,True,unguided
1200,ok,3,True,values guided
1201,ok,3,True,values guided
1202,ok,4,True,values guided
1203,ok,3,True,controversy guided
1204,ok,4,True,values guided
1205,ok,3,True,controversy guided
1206,ok,3,True,controversy guided
1207,ok,4,False,unguided
1208,ok,4,True,values guided
1209,ok,4,True,values guided
1210,ok,3,False,values guided
1211,ok,4,True,unguided
1212,ok,4,False,controversy guided
1213,ok,4,True,values guided
1214,ok,3,True,unguided
1215,ok,4,True,unguided
1216,ok,4,True,unguided
1217,ok,4,True,unguided
1218,ok,3,True,values guided
1219,ok,4,True,unguided
1220,ok,4,True,unguided
1221,ok,3,True,values guided
1222,ok,4,True,unguided
1223,ok,3,True,unguided
1224,ok,4,True,controversy guided
1225,ok,4,True,unguided
1226,ok,4,True,unguided
1227,ok,4,True,unguided
1228,ok,4,True,values guided
1229,ok,4,True,unguided
1230,ok,4,True,controversy guided
1231,ok,4,True,values guided
1232,ok,3,True,values guided
1233,ok,3,True,controversy guided
1234,ok,4,True,values guided
1235,ok,4,True,unguided
1236,ok,4,True,unguided
1237,ok,3,True,values guided
1238,ok,4,True,controversy guided
1239,ok,4,True,unguided
1240,ok,4,True,unguided
1241,ok,3,True,values guided
1242,ok,4,True,controversy guided
1243,ok,4,True,values guided
1244,ok,3,True,controversy guided
1245,ok,4,True,unguided
1246,ok,4,True,unguided
1247,ok,4,True,controversy guided
1248,ok,2,True,unguided
1249,ok,4,True,controversy guided
1250,ok,3,True,values guided
1251,ok,2,True,unguided
1252,ok,3,True,controversy guided
1253,ok,4,True,controversy guided
1254,ok,4,True,controversy guided
1255,ok,4,True,values guided
1256,ok,4,True,unguided
1257,ok,4,False,unguided
1258,ok,4,True,values guided
1259,ok,3,True,controversy guided
1260,ok,4,True,unguided
1261,ok,4,True,unguided
1262,ok,4,False,unguided
1263,ok,2,True,controversy guided
1264,ok,4,True,unguided
1265,ok,4,True,values guided
1266,ok,4,True,controversy guided
1267,ok,4,True,values guided
1268,ok,3,True,controversy guided
1269,ok,4,True,unguided
1270,ok,4,True,values guided
1271,ok,3,True,controversy guided
1272,ok,4,True,controversy guided
1273,ok,4,True,controversy guided
1274,ok,4,True,unguided
1275,ok,4,True,unguided
1276,ok,4,True,values guided
1277,ok,2,True,values guided
1278,ok,4,True,unguided
1279,ok,4,True,unguided
1280,ok,4,True,controversy guided
1281,ok,3,True,unguided
1282,ok,4,True,unguided
1283,ok,4,True,values guided
1284,ok,4,True,values guided
1285,ok,4,True,unguided
1286,ok,4,True,values guided
1287,ok,4,True,values guided
1288,ok,4,True,values guided
1289,ok,4,True,unguided
1290,ok,3,True,unguided
1291,ok,3,True,values guided
1292,ok,4,True,controversy guided
1293,ok,4,True,values guided
1294,ok,3,True,controversy guided
1295,ok,4,False,values guided
1296,ok,4,True,controversy guided
1297,ok,4,True,values guided
1298,ok,4,True,controversy guided
1299,ok,3,True,unguided
1300,ok,4,True,values guided
1301,ok,4,True,unguided
1302,ok,4,False,unguided
1303,ok,4,True,values guided
1304,ok,3,True,values guided
1305,ok,4,True,values guided
1306,ok,4,True,unguided
1307,ok,4,True,controversy guided
1308,ok,4,True,unguided
1309,ok,3,True,controversy guided
1310,ok,4,True,controversy guided
1311,ok,3,True,unguided
1312,ok,4,True,values guided
1313,ok,4,True,values guided
1314,ok,4,True,values guided
1315,ok,4,True,values guided
1316,ok,3,True,unguided
1317,ok,4,True,values guided
1318,ok,3,False,controversy guided
1319,ok,3,True,values guided
1320,ok,4,True,controversy guided
1321,ok,4,True,values guided
1322,ok,4,True,unguided
1323,ok,4,True,controversy guided
1324,ok,4,True,values guided
1325,ok,4,True,controversy guided
1326,ok,4,True,unguided
1327,ok,3,True,controversy guided
1328,ok,3,True,controversy guided
1329,ok,4,True,values guided
1330,ok,4,True,unguided
1331,ok,3,True,controversy guided
1332,ok,4,True,controversy guided
1333,ok,4,True,values guided
1334,ok,4,True,controversy guided
1335,ok,4,True,values guided
1336,ok,3,True,unguided
1337,ok,3,True,values guided
1338,ok,4,True,values guided
1339,ok,4,True,unguided
1340,ok,4,True,unguided
1341,ok,4,True,values guided
1342,ok,4,True,unguided
1343,ok,4,True,unguided
1344,ok,4,True,controversy guided
1345,ok,4,True,values guided
1346,ok,4,True,controversy guided
1347,ok,4,True,controversy guided
1348,ok,4,True,unguided
1349,ok,3,True,values guided
1350,ok,4,True,controversy guided
1351,ok,4,True,unguided
1352,ok,3,True,controversy guided
1353,ok,4,True,controversy guided
1354,ok,4,True,values guided
1355,ok,4,True,unguided
1356,ok,3,True,unguided
1357,ok,4,True,unguided
1358,ok,4,True,unguided
1359,ok,3,True,controversy guided
1360,ok,4,True,controversy guided
1361,ok,4,True,unguided
1362,ok,3,True,values guided
1363,ok,4,True,unguided
1364,ok,4,True,values guided
1365,ok,3,True,controversy guided
1366,ok,4,True,unguided
1367,ok,4,True,values guided
1368,ok,4,True,unguided
1369,ok,3,True,unguided
1370,ok,4,True,unguided
1371,ok,3,True,controversy guided
1372,ok,4,True,unguided
1373,ok,4,True,unguided
1374,ok,3,True,values guided
1375,ok,3,True,unguided
1376,ok,3,True,unguided
1377,ok,2,True,controversy guided
1378,ok,3,True,controversy guided
1379,ok,4,True,unguided
1380,ok,4,True,unguided
1381,ok,3,True,values guided
1382,ok,3,True,unguided
1383,ok,3,True,controversy guided
1384,ok,4,True,values guided
1385,ok,4,True,values guided
1386,ok,3,False,controversy guided
1387,ok,4,False,values guided
1388,ok,3,True,controversy guided
1389,ok,4,True,unguided
1390,ok,3,True,values guided
1391,ok,3,True,unguided
1392,ok,3,True,unguided
1393,ok,4,True,unguided
1394,ok,3,True,controversy guided
1395,ok,3,True,unguided
1396,ok,4,True,unguided
1397,ok,4,True,values guided
1398,ok,4,True,values guided
1399,ok,3,True,controversy guided
1400,ok,4,True,controversy guided
1401,ok,3,True,unguided
1402,ok,3,True,values guided
1403,ok,4,True,unguided
1404,ok,4,True,controversy guided
1405,ok,4,True,values guided
1406,ok,3,True,unguided
1407,ok,3,True,controversy guided
1408,ok,3,True,unguided
1409,ok,3,True,unguided
1410,ok,3,True,unguided
1411,ok,4,True,controversy guided
1412,ok,4,False,values guided
1413,ok,4,True,controversy guided
1414,ok,3,True,unguided
1415,ok,3,True,unguided
1416,ok,4,True,controversy guided
1417,ok,4,True,values guided
1418,ok,4,True,values guided
1419,ok,4,True,unguided
1420,ok,3,True,unguided
1421,ok,4,True,unguided
1422,ok,4,True,unguided
1423,ok,3,True,values guided
1424,ok,3,True,controversy guided
1425,ok,4,True,values guided
1426,ok,4,True,controversy guided
1427,ok,4,True,controversy guided
1428,ok,4,True,unguided
1429,ok,4,True,values guided
1430,ok,3,True,values guided
1431,ok,4,False,controversy guided
1432,ok,3,True,unguided
1433,ok,4,True,unguided
1434,ok,4,True,values guided
1435,ok,4,True,controversy guided
1436,ok,4,True,controversy guided
1437,ok,4,True,values guided
1438,ok,4,True,values guided
1439,ok,4,True,controversy guided
1440,ok,4,True,controversy guided
1441,ok,4,True,unguided
1442,ok,2,True,controversy guided
1443,ok,3,True,values guided
1444,ok,4,True,controversy guided
1445,ok,3,True,controversy guided
1446,ok,4,True,controversy guided
1447,ok,3,True,unguided
1448,ok,3,True,unguided
1449,ok,3,True,values guided
1450,ok,4,True,unguided
1451,ok,4,False,controversy guided
1452,ok,4,True,values guided
1453,ok,4,True,unguided
1454,ok,4,True,unguided
1455,ok,4,True,unguided
1456,ok,2,True,controversy guided
1457,ok,4,True,unguided
1458,ok,2,True,controversy guided
1459,ok,4,True,unguided
1460,ok,4,True,controversy guided
1461,ok,4,True,controversy guided
1462,ok,4,True,controversy guided
1463,ok,4,True,unguided
1464,ok,4,True,values guided
1465,ok,4,True,controversy guided
1466,ok,4,True,controversy guided
1467,ok,4,True,values guided
1468,ok,4,True,values guided
1469,ok,4,True,unguided
1470,ok,3,True,unguided
1471,ok,3,True,unguided
1472,ok,4,True,values guided
1473,ok,4,True,values guided
1474,ok,4,True,unguided
1475,ok,4,True,values guided
1476,ok,4,True,controversy guided
1477,ok,4,True,values guided
1478,ok,4,True,unguided
1479,ok,3,True,unguided
1480,ok,4,True,values guided
1481,ok,3,True,values guided
1482,ok,3,True,controversy guided
1483,ok,3,True,values guided
1484,ok,4,True,controversy guided
1485,ok,2,True,controversy guided
1486,ok,3,True,values guided
1487,ok,4,True,unguided
1488,ok,4,True,controversy guided
1489,ok,4,True,values guided
1490,ok,4,True,values guided
1491,ok,4,True,unguided
1492,ok,3,True,unguided
1493,ok,3,True,controversy guided
1494,ok,4,True,controversy guided
1495,ok,4,True,controversy guided
1496,ok,3,True,controversy guided
1497,ok,4,True,unguided
1498,ok,4,True,controversy guided
1499,ok,3,True,unguided
1500,ok,3,True,controversy guided
1501,ok,4,False,unguided
1502,ok,4,False,unguided
1503,ok,3,True,controversy guided
1504,ok,4,True,values guided
1505,ok,3,True,values guided
1506,ok,4,True,values guided
1507,ok,4,True,values guided
1508,ok,3,True,values guided
1509,ok,3,True,unguided
1510,ok,4,True,unguided
1511,ok,4,True,values guided
1512,ok,4,True,controversy guided
1513,ok,3,True,values guided
1514,ok,4,True,controversy guided
1515,ok,3,True,values guided
1516,ok,3,True,unguided
1517,ok,3,True,unguided
1518,ok,3,True,unguided
1519,ok,4,True,unguided
1520,ok,3,True,values guided
1521,ok,4,True,unguided
1522,ok,4,True,values guided
1523,ok,3,True,values guided
1524,ok,4,True,controversy guided
1525,ok,3,True,unguided
1526,ok,3,True,values guided
1527,ok,4,True,values guided
1528,ok,4,True,controversy guided
1529,ok,3,True,unguided
1530,ok,4,True,controversy guided
1531,ok,4,True,controversy guided
1532,ok,2,True,controversy guided
1533,ok,4,True,unguided
1534,ok,3,True,unguided
1535,ok,4,True,values guided
1536,ok,3,True,values guided
1537,ok,4,True,values guided
1538,ok,4,True,controversy guided
1539,ok,3,True,values guided
1540,ok,4,True,controversy guided
1541,ok,4,True,values guided
1542,ok,4,True,unguided
1543,ok,4,True,unguided
1544,ok,3,True,unguided
1545,ok,4,True,controversy guided
1546,ok,3,True,controversy guided
1547,ok,4,True,values guided
1548,ok,4,True,controversy guided
1549,ok,4,True,values guided
1550,ok,3,True,unguided
1551,ok,2,True,controversy guided
1552,ok,4,True,unguided
1553,ok,3,True,unguided
1554,ok,4,True,controversy guided
1555,ok,4,True,values guided
1556,ok,4,True,values guided
1557,ok,4,True,unguided
1558,ok,4,False,unguided
1559,ok,4,True,values guided
1560,ok,4,True,unguided
1561,ok,3,True,unguided
1562,ok,4,True,values guided
1563,ok,4,True,values guided
1564,ok,4,True,controversy guided
1565,ok,4,True,values guided
1566,ok,4,True,controversy guided
1567,ok,3,True,values guided
1568,ok,3,True,values guided
1569,ok,3,True,controversy guided
1570,ok,4,True,values guided
1571,ok,4,True,unguided
1572,ok,4,True,values guided
1573,ok,4,True,unguided
1574,ok,4,False,controversy guided
1575,ok,4,True,values guided
1576,ok,3,True,unguided
1577,ok,4,True,unguided
1578,ok,3,False,values guided
1579,ok,4,True,values guided
1580,ok,3,True,controversy guided
1581,ok,4,True,values guided
1582,ok,4,True,controversy guided
1583,ok,4,True,unguided
1584,ok,4,True,controversy guided
1585,ok,4,True,values guided
1586,ok,4,True,values guided
1587,ok,4,True,values guided
1588,ok,3,True,values guided
1589,ok,4,True,controversy guided
1590,ok,4,True,unguided
1591,ok,3,True,unguided
1592,ok,4,True,unguided
1593,ok,4,True,controversy guided
1594,ok,4,True,unguided
1595,ok,3,True,values guided
1596,ok,4,True,controversy guided
1597,ok,3,True,unguided
1598,ok,4,True,controversy guided
1599,ok,4,True,values guided
1600,ok,3,True,values guided
1601,ok,3,True,values guided
1602,ok,4,False,unguided
1603,ok,4,True,controversy guided
1604,ok,4,True,values guided
1605,ok,3,True,controversy guided
1606,ok,4,True,values guided
1607,ok,4,True,controversy guided
1608,ok,4,True,values guided
1609,ok,4,True,values guided
1610,ok,3,True,controversy guided
1611,ok,4,True,controversy guided
1612,ok,3,True,controversy guided
1613,ok,3,False,values guided
1614,ok,4,True,controversy guided
1615,ok,4,True,values guided
1616,ok,3,True,controversy guided
1617,ok,4,True,controversy guided
1618,ok,3,True,values guided
1619,ok,4,False,controversy guided
1620,ok,3,True,unguided
1621,ok,4,True,unguided
1622,ok,4,True,controversy guided
1623,ok,4,True,controversy guided
1624,ok,3,True,controversy guided
1625,ok,4,True,values guided
1626,ok,4,True,controversy guided
1627,ok,4,False,values guided
1628,ok,3,True,controversy guided
1629,ok,3,True,controversy guided
1630,ok,3,True,controversy guided
1631,ok,4,True,controversy guided
1632,ok,4,True,values guided
1633,ok,4,True,controversy guided
1634,ok,4,True,controversy guided
1635,ok,3,True,values guided
1636,ok,4,True,controversy guided
1637,ok,3,True,unguided
1638,too_few_models,1,,
1639,ok,3,True,unguided
1640,ok,4,True,values guided
1641,ok,4,False,unguided
1642,ok,4,True,unguided
1643,ok,4,True,unguided
1644,ok,4,True,unguided
1645,ok,4,True,controversy guided
1646,ok,4,True,values guided
1647,ok,3,False,values guided
1648,ok,4,True,unguided
1649,ok,4,True,values guided
1650,ok,4,True,unguided
1651,ok,4,True,controversy guided
1652,ok,4,True,unguided
1653,ok,4,True,controversy guided
1654,ok,4,True,unguided
1655,ok,4,True,controversy guided
1656,ok,3,True,values guided
1657,ok,4,True,values guided
1658,ok,4,True,values guided
1659,ok,3,True,unguided
1660,ok,4,False,unguided
1661,ok,4,True,unguided
1662,ok,4,True,values guided
1663,ok,4,True,unguided
1664,ok,4,True,unguided
1665,ok,4,True,unguided
1666,ok,4,False,controversy guided
1667,ok,4,True,values guided
1668,ok,4,False,unguided
1669,ok,4,True,controversy guided
1670,ok,3,True,values guided
1671,ok,3,True,controversy guided
1672,ok,3,True,values guided
1673,ok,4,False,unguided
1674,ok,4,True,unguided
1675,ok,4,True,unguided
1676,ok,2,True,values guided
1677,ok,4,True,unguided
1678,ok,3,True,unguided
1679,ok,4,True,values guided
1680,ok,4,True,unguided
1681,ok,4,True,unguided
1682,ok,3,True,controversy guided
1683,ok,3,True,controversy guided
1684,ok,4,True,values guided
1685,ok,4,True,values guided
1686,ok,3,True,values guided
1687,ok,4,True,unguided
1688,ok,4,True,unguided
1689,ok,4,True,values guided
1690,ok,2,True,controversy guided
1691,ok,4,True,controversy guided
1692,ok,3,True,controversy guided
1693,ok,4,True,controversy guided
1694,ok,4,True,controversy guided
1695,ok,4,True,controversy guided
1696,ok,4,True,controversy guided
1697,ok,3,True,unguided
1698,ok,4,True,values guided
1699,ok,4,True,values guided
1700,ok,4,True,controversy guided
1701,ok,4,True,values guided
1702,ok,4,True,controversy guided
1703,ok,4,True,controversy guided
1704,ok,4,True,unguided
1705,ok,3,True,controversy guided
1706,ok,4,True,unguided
1707,ok,3,True,values guided
1708,ok,4,True,values guided
1709,ok,4,True,controversy guided
1710,ok,4,True,values guided
1711,ok,4,True,unguided
1712,ok,4,True,controversy guided
1713,ok,4,True,unguided
1714,ok,4,True,values guided
1715,ok,4,True,controversy guided
1716,ok,3,True,unguided
1717,ok,4,True,controversy guided
1718,ok,4,True,unguided
1719,ok,4,True,unguided
1720,ok,4,True,values guided
1721,ok,3,True,unguided
1722,ok,3,True,unguided
1723,ok,3,True,unguided
1724,ok,4,True,values guided
1725,ok,4,False,unguided
1726,ok,4,False,values guided
1727,ok,4,True,unguided
1728,ok,2,True,controversy guided
1729,ok,4,True,unguided
1730,ok,4,True,unguided
1731,ok,4,True,unguided
1732,ok,4,True,controversy guided
1733,ok,4,True,controversy guided
1734,ok,4,False,values guided
1735,ok,3,False,controversy guided
1736,ok,4,True,values guided
1737,ok,4,True,unguided
1738,ok,4,True,unguided
1739,ok,4,True,controversy guided
1740,ok,3,True,controversy guided
1741,ok,4,True,unguided
1742,ok,4,True,values guided
1743,ok,4,False,unguided
1744,ok,4,True,controversy guided
1745,ok,4,True,unguided
1746,ok,4,True,values guided
1747,ok,4,True,controversy guided
1748,ok,4,True,unguided
1749,ok,4,True,unguided
1750,ok,4,True,values guided
1751,ok,4,True,values guided
1752,ok,4,True,unguided
1753,ok,3,True,unguided
1754,ok,4,True,values guided
1755,ok,4,True,unguided
1756,ok,4,True,values guided
1757,ok,4,True,values guided
1758,ok,3,True,unguided
1759,ok,3,True,controversy guided
1760,ok,4,True,unguided
1761,ok,4,True,controversy guided
1762,ok,4,True,unguided
1763,ok,3,False,controversy guided
1764,ok,4,True,unguided
1765,ok,4,True,unguided
1766,ok,4,True,values guided
1767,ok,4,True,unguided
1768,ok,3,True,values guided
1769,ok,3,False,unguided
1770,ok,4,True,values guided
1771,ok,4,True,controversy guided
1772,ok,3,True,controversy guided
1773,ok,4,True,unguided
1774,ok,4,True,unguided
1775,ok,4,True,values guided
1776,ok,4,True,controversy guided
1777,ok,3,True,unguided
1778,ok,4,True,controversy guided
1779,ok,4,True,controversy guided
1780,ok,3,True,unguided
1781,ok,4,True,controversy guided
1782,ok,4,True,unguided
1783,ok,3,True,unguided
1784,ok,4,True,unguided
1785,ok,4,True,unguided
1786,ok,4,True,values guided
1787,ok,4,False,unguided
1788,ok,4,True,unguided
1789,ok,4,False,unguided
1790,ok,4,True,values guided
1791,ok,3,True,controversy guided
1792,ok,4,True,values guided
1793,ok,3,True,values guided
1794,ok,3,True,unguided
1795,ok,3,True,values guided
1796,ok,4,True,values guided
1797,ok,4,True,unguided
1798,ok,4,True,values guided
1799,ok,4,True,controversy guided
1800,ok,4,True,unguided
1801,ok,4,False,controversy guided
1802,ok,3,True,values guided
1803,ok,4,True,values guided
1804,ok,4,True,values guided
1805,ok,3,True,unguided
1806,ok,3,True,controversy guided
1807,ok,4,True,unguided
1808,ok,3,True,values guided
1809,ok,4,True,values guided
1810,ok,4,True,values guided
1811,ok,4,True,controversy guided
1812,ok,4,True,controversy guided
1813,ok,4,True,unguided
1814,ok,4,True,values guided
1815,ok,4,True,unguided
1816,ok,4,True,unguided
1817,ok,4,True,controversy guided
1818,ok,4,True,controversy guided
1819,ok,4,True,unguided
1820,ok,4,True,values guided
1821,ok,4,True,values guided
1822,ok,4,True,unguided
1823,ok,4,True,values guided
1824,ok,4,False,unguided
1825,ok,3,True,controversy guided
1826,ok,4,True,controversy guided
1827,ok,4,True,controversy guided
1828,ok,3,True,values guided
1829,ok,4,True,values guided
1830,ok,4,True,values guided
1831,ok,4,True,values guided
1832,ok,3,True,values guided
1833,ok,3,True,unguided
1834,ok,4,True,unguided
1835,ok,4,False,unguided
1836,ok,4,True,unguided
1837,ok,2,True,unguided
1838,ok,4,True,unguided
1839,ok,4,True,unguided
1840,ok,3,True,values guided
1841,ok,4,True,unguided
1842,ok,3,True,values guided
1843,ok,4,True,unguided
1844,ok,3,True,controversy guided
1845,ok,3,True,values guided
1846,ok,4,True,controversy guided
1847,ok,4,True,unguided
1848,ok,4,True,unguided
1849,ok,4,True,unguided
1850,ok,4,True,controversy guided
1851,ok,2,True,unguided
1852,ok,4,True,controversy guided
1853,ok,4,True,values guided
1854,ok,4,True,unguided
1855,ok,4,False,values guided
1856,ok,4,True,controversy guided
1857,ok,4,True,unguided
1858,ok,3,True,unguided
1859,ok,4,True,controversy guided
1860,ok,3,True,unguided
1861,ok,4,True,values guided
1862,ok,3,True,values guided
1863,ok,4,True,unguided
1864,ok,4,True,values guided
1865,ok,4,True,values guided
1866,ok,3,True,values guided
1867,ok,3,True,unguided
1868,ok,4,True,controversy guided
1869,ok,4,True,unguided
1870,ok,3,True,unguided
1871,ok,4,True,controversy guided
1872,ok,4,True,controversy guided
1873,ok,4,True,controversy guided
1874,ok,4,False,controversy guided
1875,ok,4,True,controversy guided
1876,ok,3,True,controversy guided
1877,ok,3,True,values guided
1878,ok,4,True,unguided
1879,ok,3,True,unguided
1880,ok,4,True,unguided
1881,ok,4,True,controversy guided
1882,ok,4,False,controversy guided
1883,ok,4,True,unguided
1884,ok,4,True,unguided
1885,ok,3,True,controversy guided
1886,ok,4,True,unguided
1887,ok,3,True,unguided
1888,ok,4,True,unguided
1889,ok,4,True,unguided
1890,ok,4,True,values guided
1891,ok,3,True,unguided
1892,ok,4,True,controversy guided
1893,ok,4,True,unguided
1894,ok,3,True,controversy guided
1895,ok,4,True,controversy guided
1896,ok,3,False,unguided
1897,ok,4,True,values guided
1898,ok,4,True,unguided
1899,ok,4,True,unguided
1900,ok,3,True,values guided
1901,ok,4,True,unguided
1902,ok,4,True,controversy guided
1903,ok,3,True,controversy guided
1904,ok,4,True,unguided
1905,ok,4,True,controversy guided
1906,ok,4,True,values guided
1907,ok,4,True,unguided
1908,ok,3,True,unguided
1909,ok,3,True,controversy guided
1910,ok,4,False,controversy guided
1911,ok,4,True,controversy guided
1912,ok,4,True,values guided
1913,ok,4,True,unguided
1914,ok,4,True,values guided
1915,ok,4,True,unguided
1916,ok,4,True,unguided
1917,ok,4,True,controversy guided
1918,ok,3,True,unguided
1919,ok,4,True,values guided
1920,ok,4,True,unguided
1921,ok,4,True,values guided
1922,ok,3,True,unguided
1923,ok,4,True,values guided
1924,ok,4,True,values guided
1925,ok,4,True,unguided
1926,ok,4,True,controversy guided
1927,ok,3,True,unguided
1928,ok,3,True,values guided
1929,ok,4,True,values guided
1930,ok,4,True,unguided
1931,ok,4,True,unguided
1932,ok,4,True,values guided
1933,ok,4,True,controversy guided
1934,ok,2,True,unguided
1935,ok,3,True,controversy guided
1936,ok,3,True,values guided
1937,ok,4,True,controversy guided
1938,ok,3,True,values guided
1939,ok,4,True,values guided
1940,ok,3,True,unguided
1941,ok,4,True,values guided
1942,ok,4,True,values guided
1943,ok,3,True,values guided
1944,ok,4,True,controversy guided
1945,ok,4,True,unguided
1946,ok,4,True,values guided
1947,ok,3,True,unguided
1948,ok,4,True,unguided
1949,ok,4,True,controversy guided
1950,ok,4,True,values guided
1951,ok,4,True,values guided
1952,ok,3,True,unguided
1953,ok,4,True,controversy guided
1954,ok,4,True,controversy guided
1955,ok,4,True,unguided
1956,ok,4,True,unguided
1957,ok,4,True,values guided
1958,ok,4,True,unguided
1959,ok,3,True,unguided
1960,ok,4,True,unguided
1961,ok,4,True,values guided
1962,ok,3,True,controversy guided
1963,ok,3,True,values guided
1964,ok,4,True,unguided
1965,ok,3,True,unguided
1966,ok,4,True,controversy guided
1967,ok,4,True,values guided
1968,ok,4,True,unguided
1969,ok,3,True,controversy guided
1970,ok,3,True,unguided
1971,ok,4,True,unguided
1972,ok,4,True,unguided
1973,ok,4,True,unguided
1974,ok,4,True,values guided
1975,ok,4,True,unguided
1976,ok,4,True,unguided
1977,ok,4,True,controversy guided
1978,ok,3,True,unguided
1979,ok,4,True,unguided
1980,ok,4,True,controversy guided
1981,ok,4,True,controversy guided
1982,ok,4,True,controversy guided
1983,ok,4,True,values guided
1984,ok,4,True,controversy guided
1985,ok,4,True,values guided
1986,ok,4,True,values guided
1987,ok,4,True,controversy guided
1988,ok,4,True,unguided
1989,ok,4,True,controversy guided
1990,ok,4,True,controversy guided
1991,ok,4,True,values guided
1992,ok,4,True,controversy guided
1993,ok,4,True,values guided
1994,ok,4,True,controversy guided
1995,ok,4,True,values guided
1996,ok,4,True,values guided
1997,ok,4,True,controversy guided
1998,ok,4,True,unguided
1999,ok,3,True,controversy guided
2000,ok,4,True,controversy guided
2001,ok,4,True,unguided
2002,ok,4,True,values guided
2003,ok,4,True,controversy guided
2004,ok,4,True,values guided
2005,ok,4,True,unguided
2006,ok,4,True,values guided
2007,ok,4,True,controversy guided
2008,ok,4,True,values guided
2009,ok,3,True,controversy guided
2010,ok,4,True,unguided
2011,ok,4,True,controversy guided
2012,ok,4,True,unguided
2013,ok,3,True,unguided
2014,ok,4,True,unguided
2015,ok,3,True,unguided
2016,ok,4,True,unguided
2017,ok,4,True,unguided
2018,ok,4,True,values guided
2019,ok,4,True,controversy guided
2020,ok,4,True,unguided
2021,ok,4,True,values guided
2022,ok,4,True,values guided
2023,ok,4,True,values guided
2024,ok,3,True,values guided
2025,ok,3,True,values guided
2026,ok,3,True,values guided
2027,ok,4,True,values guided
2028,ok,4,True,controversy guided
2029,ok,4,True,values guided
2030,ok,3,True,controversy guided
2031,ok,4,True,unguided
2032,ok,4,True,values guided
2033,ok,3,False,controversy guided
2034,ok,4,True,values guided
2035,ok,4,True,values guided
2036,ok,3,True,controversy guided
2037,ok,4,True,controversy guided
2038,ok,3,True,values guided
2039,ok,3,True,unguided
2040,ok,3,True,unguided
2041,ok,3,True,unguided
2042,ok,4,True,controversy guided
2043,ok,4,True,values guided
2044,ok,3,True,values guided
2045,ok,4,True,values guided
2046,ok,4,True,controversy guided
2047,ok,3,True,controversy guided
2048,ok,4,True,unguided
2049,ok,3,True,values guided
2050,ok,4,True,controversy guided
2051,ok,4,True,controversy guided
2052,ok,4,True,controversy guided
2053,ok,4,True,unguided
2054,ok,4,True,controversy guided
2055,ok,3,True,controversy guided
2056,ok,3,True,controversy guided
2057,ok,3,True,controversy guided
2058,ok,4,True,values guided
2059,ok,4,True,values guided
2060,ok,4,True,values guided
2061,ok,4,True,unguided
2062,ok,3,True,values guided
2063,ok,4,False,unguided
2064,ok,4,True,unguided
2065,ok,4,True,controversy guided
2066,ok,3,True,controversy guided
2067,ok,4,True,values guided
2068,ok,4,True,values guided
2069,ok,4,True,controversy guided
2070,ok,4,True,controversy guided
2071,ok,4,True,values guided
2072,ok,3,True,values guided
2073,ok,4,True,unguided
2074,ok,4,True,controversy guided
2075,ok,4,True,controversy guided
2076,ok,4,True,unguided
2077,ok,4,False,controversy guided
2078,ok,4,True,controversy guided
2079,ok,4,True,unguided
2080,ok,3,False,controversy guided
2081,ok,4,True,unguided
2082,ok,3,True,controversy guided
2083,ok,3,True,unguided
2084,ok,4,True,values guided
2085,ok,3,True,values guided
2086,ok,4,True,controversy guided
2087,ok,4,True,values guided
2088,ok,3,True,values guided
2089,ok,4,True,controversy guided
2090,ok,3,True,values guided
2091,ok,2,True,unguided
2092,ok,4,True,controversy guided
2093,ok,4,True,controversy guided
2094,ok,4,True,controversy guided
2095,ok,3,True,controversy guided
2096,ok,3,True,controversy guided
2097,ok,4,True,controversy guided
2098,ok,3,True,values guided
2099,ok,4,True,controversy guided
2100,ok,3,True,values guided
2101,ok,4,True,unguided
2102,ok,3,True,controversy guided
2103,ok,4,True,unguided
2104,ok,3,True,controversy guided
2105,ok,4,True,values guided
2106,ok,3,True,unguided
2107,ok,4,True,controversy guided
2108,ok,4,True,unguided
2109,ok,4,False,unguided
2110,too_few_models,1,,
2111,ok,3,True,unguided
2112,ok,3,True,values guided
2113,ok,4,True,unguided
2114,ok,4,True,values guided
2115,ok,3,True,values guided
2116,ok,3,True,unguided
2117,ok,4,True,unguided
2118,ok,3,True,controversy guided
2119,ok,4,True,controversy guided
2120,ok,3,True,unguided
2121,ok,2,True,unguided
2122,ok,4,True,unguided
2123,ok,4,True,values guided
2124,ok,4,True,controversy guided
2125,ok,3,True,controversy guided
2126,ok,4,True,controversy guided
2127,ok,4,True,unguided
2128,ok,4,True,unguided
2129,ok,4,True,unguided
2130,ok,4,True,unguided
2131,ok,4,True,values guided
2132,ok,3,True,values guided
2133,ok,4,True,controversy guided
2134,ok,4,True,values guided
2135,ok,4,True,values guided
2136,ok,4,True,controversy guided
2137,ok,4,True,unguided
2138,ok,3,True,controversy guided
2139,ok,3,True,controversy guided
2140,ok,4,True,values guided
2141,ok,4,True,unguided
2142,too_few_models,1,,
2143,ok,2,True,controversy guided
2144,ok,3,True,unguided
2145,ok,4,True,unguided
2146,ok,4,True,unguided
2147,ok,4,True,values guided
2148,ok,3,True,values guided
2149,ok,4,True,values guided
2150,ok,4,True,controversy guided
2151,ok,4,True,controversy guided
2152,ok,3,True,controversy guided
2153,ok,4,True,unguided
2154,ok,4,True,values guided
2155,ok,4,True,unguided
2156,ok,4,True,unguided
2157,ok,4,True,values guided
2158,ok,4,True,controversy guided
2159,ok,4,True,values guided
2160,ok,3,True,unguided
2161,ok,4,True,unguided
2162,ok,3,True,controversy guided
2163,ok,4,True,values guided
2164,ok,4,True,unguided
2165,ok,4,True,unguided
2166,ok,4,True,values guided
2167,ok,4,True,unguided
2168,ok,2,True,controversy guided
2169,ok,4,True,controversy guided
2170,ok,4,True,unguided
2171,ok,4,True,values guided
2172,ok,3,True,unguided
2173,ok,3,True,unguided
2174,ok,4,True,values guided
2175,ok,4,True,unguided
2176,ok,3,True,controversy guided
2177,ok,4,True,unguided
2178,ok,4,False,unguided
2179,ok,3,True,values guided
2180,ok,4,True,values guided
2181,ok,4,True,values guided
2182,ok,4,True,values guided
2183,ok,4,True,unguided
2184,ok,4,True,values guided
2185,ok,4,True,values guided
2186,ok,3,True,controversy guided
2187,ok,3,True,controversy guided
2188,ok,4,True,controversy guided
2189,ok,4,True,controversy guided
2190,ok,4,True,controversy guided
2191,ok,4,True,controversy guided
2192,ok,3,True,values guided
2193,ok,4,True,controversy guided
2194,ok,3,True,unguided
2195,ok,4,True,values guided
2196,ok,4,True,controversy guided
2197,ok,4,True,controversy guided
2198,ok,4,True,controversy guided
2199,ok,4,True,unguided
2200,ok,4,True,values guided
2201,ok,3,True,values guided
2202,ok,3,True,unguided
2203,ok,4,True,unguided
2204,ok,4,True,controversy guided
2205,ok,4,True,unguided
2206,ok,4,True,controversy guided
2207,ok,4,True,values guided
2208,ok,3,True,controversy guided
2209,ok,4,True,values guided
2210,ok,3,True,values guided
2211,ok,4,True,controversy guided
2212,ok,4,True,unguided
2213,ok,4,True,controversy guided
2214,ok,4,True,unguided
2215,ok,4,True,controversy guided
2216,ok,4,True,values guided
2217,ok,4,True,unguided
2218,ok,4,True,values guided
2219,ok,4,True,unguided
2220,ok,3,True,unguided
2221,ok,4,True,controversy guided
2222,ok,4,True,values guided
2223,ok,4,True,values guided
2224,ok,4,True,controversy guided
2225,ok,3,True,values guided
2226,ok,3,True,controversy guided
2227,ok,4,True,unguided
2228,ok,4,True,values guided
2229,ok,4,True,controversy guided
2230,ok,3,True,controversy guided
2231,ok,4,True,unguided
2232,ok,4,True,values guided
2233,ok,3,True,controversy guided
2234,ok,4,True,controversy guided
2235,ok,4,True,values guided
2236,ok,3,True,controversy guided
2237,ok,4,True,unguided
2238,ok,4,True,unguided
2239,ok,3,True,unguided
2240,ok,4,True,values guided
2241,ok,4,True,unguided
2242,ok,4,True,unguided
2243,ok,3,True,values guided
2244,ok,3,True,controversy guided
2245,ok,3,True,values guided
2246,ok,4,True,controversy guided
2247,ok,4,True,unguided
2248,ok,4,True,unguided
2249,ok,4,True,values guided
2250,ok,2,True,unguided
2251,ok,4,True,controversy guided
2252,ok,2,True,unguided
2253,ok,4,True,unguided
2254,ok,4,True,controversy guided
2255,ok,4,True,controversy guided
2256,ok,3,True,controversy guided
2257,ok,3,True,values guided
2258,ok,4,True,values guided
2259,ok,4,True,unguided
2260,ok,3,True,controversy guided
2261,ok,4,True,unguided
2262,ok,4,True,unguided
2263,too_few_models,1,,
2264,ok,4,True,values guided
2265,ok,4,True,unguided
2266,ok,3,True,controversy guided
2267,ok,3,True,values guided
2268,ok,4,True,unguided
2269,ok,4,True,unguided
2270,ok,4,True,values guided
2271,ok,3,True,unguided
2272,ok,4,True,unguided
2273,ok,4,True,values guided
2274,ok,3,True,controversy guided
2275,ok,4,True,unguided
2276,ok,3,True,values guided
2277,ok,3,True,controversy guided
2278,ok,4,True,unguided
2279,ok,3,True,controversy guided
2280,ok,4,True,unguided
2281,ok,4,True,controversy guided
2282,ok,4,True,unguided
2283,ok,4,True,values guided
2284,ok,3,True,values guided
2285,ok,4,True,controversy guided
2286,ok,4,True,controversy guided
2287,ok,3,True,unguided
2288,ok,4,False,unguided
2289,ok,4,True,values guided
2290,ok,4,True,unguided
2291,ok,4,False,values guided
2292,ok,4,True,controversy guided
2293,ok,4,True,controversy guided
2294,ok,4,True,unguided
2295,ok,4,True,values guided
2296,ok,3,True,values guided
2297,ok,4,True,controversy guided
2298,ok,4,True,controversy guided
2299,ok,3,True,controversy guided
2300,ok,4,False,values guided
2301,ok,4,True,unguided
2302,ok,4,True,unguided
2303,ok,4,True,unguided
2304,ok,4,True,controversy guided
2305,ok,4,True,values guided
2306,ok,4,True,unguided
2307,ok,4,True,controversy guided
2308,ok,4,True,controversy guided
2309,ok,3,True,unguided
2310,ok,3,True,values guided
2311,ok,4,True,unguided
2312,ok,4,True,unguided
2313,ok,3,True,values guided
2314,ok,4,True,values guided
2315,ok,4,True,controversy guided
2316,ok,3,True,controversy guided
2317,ok,4,True,values guided
2318,ok,3,True,values guided
2319,ok,4,True,values guided
2320,ok,4,True,controversy guided
2321,ok,3,True,controversy guided
2322,ok,4,True,unguided
2323,ok,4,True,unguided
2324,ok,4,True,controversy guided
2325,too_few_models,1,,
2326,ok,4,True,values guided
2327,ok,4,True,controversy guided
2328,ok,3,True,unguided
2329,ok,4,True,controversy guided
2330,ok,4,True,values guided
2331,ok,4,True,unguided
2332,ok,3,True,unguided
2333,ok,4,True,unguided
2334,ok,3,True,unguided
2335,ok,3,False,unguided
2336,ok,3,True,controversy guided
2337,ok,4,True,values guided
2338,ok,4,True,values guided
2339,ok,4,True,values guided
2340,ok,4,True,values guided
2341,ok,4,True,unguided
2342,ok,2,True,unguided
2343,ok,3,True,controversy guided
2344,ok,4,True,controversy guided
2345,ok,3,True,unguided
2346,ok,4,True,unguided
2347,ok,4,True,unguided
2348,ok,4,True,unguided
2349,ok,3,False,values guided
2350,ok,4,True,controversy guided
2351,ok,4,True,controversy guided
2352,ok,4,True,unguided
2353,ok,3,True,unguided
2354,ok,4,True,values guided
2355,ok,3,True,values guided
2356,ok,4,True,controversy guided
2357,ok,4,True,values guided
2358,ok,4,True,unguided
2359,ok,4,True,unguided
2360,ok,4,True,controversy guided
2361,ok,4,True,unguided
2362,ok,4,True,unguided
2363,ok,4,True,unguided
2364,ok,4,True,unguided
2365,ok,4,True,unguided
2366,ok,4,True,unguided
2367,ok,3,True,controversy guided
2368,ok,3,True,unguided
2369,ok,4,True,unguided
2370,ok,4,True,controversy guided
2371,ok,4,True,unguided
2372,ok,4,True,values guided
2373,ok,4,True,values guided
2374,ok,4,True,controversy guided
2375,ok,4,True,unguided
2376,ok,4,False,unguided
2377,ok,4,True,unguided
2378,ok,3,True,unguided
2379,ok,3,True,unguided
2380,ok,4,True,values guided
2381,ok,4,True,unguided
2382,ok,3,True,values guided
2383,ok,4,True,unguided
2384,ok,4,True,unguided
2385,ok,4,True,values guided
2386,ok,4,True,controversy guided
2387,ok,4,True,unguided
2388,ok,3,True,unguided
2389,ok,4,True,unguided
2390,ok,4,True,unguided
2391,ok,4,True,unguided
2392,ok,4,True,unguided
2393,ok,4,True,controversy guided
2394,ok,4,True,controversy guided
2395,ok,4,True,unguided
2396,ok,4,True,unguided
2397,ok,4,True,values guided
2398,ok,4,False,unguided
2399,ok,4,True,unguided
2400,ok,4,True,controversy guided
2401,ok,4,True,unguided
2402,ok,3,True,values guided
2403,ok,4,True,values guided
2404,ok,4,True,unguided
2405,ok,4,True,unguided
2406,ok,2,True,unguided
2407,ok,4,True,unguided
2408,ok,4,True,unguided
2409,ok,4,True,values guided
2410,ok,4,True,unguided
2411,ok,4,True,unguided
2412,ok,4,True,controversy guided
2413,ok,4,True,unguided
2414,ok,4,True,controversy guided
2415,ok,4,True,values guided
2416,ok,3,True,values guided
2417,ok,4,False,unguided
2418,ok,4,True,controversy guided
2419,ok,2,True,unguided
2420,ok,4,True,values guided
2421,ok,4,True,unguided
2422,ok,4,True,unguided
2423,ok,3,True,unguided
2424,ok,4,True,unguided
2425,ok,4,True,unguided
2426,ok,4,True,values guided
2427,ok,4,True,unguided
2428,ok,4,True,values guided
2429,ok,4,True,values guided
2430,ok,3,True,values guided
2431,ok,3,True,values guided
2432,ok,4,True,controversy guided
2433,ok,4,True,unguided
2434,ok,2,True,controversy guided
2435,ok,4,True,values guided
2436,ok,4,True,unguided
2437,ok,3,True,controversy guided
2438,ok,4,True,unguided
2439,ok,3,True,controversy guided
2440,ok,4,True,values guided
2441,ok,4,True,values guided
2442,ok,4,True,values guided
2443,ok,4,True,values guided
2444,ok,3,True,unguided
2445,ok,4,True,unguided
2446,ok,3,True,unguided
2447,ok,3,True,unguided
2448,ok,3,True,unguided
2449,ok,4,True,values guided
2450,ok,3,True,controversy guided
2451,ok,3,True,unguided
2452,ok,3,True,controversy guided
2453,ok,3,True,controversy guided
2454,ok,2,True,values guided
2455,ok,3,True,values guided
2456,ok,3,True,controversy guided
2457,ok,4,True,controversy guided
2458,ok,3,True,values guided
2459,ok,4,True,unguided
2460,ok,4,True,values guided
2461,ok,4,True,controversy guided
2462,ok,4,True,unguided
2463,ok,3,True,unguided
2464,ok,4,True,unguided
2465,ok,4,True,values guided
2466,ok,4,False,controversy guided
2467,ok,4,True,values guided
2468,ok,4,True,unguided
2469,ok,4,True,unguided
2470,ok,4,True,values guided
2471,ok,3,True,controversy guided
2472,ok,3,True,controversy guided
2473,ok,4,True,controversy guided
2474,ok,3,True,values guided
2475,ok,4,True,unguided
2476,ok,4,True,values guided
2477,ok,4,True,controversy guided
2478,ok,4,True,unguided
2479,ok,4,True,controversy guided
2480,ok,3,True,values guided
2481,ok,2,True,values guided
2482,ok,3,True,unguided
2483,ok,4,True,controversy guided
2484,ok,3,True,unguided
2485,ok,2,True,unguided
2486,ok,3,True,controversy guided
2487,ok,4,True,values guided
2488,too_few_models,1,,
2489,ok,3,True,controversy guided
2490,ok,3,True,controversy guided
2491,ok,4,True,unguided
2492,ok,4,False,controversy guided
2493,ok,3,True,unguided
2494,ok,3,True,controversy guided
2495,ok,4,True,unguided
2496,ok,3,True,controversy guided
2497,ok,4,True,values guided
2498,ok,3,True,values guided
2499,ok,4,False,controversy guided
2500,ok,4,True,unguided
2501,ok,4,True,unguided
2502,ok,3,True,values guided
2503,ok,4,True,controversy guided
2504,ok,3,True,controversy guided
2505,ok,3,True,values guided
2506,ok,4,True,controversy guided
2507,ok,4,False,values guided
2508,ok,4,True,unguided
2509,ok,3,True,unguided
2510,ok,4,True,controversy guided
2511,ok,3,True,controversy guided
2512,ok,4,True,controversy guided
2513,ok,4,True,controversy guided
2514,ok,4,True,unguided
2515,ok,3,True,controversy guided
2516,ok,4,True,unguided
2517,ok,3,True,values guided
2518,ok,2,True,controversy guided
2519,ok,2,False,unguided
2520,ok,3,True,controversy guided
2521,ok,3,True,controversy guided
2522,ok,4,True,controversy guided
2523,ok,4,True,unguided
2524,ok,4,True,controversy guided
2525,ok,4,True,unguided
2526,ok,4,True,controversy guided
2527,ok,3,True,unguided
2528,ok,2,True,values guided
2529,ok,4,True,unguided
2530,ok,3,True,values guided
2531,ok,3,True,values guided
2532,ok,3,True,values guided
2533,ok,2,True,unguided
2534,ok,4,True,controversy guided
2535,ok,4,True,controversy guided
2536,too_few_models,1,,
2537,ok,4,True,unguided
2538,ok,2,True,values guided
2539,ok,3,True,unguided
2540,ok,4,True,unguided
2541,ok,3,True,unguided
2542,ok,3,True,unguided
2543,ok,2,True,controversy guided
2544,ok,2,True,values guided
2545,ok,4,True,controversy guided
2546,ok,4,True,values guided
2547,ok,4,True,unguided
2548,too_few_models,1,,
2549,ok,3,True,unguided
2550,ok,3,True,values guided
2551,ok,2,True,values guided
2552,ok,4,True,values guided
2553,ok,2,True,unguided
2554,ok,2,True,unguided
2555,ok,4,True,unguided
2556,ok,3,True,unguided
2557,ok,3,True,unguided
2558,ok,3,True,unguided
2559,ok,3,True,unguided
2560,ok,4,True,values guided
2561,ok,3,True,controversy guided
2562,ok,4,True,controversy guided
2563,ok,3,True,controversy guided
2564,ok,3,True,values guided
2565,ok,3,True,unguided
2566,ok,4,True,unguided
2567,ok,4,True,unguided
2568,ok,4,True,values guided
2569,ok,4,True,values guided
2570,ok,3,True,controversy guided
2571,ok,3,True,values guided
2572,ok,3,True,values guided
2573,ok,4,True,controversy guided
2574,ok,4,True,controversy guided
2575,too_few_models,1,,
2576,ok,4,True,unguided
2577,ok,3,True,controversy guided
2578,ok,3,True,values guided
2579,ok,3,True,unguided
2580,ok,3,True,controversy guided
2581,ok,3,True,controversy guided
2582,ok,4,True,values guided
2583,ok,3,True,unguided
2584,ok,3,True,values guided
2585,ok,2,True,unguided
2586,ok,2,True,unguided
2587,ok,4,True,values guided
2588,ok,4,True,values guided
2589,ok,4,True,controversy guided
2590,ok,3,True,controversy guided
2591,ok,4,True,controversy guided
2592,ok,4,True,unguided
2593,ok,3,True,values guided
2594,ok,4,True,unguided
2595,ok,4,True,values guided
2596,ok,4,True,unguided
2597,ok,4,True,controversy guided
2598,ok,4,True,unguided
2599,ok,4,True,values guided
2600,ok,3,True,controversy guided
2601,ok,3,True,values guided
2602,ok,3,True,values guided
2603,ok,3,True,values guided
2604,ok,4,True,unguided
2605,ok,4,True,controversy guided
2606,ok,4,True,controversy guided
2607,ok,3,True,values guided
2608,ok,4,True,controversy guided
2609,ok,4,True,unguided
2610,ok,3,True,controversy guided
2611,ok,4,True,unguided
2612,ok,3,True,unguided
2613,ok,4,True,values guided
2614,ok,4,True,unguided
2615,ok,4,True,controversy guided
2616,ok,4,True,controversy guided
2617,ok,3,True,values guided
2618,ok,4,True,values guided
2619,ok,3,True,unguided
2620,ok,3,True,controversy guided
2621,ok,4,True,values guided
2622,ok,4,True,unguided
2623,ok,4,True,controversy guided
2624,ok,4,True,unguided
2625,ok,4,True,unguided
2626,ok,4,True,unguided
2627,ok,4,True,unguided
2628,ok,4,True,unguided
2629,ok,3,True,values guided
2630,ok,3,True,values guided
2631,ok,4,True,controversy guided
2632,ok,4,True,values guided
2633,ok,4,True,values guided
2634,ok,4,True,controversy guided
2635,ok,4,True,unguided
2636,ok,4,True,controversy guided
2637,ok,3,True,unguided
2638,ok,3,True,controversy guided
2639,ok,4,True,controversy guided
2640,ok,3,False,values guided
2641,ok,4,True,unguided
2642,ok,4,True,controversy guided
2643,ok,4,True,controversy guided
2644,ok,4,True,values guided
2645,ok,4,True,values guided
2646,ok,4,True,controversy guided
2647,ok,4,False,controversy guided
2648,ok,4,True,values guided
2649,ok,3,True,values guided
2650,ok,3,True,unguided
2651,ok,4,True,values guided
2652,ok,3,True,controversy guided
2653,ok,4,True,unguided
2654,ok,4,True,unguided
2655,ok,4,True,values guided
2656,ok,3,False,values guided
2657,ok,3,True,controversy guided
2658,ok,4,False,controversy guided
2659,ok,3,True,unguided
2660,ok,4,True,unguided
2661,ok,3,True,values guided
2662,ok,4,True,values guided
2663,ok,2,True,controversy guided
2664,ok,4,True,controversy guided
2665,ok,4,False,unguided
2666,ok,4,True,values guided
2667,ok,3,True,unguided
2668,ok,4,True,controversy guided
2669,ok,4,True,controversy guided
2670,ok,3,True,values guided
2671,ok,4,True,controversy guided
2672,ok,4,True,values guided
2673,ok,4,True,unguided
2674,ok,4,True,controversy guided
2675,ok,4,True,controversy guided
2676,ok,4,True,unguided
2677,ok,4,True,controversy guided
2678,ok,3,True,unguided
2679,ok,4,False,unguided
2680,ok,4,False,unguided
2681,ok,4,True,unguided
2682,ok,4,False,unguided
2683,ok,3,True,unguided
2684,ok,4,True,values guided
2685,ok,3,True,values guided
2686,ok,4,True,values guided
2687,ok,4,True,controversy guided
2688,ok,4,True,unguided
2689,ok,4,False,unguided
2690,ok,4,True,values guided
2691,ok,3,True,unguided
2692,ok,3,True,unguided
2693,ok,4,True,unguided
2694,ok,4,True,values guided
2695,ok,4,True,controversy guided
2696,ok,4,True,values guided
2697,ok,4,True,unguided
2698,ok,4,True,values guided
2699,ok,4,True,controversy guided
2700,ok,3,True,values guided
2701,ok,4,True,values guided
2702,ok,4,True,values guided
2703,ok,3,True,unguided
2704,ok,4,True,unguided
2705,ok,3,True,values guided
2706,ok,4,True,unguided
2707,ok,4,True,unguided
2708,ok,3,True,controversy guided
2709,ok,4,True,unguided
2710,ok,4,True,unguided
2711,ok,3,True,controversy guided
2712,ok,4,True,values guided
2713,ok,4,True,unguided
2714,ok,4,True,values guided
2715,ok,3,True,controversy guided
2716,ok,3,True,controversy guided
2717,ok,3,True,controversy guided
2718,ok,4,True,unguided
2719,ok,4,True,values guided
2720,ok,4,True,unguided
2721,ok,4,True,unguided
2722,ok,4,True,values guided
2723,ok,3,True,unguided
2724,ok,4,True,unguided
2725,ok,4,False,unguided
2726,ok,3,True,values guided
2727,ok,3,True,unguided
2728,ok,3,True,controversy guided
2729,ok,4,True,values guided
2730,ok,4,False,unguided
2731,ok,3,True,unguided
2732,ok,4,True,controversy guided
2733,ok,4,True,unguided
2734,ok,4,True,unguided
2735,ok,3,True,values guided
2736,ok,4,True,controversy guided
2737,ok,3,True,controversy guided
2738,ok,4,True,values guided
2739,ok,4,True,controversy guided
2740,ok,4,True,unguided
2741,ok,2,True,values guided
2742,ok,4,True,values guided
2743,ok,4,True,unguided
2744,ok,4,True,values guided
2745,ok,4,True,unguided
2746,ok,4,True,controversy guided
2747,ok,4,True,values guided
2748,ok,4,True,values guided
2749,ok,4,True,values guided
2750,ok,3,True,controversy guided
2751,ok,4,True,unguided
2752,ok,3,True,unguided
2753,ok,4,True,controversy guided
2754,ok,4,True,unguided
2755,ok,4,True,values guided
2756,ok,3,True,unguided
2757,ok,4,True,controversy guided
2758,ok,4,True,controversy guided
2759,ok,4,True,controversy guided
2760,ok,4,True,values guided
2761,ok,4,True,unguided
2762,ok,4,True,unguided
2763,ok,4,True,controversy guided
2764,ok,4,True,unguided
2765,ok,4,True,values guided
2766,ok,3,True,controversy guided
2767,ok,3,True,unguided
2768,ok,3,True,controversy guided
2769,ok,3,True,unguided
2770,ok,4,True,unguided
2771,ok,4,True,controversy guided
2772,ok,3,True,controversy guided
2773,ok,4,True,values guided
2774,ok,4,True,values guided
2775,ok,4,True,values guided
2776,ok,4,True,unguided
2777,ok,3,True,controversy guided
2778,ok,3,True,controversy guided
2779,ok,4,True,controversy guided
2780,ok,4,True,values guided
2781,ok,4,True,controversy guided
2782,ok,4,True,unguided
2783,ok,4,True,controversy guided
2784,ok,4,True,unguided
2785,ok,4,True,unguided
2786,ok,4,True,values guided
2787,ok,4,True,values guided
2788,ok,4,True,values guided
2789,ok,4,True,unguided
2790,ok,4,True,controversy guided
2791,ok,4,True,unguided
2792,ok,4,True,unguided
2793,ok,4,True,values guided
2794,ok,4,True,values guided
2795,ok,4,True,values guided
2796,ok,4,True,controversy guided
2797,ok,4,True,values guided
2798,ok,3,True,unguided
2799,ok,4,True,unguided
2800,ok,4,True,unguided
2801,ok,4,True,unguided
2802,ok,3,True,unguided
2803,ok,4,True,controversy guided
2804,ok,4,True,values guided
2805,ok,4,True,unguided
2806,ok,4,True,unguided
2807,ok,3,True,controversy guided
2808,ok,4,True,unguided
2809,ok,3,True,unguided
2810,ok,3,True,controversy guided
2811,ok,4,True,controversy guided
2812,ok,3,True,controversy guided
2813,ok,3,True,values guided
2814,ok,3,True,controversy guided
2815,ok,4,True,values guided
2816,ok,4,True,values guided
2817,ok,4,True,values guided
2818,ok,4,True,values guided
2819,ok,4,True,unguided
2820,ok,3,True,controversy guided
2821,ok,3,True,controversy guided
2822,ok,4,True,controversy guided
2823,ok,4,True,values guided
2824,ok,4,True,unguided
2825,ok,4,True,controversy guided
2826,ok,4,True,values guided
2827,ok,4,True,values guided
2828,ok,3,True,unguided
2829,ok,3,True,values guided
2830,ok,3,True,values guided
2831,ok,3,True,controversy guided
2832,ok,4,True,values guided
2833,ok,3,True,unguided
2834,ok,3,True,values guided
2835,ok,4,True,unguided
2836,ok,4,True,values guided
2837,ok,4,True,values guided
2838,ok,3,True,values guided
2839,ok,4,True,controversy guided
2840,ok,4,True,values guided
2841,ok,3,True,unguided
2842,ok,4,True,values guided
2843,ok,4,True,controversy guided
2844,ok,3,True,controversy guided
2845,ok,4,True,controversy guided
2846,ok,4,True,values guided
2847,ok,4,True,values guided
2848,ok,4,True,values guided
2849,ok,4,True,values guided
2850,ok,4,True,values guided
2851,ok,4,True,unguided
2852,ok,4,True,controversy guided
2853,ok,3,True,controversy guided
2854,ok,3,True,controversy guided
2855,ok,3,True,controversy guided
2856,ok,3,True,unguided
2857,ok,4,True,unguided
2858,ok,3,True,unguided
2859,ok,4,True,controversy guided
2860,ok,4,True,controversy guided
2861,ok,3,True,controversy guided
2862,ok,4,True,values guided
2863,ok,4,True,controversy guided
2864,ok,3,True,controversy guided
2865,ok,4,True,controversy guided
2866,ok,3,True,controversy guided
2867,ok,3,True,values guided
2868,ok,4,True,controversy guided
2869,ok,4,True,unguided
2870,ok,4,True,controversy guided
2871,ok,4,True,values guided
2872,ok,4,True,values guided
2873,ok,4,True,controversy guided
2874,ok,4,True,unguided
2875,ok,3,True,controversy guided
2876,ok,4,True,unguided
2877,ok,4,True,controversy guided
2878,ok,4,True,unguided
2879,ok,4,True,values guided
2880,ok,4,True,unguided
2881,ok,4,True,unguided
2882,ok,4,True,controversy guided
2883,ok,3,True,unguided
2884,ok,4,True,controversy guided
2885,ok,4,True,controversy guided
2886,ok,4,True,values guided
2887,ok,4,True,unguided
2888,ok,4,True,unguided
2889,ok,3,True,controversy guided
2890,ok,4,True,unguided
2891,ok,4,True,controversy guided
2892,ok,4,True,values guided
2893,ok,3,True,controversy guided
2894,ok,4,False,unguided
2895,ok,4,True,values guided
2896,ok,4,True,values guided
2897,ok,4,True,values guided
2898,ok,4,True,values guided
2899,ok,4,True,unguided
2900,ok,4,True,unguided
2901,ok,4,True,unguided
2902,ok,4,True,controversy guided
2903,ok,4,True,controversy guided
2904,ok,4,True,values guided
2905,ok,4,True,unguided
2906,ok,4,True,values guided
2907,ok,3,True,values guided
2908,ok,4,True,unguided
2909,ok,3,True,unguided
2910,ok,4,True,unguided
2911,ok,4,True,unguided
2912,ok,4,True,values guided
2913,ok,3,True,controversy guided
2914,ok,4,True,controversy guided
2915,ok,4,True,values guided
2916,ok,4,True,values guided
2917,ok,4,True,controversy guided
2918,ok,2,True,unguided
2919,ok,4,True,unguided
2920,ok,4,False,controversy guided
2921,ok,4,True,unguided
2922,ok,4,True,values guided
2923,ok,4,True,values guided
2924,ok,4,True,controversy guided
2925,ok,3,True,unguided
2926,ok,4,False,controversy guided
2927,ok,4,True,controversy guided
2928,ok,4,True,values guided
2929,ok,4,True,controversy guided
2930,ok,4,True,values guided
2931,ok,3,True,values guided
2932,ok,3,True,unguided
2933,ok,4,True,unguided
2934,ok,3,True,unguided
2935,ok,3,True,controversy guided
2936,ok,4,True,unguided
2937,ok,4,True,unguided
2938,ok,3,True,controversy guided
2939,ok,4,True,values guided
2940,ok,4,True,unguided
2941,ok,4,False,unguided
2942,ok,4,True,controversy guided
2943,ok,3,True,values guided
2944,ok,4,True,unguided
2945,ok,3,True,controversy guided
2946,ok,3,True,controversy guided
2947,ok,4,True,values guided
2948,ok,3,True,controversy guided
2949,ok,4,True,controversy guided
2950,ok,4,True,values guided
2951,ok,4,True,values guided
2952,ok,4,True,values guided
2953,ok,4,True,controversy guided
2954,ok,4,True,controversy guided
2955,ok,4,True,unguided
2956,ok,4,True,values guided
2957,ok,4,True,values guided
2958,ok,4,True,controversy guided
2959,ok,4,True,values guided
2960,ok,4,True,controversy guided
2961,ok,3,True,controversy guided
2962,ok,4,True,controversy guided
2963,ok,4,True,controversy guided
2964,ok,4,True,unguided
2965,ok,2,True,unguided
2966,ok,3,True,controversy guided
2967,ok,4,True,controversy guided
2968,ok,4,True,values guided
2969,ok,4,True,values guided
2970,ok,4,True,unguided
2971,ok,3,True,controversy guided
2972,ok,4,True,values guided
2973,ok,3,True,unguided
2974,ok,4,True,values guided
2975,ok,4,True,controversy guided
2976,ok,3,True,unguided
2977,ok,3,True,unguided
2978,ok,3,True,values guided
2979,ok,2,True,values guided
2980,ok,4,True,values guided
2981,ok,3,True,unguided
2982,ok,4,True,unguided
2983,ok,3,True,values guided
2984,ok,4,True,unguided
2985,ok,3,True,values guided
2986,ok,4,True,controversy guided
2987,ok,4,True,controversy guided
2988,ok,4,True,controversy guided
2989,ok,4,True,unguided
2990,ok,3,False,unguided
2991,ok,3,True,controversy guided
2992,ok,4,False,unguided
2993,ok,4,True,unguided
2994,ok,3,True,values guided
2995,ok,4,True,values guided
2996,ok,4,True,unguided
2997,ok,4,True,unguided
2998,ok,2,True,unguided
2999,ok,4,True,values guided
3000,ok,4,True,unguided
3001,ok,2,True,unguided
3002,ok,4,True,controversy guided
3003,ok,4,True,controversy guided
3004,ok,4,False,unguided
3005,ok,4,True,unguided
3006,ok,4,True,unguided
3007,ok,4,True,controversy guided
3008,ok,3,True,unguided
3009,ok,4,True,controversy guided
3010,ok,4,True,unguided
3011,ok,4,True,unguided
3012,ok,3,True,unguided
3013,ok,3,True,unguided
3014,ok,4,True,unguided
3015,ok,4,True,controversy guided
3016,ok,3,True,values guided
3017,ok,3,True,unguided
3018,ok,4,True,values guided
3019,ok,4,True,unguided
3020,ok,4,True,controversy guided
3021,ok,4,True,unguided
3022,ok,4,True,controversy guided
3023,ok,4,True,values guided
3024,ok,3,True,values guided
3025,ok,4,False,unguided
3026,ok,3,True,unguided
3027,ok,4,True,unguided
3028,ok,4,True,unguided
3029,ok,4,True,values guided
3030,ok,3,True,values guided
3031,ok,4,True,unguided
3032,ok,2,True,unguided
3033,ok,4,True,controversy guided
3034,ok,4,True,unguided
3035,ok,4,True,controversy guided
3036,ok,4,True,unguided
3037,ok,4,True,controversy guided
3038,ok,4,True,values guided
3039,ok,4,True,unguided
3040,ok,4,True,values guided
3041,ok,4,True,controversy guided
3042,ok,4,True,controversy guided
3043,ok,3,True,values guided
3044,ok,3,True,unguided
3045,ok,4,False,controversy guided
3046,ok,4,True,controversy guided
3047,ok,4,True,controversy guided
3048,ok,4,True,controversy guided
3049,ok,4,True,unguided
3050,ok,3,True,unguided
3051,ok,4,True,values guided
3052,ok,4,True,values guided
3053,ok,4,True,values guided
3054,ok,4,True,values guided
3055,ok,3,True,unguided
3056,ok,4,True,values guided
3057,ok,3,True,values guided
3058,ok,4,True,controversy guided
3059,ok,3,True,values guided
3060,ok,4,True,values guided
3061,ok,4,True,unguided
3062,ok,4,True,controversy guided
3063,ok,2,True,controversy guided
3064,ok,4,True,values guided
3065,ok,4,True,values guided
3066,ok,4,True,values guided
3067,ok,4,True,controversy guided
3068,ok,4,True,values guided
3069,ok,4,True,values guided
3070,ok,4,True,controversy guided
3071,ok,4,True,values guided
3072,ok,3,True,unguided
3073,ok,4,True,unguided
3074,ok,3,True,controversy guided
3075,ok,3,True,controversy guided
3076,ok,4,True,unguided
3077,ok,4,True,controversy guided
3078,ok,4,True,unguided
3079,ok,2,True,values guided
3080,ok,4,True,unguided
3081,ok,4,True,unguided
3082,ok,3,True,unguided
3083,ok,3,True,unguided
3084,ok,4,True,unguided
3085,ok,4,True,controversy guided
3086,ok,4,True,values guided
3087,ok,4,True,unguided
3088,ok,4,True,values guided
3089,ok,4,True,controversy guided
3090,ok,4,True,values guided
3091,ok,4,True,controversy guided
3092,ok,4,True,controversy guided
3093,ok,3,True,controversy guided
3094,ok,3,True,controversy guided
3095,ok,4,True,values guided
3096,ok,4,True,controversy guided
3097,ok,4,True,values guided
3098,ok,4,True,unguided
3099,ok,4,True,values guided
3100,ok,3,True,values guided
3101,ok,4,True,controversy guided
3102,ok,4,True,unguided
3103,ok,3,True,controversy guided
3104,ok,4,True,unguided
3105,ok,4,True,controversy guided
3106,ok,4,True,unguided
3107,ok,3,True,values guided
3108,ok,4,True,controversy guided
3109,ok,4,True,values guided
3110,ok,4,True,unguided
3111,ok,4,True,values guided
3112,ok,4,True,values guided
3113,ok,4,True,unguided
3114,ok,4,True,controversy guided
3115,ok,4,True,values guided
3116,ok,4,True,values guided
3117,ok,4,True,unguided
3118,ok,4,True,values guided
3119,ok,4,True,controversy guided
3120,ok,4,True,controversy guided
3121,ok,4,True,unguided
3122,ok,4,True,controversy guided
3123,ok,4,True,unguided
3124,ok,4,True,unguided
3125,ok,4,False,controversy guided
3126,ok,4,True,unguided
3127,ok,4,True,unguided
3128,ok,4,True,unguided
3129,ok,4,True,unguided
3130,ok,4,True,values guided
3131,ok,4,True,unguided
3132,ok,3,False,controversy guided
3133,ok,4,True,values guided
3134,ok,3,True,unguided
3135,ok,4,True,controversy guided
3136,ok,3,True,values guided
3137,ok,4,True,unguided
3138,ok,4,True,unguided
3139,ok,4,True,values guided
3140,ok,3,True,unguided
3141,ok,4,True,unguided
3142,ok,4,False,controversy guided
3143,ok,4,True,values guided
3144,ok,3,True,unguided
3145,ok,4,True,values guided
3146,ok,4,True,unguided
3147,ok,4,True,controversy guided
3148,ok,4,True,controversy guided
3149,ok,3,True,values guided
3150,ok,3,True,unguided
3151,ok,4,True,unguided
3152,ok,4,True,controversy guided
3153,ok,3,True,controversy guided
3154,ok,3,True,controversy guided
3155,ok,3,True,values guided
3156,ok,4,True,values guided
3157,ok,3,True,values guided
3158,ok,4,True,controversy guided
3159,ok,3,True,values guided
3160,ok,3,True,values guided
3161,ok,3,True,values guided
3162,ok,3,True,unguided
3163,ok,4,True,controversy guided
3164,ok,4,True,controversy guided
3165,ok,4,True,unguided
3166,ok,3,True,unguided
3167,ok,4,True,unguided
3168,ok,4,True,controversy guided
3169,ok,3,True,unguided
3170,ok,3,True,unguided
3171,ok,3,True,unguided
3172,ok,3,True,controversy guided
3173,ok,3,True,controversy guided
3174,ok,4,True,controversy guided
3175,ok,4,True,unguided
3176,ok,4,True,unguided
3177,ok,4,True,values guided
3178,ok,3,True,controversy guided
3179,ok,4,True,controversy guided
3180,ok,2,True,values guided
3181,ok,4,True,unguided
3182,ok,4,True,unguided
3183,ok,4,True,unguided
3184,ok,4,True,unguided
3185,ok,4,True,unguided
3186,ok,4,True,unguided
3187,ok,4,False,unguided
3188,ok,4,True,values guided
3189,ok,4,True,values guided
3190,ok,4,True,unguided
3191,too_few_models,1,,
3192,ok,3,True,values guided
3193,ok,4,True,unguided
3194,ok,4,True,unguided
3195,ok,3,True,unguided
3196,ok,4,True,controversy guided
3197,ok,4,True,values guided
3198,ok,4,True,unguided
3199,ok,4,True,controversy guided
3200,ok,4,True,unguided
3201,ok,4,True,unguided
3202,ok,3,True,values guided
3203,ok,4,True,controversy guided
3204,ok,4,True,unguided
3205,ok,4,True,unguided
3206,ok,4,True,unguided
3207,ok,4,True,values guided
3208,ok,4,True,unguided
3209,ok,4,True,controversy guided
3210,ok,4,True,unguided
3211,ok,4,True,controversy guided
3212,ok,3,True,unguided
3213,ok,4,True,unguided
3214,ok,4,True,values guided
3215,ok,3,True,unguided
3216,ok,4,True,values guided
3217,ok,4,True,values guided
3218,ok,4,True,values guided
3219,ok,4,True,controversy guided
3220,ok,4,False,unguided
3221,ok,4,True,unguided
3222,ok,4,True,values guided
3223,ok,3,True,controversy guided
3224,ok,3,True,values guided
3225,ok,3,True,values guided
3226,ok,3,True,unguided
3227,ok,4,True,unguided
3228,ok,4,True,controversy guided
3229,ok,4,True,unguided
3230,ok,4,True,values guided
3231,ok,4,True,values guided
3232,ok,3,True,unguided
3233,ok,4,True,unguided
3234,ok,4,True,values guided
3235,ok,3,True,unguided
3236,ok,3,True,unguided
3237,ok,3,True,unguided
3238,ok,4,False,unguided
3239,ok,4,True,controversy guided
3240,ok,3,True,unguided
3241,ok,4,False,unguided
3242,ok,3,True,unguided
3243,ok,3,True,controversy guided
3244,ok,4,True,controversy guided
3245,ok,4,True,controversy guided
3246,ok,3,True,controversy guided
3247,ok,4,True,values guided
3248,ok,4,True,controversy guided
3249,ok,4,True,controversy guided
3250,ok,4,True,values guided
3251,ok,3,True,unguided
3252,ok,4,True,values guided
3253,ok,4,True,values guided
3254,ok,2,True,unguided
3255,ok,4,True,values guided
3256,ok,4,True,values guided
3257,ok,4,True,unguided
3258,ok,4,True,controversy guided
3259,ok,3,True,controversy guided
3260,ok,3,True,values guided
3261,ok,4,True,unguided
3262,ok,4,True,values guided
3263,ok,3,True,controversy guided
3264,ok,2,True,values guided
3265,ok,4,True,controversy guided
3266,ok,2,True,controversy guided
3267,ok,4,True,unguided
3268,ok,4,True,unguided
3269,ok,4,True,controversy guided
3270,ok,4,True,values guided
3271,ok,4,True,values guided
3272,ok,4,False,unguided
3273,ok,4,True,values guided
3274,ok,3,True,controversy guided
3275,ok,2,True,values guided
3276,ok,4,True,unguided
3277,ok,4,True,unguided
3278,ok,4,True,unguided
3279,ok,3,True,values guided
3280,ok,4,True,unguided
3281,ok,3,True,values guided
3282,ok,4,True,controversy guided
3283,ok,4,True,unguided
3284,ok,2,True,unguided
3285,ok,3,True,values guided
3286,ok,3,True,values guided
3287,ok,4,True,values guided
3288,ok,4,True,values guided
3289,ok,4,True,values guided
3290,ok,4,True,controversy guided
3291,ok,4,True,controversy guided
3292,ok,4,True,values guided
3293,ok,4,True,controversy guided
3294,ok,4,True,unguided
3295,ok,3,True,unguided
3296,ok,4,True,unguided
3297,ok,4,True,values guided
3298,ok,4,True,values guided
3299,ok,4,True,unguided
3300,ok,4,True,controversy guided
3301,ok,3,True,unguided
3302,ok,3,False,unguided
3303,ok,4,True,controversy guided
3304,ok,4,True,values guided
3305,ok,4,True,controversy guided
3306,ok,4,True,controversy guided
3307,ok,3,True,values guided
3308,ok,4,True,values guided
3309,ok,4,True,controversy guided
3310,ok,4,True,unguided
3311,ok,4,True,values guided
3312,ok,4,True,controversy guided
3313,ok,4,True,unguided
3314,ok,4,True,values guided
3315,ok,4,True,unguided
3316,ok,3,True,values guided
3317,ok,3,True,values guided
3318,ok,4,True,unguided
3319,ok,4,True,unguided
3320,ok,4,True,controversy guided
3321,ok,4,True,values guided
3322,ok,4,True,values guided
3323,ok,4,True,values guided
3324,ok,4,True,values guided
3325,ok,3,True,values guided
3326,ok,4,True,values guided
3327,ok,4,True,values guided
3328,ok,4,True,controversy guided
3329,ok,4,True,unguided
3330,ok,4,True,unguided
3331,ok,4,True,values guided
3332,ok,2,True,unguided
3333,ok,3,True,controversy guided
3334,ok,4,True,unguided
3335,ok,4,True,controversy guided
3336,ok,4,True,unguided
3337,ok,4,True,unguided
3338,ok,3,False,controversy guided
3339,ok,4,True,unguided
3340,ok,4,True,unguided
3341,ok,4,True,values guided
3342,ok,4,True,unguided
3343,ok,3,True,controversy guided
3344,ok,4,True,controversy guided
3345,ok,3,True,controversy guided
3346,ok,3,True,values guided
3347,ok,4,True,unguided
3348,ok,4,True,controversy guided
3349,ok,4,False,values guided
3350,ok,3,True,values guided
3351,ok,4,True,unguided
3352,ok,4,True,values guided
3353,ok,3,True,controversy guided
3354,ok,3,True,values guided
3355,ok,4,True,values guided
3356,ok,4,True,values guided
3357,ok,4,True,controversy guided
3358,ok,4,True,unguided
3359,ok,4,True,unguided
3360,ok,4,True,controversy guided
3361,ok,4,True,unguided
3362,ok,4,True,values guided
3363,ok,4,True,values guided
3364,ok,3,True,controversy guided
3365,ok,4,True,values guided
3366,ok,4,True,unguided
3367,ok,4,True,controversy guided
3368,ok,4,True,controversy guided
3369,ok,4,True,values guided
3370,ok,4,True,values guided
3371,ok,3,True,values guided
3372,ok,4,True,values guided
3373,ok,4,True,values guided
3374,ok,3,True,values guided
3375,ok,4,True,controversy guided
3376,ok,4,True,unguided
3377,ok,4,True,unguided
3378,ok,3,True,unguided
3379,ok,3,True,controversy guided
3380,ok,3,True,controversy guided
3381,ok,3,True,values guided
3382,ok,4,True,controversy guided
3383,ok,4,True,unguided
3384,ok,3,True,controversy guided
3385,ok,3,True,values guided
3386,ok,4,True,controversy guided
3387,ok,4,True,controversy guided
3388,ok,4,True,unguided
3389,ok,4,False,unguided
3390,ok,4,True,controversy guided
3391,ok,4,True,values guided
3392,ok,3,True,unguided
3393,ok,3,True,controversy guided
3394,ok,4,True,values guided
3395,ok,4,True,unguided
3396,ok,4,True,unguided
3397,ok,4,True,unguided
3398,ok,4,True,values guided
3399,ok,4,True,values guided
3400,ok,4,True,unguided
3401,ok,3,True,controversy guided
3402,ok,3,True,unguided
3403,ok,4,True,controversy guided
3404,ok,4,True,values guided
3405,ok,4,True,unguided
3406,ok,4,True,controversy guided
3407,ok,4,True,unguided
3408,ok,3,True,controversy guided
3409,ok,4,False,controversy guided
3410,ok,3,True,controversy guided
3411,ok,4,True,values guided
3412,ok,3,True,values guided
3413,ok,4,True,unguided
3414,ok,4,True,controversy guided
3415,ok,4,True,controversy guided
3416,ok,3,True,unguided
3417,ok,4,True,controversy guided
3418,ok,4,True,values guided
3419,ok,4,True,controversy guided
3420,ok,4,True,controversy guided
3421,ok,4,True,controversy guided
3422,ok,4,True,controversy guided
3423,ok,4,True,unguided
3424,ok,3,True,unguided
3425,ok,4,True,unguided
3426,ok,3,True,controversy guided
3427,ok,4,True,unguided
3428,ok,4,True,unguided
3429,ok,4,True,controversy guided
3430,ok,4,True,values guided
3431,ok,4,True,controversy guided
3432,ok,4,True,unguided
3433,ok,2,True,values guided
3434,ok,4,True,unguided
3435,ok,3,True,values guided
3436,ok,3,True,unguided
3437,ok,4,True,controversy guided
3438,ok,4,True,unguided
3439,ok,4,True,unguided
3440,ok,4,True,controversy guided
3441,ok,4,True,controversy guided
3442,ok,4,True,controversy guided
3443,ok,4,True,unguided
3444,ok,3,True,controversy guided
3445,ok,4,True,unguided
3446,ok,4,True,unguided
3447,ok,3,False,values guided
3448,ok,4,True,unguided
3449,ok,3,True,values guided
3450,ok,4,True,controversy guided
3451,ok,4,True,values guided
3452,ok,4,True,controversy guided
3453,ok,4,True,unguided
3454,ok,4,True,values guided
3455,ok,3,True,unguided
3456,ok,3,True,controversy guided
3457,ok,4,True,values guided
3458,ok,3,True,unguided
3459,ok,3,True,unguided
3460,ok,4,True,controversy guided
3461,ok,3,True,controversy guided
3462,ok,4,True,controversy guided
3463,ok,4,True,unguided
3464,ok,3,True,values guided
3465,ok,4,True,values guided
3466,ok,4,True,unguided
3467,ok,4,True,controversy guided
3468,ok,3,True,unguided
3469,ok,3,True,controversy guided
3470,ok,3,True,unguided
3471,ok,4,True,controversy guided
3472,ok,4,True,unguided
3473,ok,3,True,values guided
3474,ok,3,True,unguided
3475,ok,4,True,unguided
3476,ok,4,True,values guided
3477,ok,4,True,controversy guided
3478,ok,4,True,unguided
3479,ok,4,True,values guided
3480,ok,4,True,values guided
3481,ok,4,True,controversy guided
3482,ok,3,True,controversy guided
3483,ok,3,True,controversy guided
3484,ok,4,True,unguided
3485,ok,3,True,controversy guided
3486,ok,3,True,unguided
3487,ok,4,True,controversy guided
3488,ok,3,True,unguided
3489,ok,4,True,values guided
3490,ok,4,True,unguided
3491,ok,3,False,unguided
3492,ok,4,True,unguided
3493,ok,3,True,controversy guided
3494,ok,4,True,unguided
3495,ok,4,True,values guided
3496,ok,2,True,controversy guided
3497,ok,3,True,unguided
3498,ok,4,True,values guided
3499,ok,4,True,controversy guided
3500,ok,3,True,values guided
3501,ok,3,True,unguided
3502,ok,3,True,unguided
3503,ok,3,True,unguided
3504,ok,3,True,values guided
3505,ok,4,True,unguided
3506,ok,3,True,controversy guided
3507,ok,4,True,unguided
3508,ok,4,True,values guided
3509,ok,3,True,controversy guided
3510,ok,4,True,values guided
3511,ok,3,True,controversy guided
3512,ok,3,True,controversy guided
3513,ok,2,True,values guided
3514,ok,2,True,unguided
3515,ok,2,True,unguided
3516,ok,3,True,values guided
3517,ok,4,True,controversy guided
3518,ok,3,True,controversy guided
3519,ok,4,True,controversy guided
3520,ok,2,True,unguided
3521,ok,4,True,unguided
3522,ok,3,True,controversy guided
3523,ok,4,True,values guided
3524,ok,3,True,values guided
3525,ok,4,True,controversy guided
3526,ok,3,True,unguided
3527,ok,4,True,values guided
3528,ok,3,True,controversy guided
3529,ok,4,True,unguided
3530,ok,4,True,unguided
3531,ok,4,True,controversy guided
3532,ok,3,False,controversy guided
3533,ok,3,True,unguided
3534,ok,4,True,unguided
3535,ok,3,True,unguided
3536,ok,3,True,unguided
3537,ok,4,True,unguided
3538,ok,2,False,unguided
3539,ok,3,True,unguided
3540,ok,3,True,unguided
3541,ok,4,True,unguided
3542,ok,4,True,unguided
3543,ok,4,True,unguided
3544,ok,2,True,values guided
3545,ok,4,False,values guided
3546,ok,4,True,unguided
3547,ok,3,True,unguided
3548,ok,2,True,unguided
3549,ok,3,True,unguided
3550,ok,3,True,values guided
3551,ok,3,True,unguided
3552,ok,3,True,unguided
3553,ok,3,True,controversy guided
3554,ok,3,True,unguided
3555,ok,4,True,unguided
3556,ok,4,False,unguided
3557,ok,4,True,controversy guided
3558,ok,2,False,controversy guided
3559,ok,4,True,values guided
3560,ok,4,True,controversy guided
3561,ok,2,True,unguided
3562,ok,4,True,unguided
3563,ok,4,True,values guided
3564,ok,4,True,unguided
3565,ok,2,True,unguided
3566,ok,4,True,unguided
3567,ok,4,True,controversy guided
3568,ok,4,True,unguided
3569,ok,3,True,values guided
3570,ok,3,True,unguided
3571,ok,3,True,unguided
3572,ok,3,True,values guided
3573,ok,3,True,unguided
3574,ok,3,False,unguided
3575,ok,3,True,unguided
3576,ok,3,True,controversy guided
3577,ok,3,True,unguided
3578,ok,3,True,values guided
3579,ok,3,True,values guided
3580,ok,4,True,controversy guided
3581,ok,2,True,unguided
3582,ok,3,True,values guided
3583,ok,4,True,unguided
3584,ok,3,True,values guided
3585,ok,3,True,unguided
3586,ok,3,True,unguided
3587,ok,4,False,values guided
3588,ok,3,True,unguided
3589,ok,4,True,unguided
3590,ok,3,True,unguided
3591,ok,4,True,values guided
3592,ok,4,True,unguided
3593,ok,4,False,unguided
3594,ok,4,True,values guided
3595,ok,3,True,unguided
3596,ok,4,True,unguided
3597,ok,4,True,values guided
3598,ok,4,True,unguided
3599,ok,3,True,unguided
3600,ok,3,True,values guided
3601,ok,2,True,controversy guided
3602,ok,4,True,unguided
3603,ok,4,True,unguided
3604,ok,4,True,unguided
3605,ok,3,True,values guided
3606,ok,4,True,values guided
3607,ok,4,True,values guided
3608,ok,4,True,unguided
3609,ok,3,True,controversy guided
3610,ok,3,False,unguided
3611,ok,3,True,values guided
3612,ok,4,True,unguided
3613,ok,4,True,controversy guided
3614,ok,2,True,unguided
3615,ok,4,True,values guided
3616,ok,3,True,values guided
3617,ok,4,True,values guided
3618,ok,3,True,controversy guided
3619,ok,4,True,values guided
3620,ok,3,True,values guided
3621,ok,4,True,values guided
3622,ok,4,True,values guided
3623,ok,4,True,unguided
3624,ok,4,True,values guided
3625,ok,2,True,values guided
3626,ok,3,True,values guided
3627,ok,4,False,unguided
3628,ok,4,True,unguided
3629,ok,3,True,controversy guided
3630,ok,4,True,values guided
3631,ok,4,True,values guided
3632,ok,4,True,unguided
3633,ok,3,True,unguided
3634,ok,4,True,unguided
3635,ok,3,True,values guided
3636,ok,4,True,unguided
3637,ok,4,True,values guided
3638,ok,3,True,unguided
3639,ok,3,True,values guided
3640,ok,3,False,unguided
3641,ok,4,True,unguided
3642,ok,4,True,controversy guided
3643,ok,4,True,unguided
3644,ok,4,True,values guided
3645,ok,3,True,values guided
3646,ok,3,True,controversy guided
3647,ok,3,True,unguided
3648,ok,3,True,values guided
3649,ok,3,True,controversy guided
3650,ok,3,True,values guided
3651,ok,4,True,values guided
3652,ok,4,True,values guided
3653,ok,4,True,controversy guided
3654,ok,4,True,values guided
3655,ok,3,True,values guided
3656,ok,4,True,values guided
3657,ok,3,True,unguided
3658,ok,3,True,controversy guided
3659,ok,3,True,values guided
3660,ok,4,True,values guided
3661,ok,4,True,controversy guided
3662,ok,4,True,controversy guided
3663,ok,4,True,values guided
3664,ok,3,True,controversy guided
3665,ok,3,True,unguided
3666,ok,4,True,controversy guided
3667,ok,3,True,values guided
3668,ok,4,True,controversy guided
3669,ok,3,True,controversy guided
3670,ok,3,True,values guided
3671,ok,4,True,controversy guided
3672,ok,4,True,controversy guided
3673,ok,4,True,unguided
3674,ok,4,True,controversy guided
3675,ok,4,True,values guided
3676,ok,4,True,controversy guided
3677,ok,3,True,controversy guided
3678,ok,4,True,controversy guided
3679,ok,3,True,controversy guided
3680,ok,4,True,controversy guided
3681,ok,4,True,unguided
3682,ok,3,True,values guided
3683,ok,4,True,controversy guided
3684,ok,4,True,values guided
3685,ok,3,True,values guided
3686,ok,3,True,unguided
3687,ok,4,True,unguided
3688,ok,4,True,unguided
3689,ok,4,True,unguided
3690,ok,4,True,controversy guided
3691,ok,4,False,controversy guided
3692,ok,4,True,controversy guided
3693,ok,4,True,values guided
3694,ok,4,True,values guided
3695,ok,4,True,unguided
3696,ok,4,True,controversy guided
3697,ok,4,True,controversy guided
3698,ok,3,True,values guided
3699,ok,4,True,values guided
3700,ok,3,True,values guided
3701,ok,3,True,values guided
3702,ok,4,True,values guided
3703,ok,2,True,unguided
3704,ok,3,True,unguided
3705,ok,3,True,controversy guided
3706,ok,3,True,controversy guided
3707,ok,2,True,unguided
3708,ok,4,True,unguided
3709,ok,4,True,controversy guided
3710,ok,4,True,values guided
3711,ok,4,True,unguided
3712,ok,4,True,unguided
3713,ok,4,True,controversy guided
3714,ok,3,True,unguided
3715,ok,3,True,values guided
3716,ok,4,True,controversy guided
3717,ok,4,False,unguided
3718,ok,3,True,unguided
3719,ok,4,True,controversy guided
3720,ok,3,True,values guided
3721,ok,3,True,unguided
3722,ok,2,True,controversy guided
3723,ok,4,True,controversy guided
3724,ok,3,True,controversy guided
3725,ok,4,True,controversy guided
3726,ok,4,True,unguided
3727,ok,4,False,values guided
3728,ok,4,True,values guided
3729,ok,3,True,unguided
3730,ok,4,False,unguided
3731,ok,4,True,controversy guided
3732,ok,4,True,unguided
3733,ok,4,False,unguided
3734,ok,4,True,controversy guided
3735,ok,3,True,controversy guided
3736,ok,4,False,unguided
3737,ok,3,True,controversy guided
3738,ok,2,True,controversy guided
3739,ok,3,True,controversy guided
3740,ok,3,True,unguided
3741,ok,4,True,controversy guided
3742,ok,2,True,unguided
3743,ok,4,True,unguided
3744,ok,4,True,controversy guided
3745,ok,4,False,values guided
3746,ok,3,True,controversy guided
3747,ok,4,True,values guided
3748,ok,4,True,unguided
3749,ok,4,True,unguided
3750,ok,3,True,unguided
3751,ok,4,True,values guided
3752,ok,3,True,controversy guided
3753,ok,4,True,values guided
3754,ok,3,True,controversy guided
3755,ok,4,True,values guided
3756,ok,4,True,values guided
3757,ok,4,True,unguided
3758,ok,2,True,unguided
3759,ok,4,True,values guided
3760,ok,2,True,unguided
3761,ok,4,True,unguided
3762,ok,3,True,controversy guided
3763,ok,3,True,controversy guided
3764,ok,4,True,values guided
3765,ok,3,True,unguided
3766,ok,4,True,unguided
3767,ok,2,True,controversy guided
3768,ok,3,True,controversy guided
3769,ok,4,False,values guided
3770,ok,3,False,controversy guided
3771,ok,3,False,controversy guided
3772,ok,4,False,unguided
3773,ok,4,True,unguided
3774,ok,3,True,values guided
3775,ok,4,True,unguided
3776,ok,4,True,unguided
3777,ok,3,True,unguided
3778,ok,4,False,unguided
3779,ok,4,True,unguided
3780,ok,4,True,values guided
3781,ok,2,True,controversy guided
3782,ok,4,True,controversy guided
3783,ok,4,True,unguided
3784,ok,4,True,unguided
3785,ok,4,True,unguided
3786,ok,4,True,values guided
3787,ok,4,True,unguided
3788,ok,4,True,unguided
3789,ok,3,True,controversy guided
3790,ok,4,True,values guided
3791,ok,3,True,unguided
3792,ok,4,True,unguided
3793,ok,4,True,controversy guided
3794,ok,3,True,controversy guided
3795,ok,4,True,controversy guided
3796,ok,4,True,values guided
3797,ok,3,True,unguided
3798,ok,4,True,values guided
3799,ok,3,True,unguided
3800,ok,3,False,values guided
3801,ok,4,True,unguided
3802,ok,3,True,values guided
3803,ok,3,True,unguided
3804,ok,4,True,controversy guided
3805,ok,4,True,values guided
3806,ok,2,True,controversy guided
3807,ok,4,True,values guided
3808,ok,2,True,values guided
3809,ok,4,True,controversy guided
3810,ok,4,True,controversy guided
3811,ok,4,True,unguided
3812,ok,4,True,controversy guided
3813,ok,3,True,values guided
3814,ok,3,True,values guided
3815,ok,4,True,unguided
3816,ok,4,True,unguided
3817,ok,4,True,controversy guided
3818,ok,4,True,unguided
3819,ok,3,True,controversy guided
3820,ok,3,True,unguided
3821,ok,4,True,values guided
3822,ok,3,True,controversy guided
3823,ok,4,True,controversy guided
3824,ok,4,True,controversy guided
3825,ok,3,True,values guided
3826,ok,4,True,values guided
3827,ok,3,True,controversy guided
3828,too_few_models,1,,
3829,ok,4,True,unguided
3830,ok,3,True,controversy guided
3831,ok,3,True,controversy guided
3832,ok,4,True,values guided
3833,ok,3,True,controversy guided
3834,ok,3,True,values guided
3835,ok,4,True,unguided
3836,ok,4,True,unguided
3837,ok,4,True,controversy guided
3838,ok,4,True,unguided
3839,ok,4,True,controversy guided
3840,ok,3,True,values guided
3841,ok,4,True,controversy guided
3842,ok,4,True,values guided
3843,ok,4,True,controversy guided
3844,ok,4,True,controversy guided
3845,ok,4,True,values guided
3846,ok,4,True,controversy guided
3847,ok,3,True,controversy guided
3848,ok,4,True,unguided
3849,ok,4,True,unguided
3850,ok,3,True,unguided
3851,ok,3,False,values guided
3852,ok,4,True,unguided
3853,ok,4,True,unguided
3854,ok,4,False,unguided
3855,ok,3,True,unguided
3856,ok,4,True,values guided
3857,ok,4,True,unguided
3858,ok,3,True,unguided
3859,ok,4,True,unguided
3860,ok,4,True,unguided
3861,ok,4,True,values guided
3862,ok,2,True,unguided
3863,ok,3,True,unguided
3864,ok,3,True,unguided
3865,ok,4,True,controversy guided
3866,ok,3,True,controversy guided
3867,ok,3,True,unguided
3868,ok,4,True,unguided
3869,ok,4,False,controversy guided
3870,ok,4,True,controversy guided
3871,ok,4,True,unguided
3872,ok,4,True,values guided
3873,ok,3,True,values guided
3874,ok,3,True,values guided
3875,ok,4,True,unguided
3876,ok,4,True,values guided
3877,ok,3,True,unguided
3878,ok,3,True,unguided
3879,ok,3,True,values guided
3880,ok,3,True,unguided
3881,ok,4,True,controversy guided
3882,ok,4,True,unguided
3883,ok,4,True,controversy guided
3884,ok,4,False,unguided
3885,ok,4,True,values guided
3886,ok,3,True,controversy guided
3887,ok,3,True,values guided
3888,ok,3,False,controversy guided
3889,ok,4,True,unguided
3890,ok,4,True,unguided
3891,ok,3,True,values guided
3892,ok,4,True,values guided
3893,ok,3,True,controversy guided
3894,ok,3,True,values guided
3895,ok,4,True,values guided
3896,ok,4,False,controversy guided
3897,ok,4,False,controversy guided
3898,ok,3,True,controversy guided
3899,ok,4,True,unguided
3900,ok,4,True,values guided
3901,ok,4,True,unguided
3902,ok,3,False,values guided
3903,ok,4,True,unguided
3904,ok,3,True,values guided
3905,too_few_models,1,,
3906,ok,3,True,controversy guided
3907,ok,3,True,values guided
3908,ok,4,True,values guided
3909,ok,4,True,controversy guided
3910,ok,4,True,unguided
3911,ok,3,True,values guided
3912,ok,4,True,values guided
3913,ok,2,True,controversy guided
3914,ok,3,True,controversy guided
3915,ok,4,True,controversy guided
3916,ok,3,True,controversy guided
3917,ok,3,True,controversy guided
3918,ok,4,True,unguided
3919,ok,4,True,controversy guided
3920,ok,4,True,controversy guided
3921,ok,4,True,controversy guided
3922,ok,4,True,values guided
3923,ok,4,True,unguided
3924,ok,4,True,values guided
3925,ok,3,True,unguided
3926,ok,3,True,controversy guided
3927,ok,4,True,values guided
3928,ok,3,True,controversy guided
3929,ok,4,True,controversy guided
3930,ok,4,True,unguided
3931,ok,4,True,controversy guided
3932,ok,4,True,values guided
3933,ok,4,True,values guided
3934,ok,4,True,controversy guided
3935,ok,3,True,values guided
3936,ok,3,True,values guided
3937,ok,4,True,values guided
3938,ok,3,True,controversy guided
3939,ok,3,True,controversy guided
3940,ok,3,True,controversy guided
3941,ok,4,True,values guided
3942,ok,3,True,values guided
3943,ok,4,True,unguided
3944,ok,3,True,controversy guided
3945,ok,3,True,controversy guided
3946,ok,4,True,unguided
3947,ok,3,True,values guided
3948,ok,4,False,values guided
3949,ok,4,True,controversy guided
3950,ok,3,True,unguided
3951,ok,4,True,unguided
3952,ok,3,True,controversy guided
3953,ok,4,True,values guided
3954,ok,4,False,values guided
3955,ok,3,True,controversy guided
3956,ok,4,True,controversy guided
3957,ok,3,True,controversy guided
3958,ok,4,True,values guided
3959,ok,4,True,values guided
3960,ok,4,True,values guided
3961,ok,4,True,values guided
3962,ok,4,True,unguided
3963,ok,4,True,unguided
3964,ok,4,True,unguided
3965,ok,4,True,values guided
3966,ok,4,True,unguided
3967,ok,3,True,values guided
3968,ok,4,True,unguided
3969,ok,4,True,controversy guided
3970,ok,4,True,unguided
3971,ok,4,True,unguided
3972,ok,3,True,unguided
3973,ok,3,True,values guided
3974,ok,4,True,values guided
3975,ok,3,True,unguided
3976,ok,3,True,unguided
3977,ok,3,True,unguided
3978,ok,4,True,controversy guided
3979,ok,4,True,controversy guided
3980,ok,4,True,controversy guided
3981,ok,3,True,values guided
3982,ok,4,True,unguided
3983,ok,4,True,unguided
3984,ok,4,True,values guided
3985,ok,4,True,unguided
3986,ok,4,True,unguided
3987,ok,4,True,unguided
3988,ok,4,True,controversy guided
3989,ok,4,True,values guided
3990,ok,4,True,values guided
3991,ok,4,True,values guided
3992,ok,4,True,controversy guided
3993,ok,4,False,unguided
3994,ok,3,True,unguided
3995,ok,4,True,unguided
3996,ok,4,True,unguided
3997,ok,4,True,controversy guided
3998,ok,4,True,unguided
3999,ok,4,True,values guided
4000,ok,4,True,controversy guided
4001,ok,4,True,controversy guided
4002,ok,4,True,controversy guided
4003,ok,4,True,unguided
4004,ok,4,True,unguided
4005,ok,4,True,unguided
4006,ok,4,True,values guided
4007,ok,4,True,values guided
4008,ok,4,True,controversy guided
4009,ok,4,True,values guided
4010,ok,4,True,unguided
4011,ok,4,True,unguided
4012,ok,3,True,values guided
4013,ok,4,True,unguided
4014,ok,3,True,unguided
4015,ok,4,True,values guided
4016,ok,4,True,controversy guided
4017,ok,3,True,controversy guided
4018,ok,4,True,values guided
4019,ok,4,True,values guided
4020,ok,4,True,unguided
4021,ok,4,True,values guided
4022,ok,4,True,unguided
4023,ok,3,True,values guided
4024,ok,4,True,controversy guided
4025,ok,4,False,unguided
4026,ok,3,True,unguided
4027,ok,4,True,controversy guided
4028,ok,4,True,controversy guided
4029,ok,4,True,controversy guided
4030,ok,4,True,values guided
4031,ok,4,True,controversy guided
4032,ok,4,True,values guided
4033,ok,3,True,values guided
4034,ok,4,True,controversy guided
4035,ok,4,True,values guided
4036,ok,4,True,controversy guided
4037,ok,4,True,unguided
4038,ok,4,True,values guided
4039,ok,4,True,unguided
4040,ok,3,True,unguided
4041,ok,4,True,controversy guided
4042,ok,4,True,unguided
4043,ok,4,True,values guided
4044,ok,3,True,values guided
4045,ok,4,True,controversy guided
4046,ok,4,True,values guided
4047,ok,4,True,controversy guided
4048,ok,4,True,values guided
4049,ok,4,True,controversy guided
4050,ok,4,True,controversy guided
4051,ok,4,True,unguided
4052,ok,4,True,values guided
4053,ok,4,True,unguided
4054,ok,4,True,controversy guided
4055,ok,4,True,unguided
4056,ok,4,True,unguided
4057,ok,4,True,controversy guided
4058,ok,3,True,values guided
4059,ok,4,True,controversy guided
4060,ok,4,True,unguided
4061,ok,3,True,controversy guided
4062,ok,4,True,values guided
4063,ok,4,True,values guided
4064,ok,4,True,controversy guided
4065,ok,4,True,controversy guided
4066,ok,3,True,controversy guided
4067,ok,3,True,controversy guided
4068,ok,4,True,controversy guided
4069,ok,4,True,values guided
4070,ok,4,True,values guided
4071,ok,4,True,controversy guided
4072,ok,3,True,values guided
4073,ok,4,True,unguided
4074,ok,4,True,unguided
4075,ok,4,True,controversy guided
4076,ok,4,True,controversy guided
4077,ok,4,True,values guided
4078,ok,4,True,values guided
4079,ok,4,True,unguided
4080,ok,4,True,unguided
4081,ok,3,True,controversy guided
4082,ok,4,True,controversy guided
4083,ok,4,True,unguided
4084,ok,4,True,unguided
4085,ok,3,True,unguided
4086,ok,4,True,values guided
4087,ok,4,True,unguided
4088,ok,4,True,values guided
4089,ok,4,True,unguided
4090,ok,4,True,values guided
4091,ok,4,True,unguided
4092,ok,3,True,unguided
4093,ok,3,True,controversy guided
4094,ok,4,True,values guided
4095,ok,4,True,unguided
4096,ok,3,True,controversy guided
4097,ok,4,True,unguided
4098,ok,4,True,unguided
4099,ok,3,True,controversy guided
4100,ok,4,True,unguided
4101,ok,4,True,unguided
4102,ok,4,True,values guided
4103,ok,4,True,unguided
4104,ok,4,True,unguided
4105,ok,4,True,controversy guided
4106,ok,4,True,unguided
4107,ok,4,True,controversy guided
4108,ok,4,True,unguided
4109,ok,4,True,unguided
4110,ok,4,False,unguided
4111,ok,4,True,controversy guided
4112,ok,4,True,values guided
4113,ok,4,True,unguided
4114,ok,4,True,unguided
4115,ok,4,True,unguided
4116,ok,4,True,unguided
4117,ok,4,False,unguided
4118,ok,4,True,values guided
4119,ok,3,True,unguided
4120,ok,4,True,values guided
4121,ok,4,True,unguided
4122,ok,4,True,unguided
4123,ok,3,True,unguided
4124,ok,4,True,unguided
4125,ok,4,True,unguided
4126,ok,4,True,values guided
4127,ok,4,True,unguided
4128,ok,4,True,values guided
4129,ok,4,True,unguided
4130,ok,4,True,controversy guided
4131,ok,4,True,values guided
4132,ok,4,True,unguided
4133,ok,4,True,unguided
4134,ok,4,True,values guided
4135,ok,4,True,controversy guided
4136,ok,4,True,unguided
4137,ok,4,False,values guided
4138,ok,4,True,controversy guided
4139,ok,4,True,controversy guided
4140,ok,4,True,unguided
4141,ok,4,True,unguided
4142,ok,4,True,controversy guided
4143,ok,4,True,unguided
4144,ok,4,True,unguided
4145,ok,4,True,unguided
4146,ok,4,True,unguided
4147,ok,4,True,values guided
4148,ok,4,True,unguided
4149,ok,4,True,unguided
4150,ok,4,True,unguided
4151,ok,4,True,controversy guided
4152,ok,4,True,values guided
4153,ok,4,True,values guided
4154,ok,4,True,values guided
4155,ok,4,True,unguided
4156,ok,4,True,controversy guided
4157,ok,3,True,values guided
4158,ok,4,True,unguided
4159,ok,4,False,unguided
4160,ok,4,True,controversy guided
4161,ok,4,True,unguided
4162,ok,4,True,unguided
4163,ok,4,True,controversy guided
4164,ok,4,True,unguided
4165,ok,4,True,values guided
4166,ok,4,True,values guided
4167,ok,4,True,values guided
4168,ok,3,False,unguided
4169,ok,4,True,values guided
4170,ok,4,True,unguided
4171,ok,4,False,unguided
4172,ok,4,True,controversy guided
4173,ok,4,True,controversy guided
4174,ok,4,True,unguided
4175,ok,4,True,unguided
4176,ok,4,True,unguided
4177,ok,4,True,controversy guided
4178,ok,4,True,values guided
4179,ok,4,True,controversy guided
4180,ok,4,True,values guided
4181,ok,4,True,values guided
4182,ok,4,True,unguided
4183,ok,4,True,unguided
4184,ok,4,True,unguided
4185,ok,4,True,controversy guided
4186,ok,4,False,values guided
4187,ok,4,True,unguided
4188,ok,4,True,unguided
4189,ok,4,True,values guided
4190,ok,4,True,controversy guided
4191,ok,4,True,unguided
4192,ok,4,True,unguided
4193,ok,3,True,unguided
4194,ok,4,True,unguided
4195,ok,4,True,values guided
4196,ok,4,True,unguided
4197,ok,4,True,values guided
4198,ok,4,True,values guided
4199,ok,4,True,unguided
4200,ok,4,True,unguided
4201,ok,4,True,values guided
4202,ok,4,True,unguided
4203,ok,3,True,controversy guided
4204,ok,4,True,unguided
4205,ok,4,True,unguided
4206,ok,3,True,unguided
4207,ok,3,True,values guided
4208,ok,4,True,unguided
4209,ok,4,True,controversy guided
4210,ok,2,True,unguided
4211,ok,4,True,values guided
4212,ok,4,True,unguided
4213,ok,4,True,controversy guided
4214,ok,3,True,values guided
4215,ok,4,True,unguided
4216,ok,4,True,controversy guided
4217,ok,4,False,unguided
4218,ok,4,True,controversy guided
4219,ok,4,True,values guided
4220,ok,2,True,values guided
4221,ok,4,True,values guided
4222,ok,4,True,controversy guided
4223,ok,4,True,values guided
4224,ok,4,True,controversy guided
4225,ok,4,True,controversy guided
4226,ok,4,True,unguided
4227,ok,4,True,controversy guided
4228,ok,3,True,values guided
4229,ok,3,True,unguided
4230,ok,4,True,unguided
4231,ok,4,True,controversy guided
4232,ok,4,True,controversy guided
4233,ok,4,True,unguided
4234,ok,4,True,controversy guided
4235,ok,4,True,values guided
4236,ok,4,True,values guided
4237,ok,4,True,unguided
4238,ok,4,True,unguided
4239,ok,3,True,values guided
4240,ok,4,True,controversy guided
4241,ok,4,True,controversy guided
4242,ok,4,True,unguided
4243,ok,3,True,values guided
4244,ok,4,False,controversy guided
4245,ok,4,True,controversy guided
4246,ok,4,True,controversy guided
4247,ok,4,True,controversy guided
4248,ok,4,True,values guided
4249,ok,4,True,controversy guided
4250,ok,4,True,values guided
4251,ok,4,True,values guided
4252,ok,4,True,values guided
4253,ok,4,True,unguided
4254,ok,4,True,values guided
4255,ok,4,True,controversy guided
4256,ok,3,True,values guided
4257,ok,4,True,values guided
4258,ok,4,True,unguided
4259,ok,4,True,controversy guided
4260,ok,4,True,controversy guided
4261,ok,4,True,controversy guided
4262,ok,4,True,unguided
4263,ok,4,True,controversy guided
4264,ok,4,True,unguided
4265,ok,4,True,controversy guided
4266,ok,4,True,controversy guided
4267,ok,4,True,controversy guided
4268,ok,4,True,unguided
4269,ok,4,True,unguided
4270,ok,4,True,controversy guided
4271,ok,4,True,controversy guided
4272,ok,4,True,unguided
4273,ok,4,True,values guided
4274,ok,3,True,controversy guided
4275,ok,4,True,values guided
4276,ok,4,True,values guided
4277,ok,4,True,values guided
4278,ok,4,True,controversy guided
4279,ok,4,True,unguided
4280,ok,4,True,controversy guided
4281,ok,4,True,values guided
4282,ok,4,True,unguided
4283,ok,3,True,unguided
4284,ok,4,False,unguided
4285,ok,4,True,controversy guided
4286,ok,3,True,controversy guided
4287,ok,4,True,values guided
4288,ok,4,True,values guided
4289,ok,4,True,unguided
4290,ok,4,True,unguided
4291,ok,4,True,controversy guided
4292,ok,4,True,controversy guided
4293,ok,4,True,unguided
4294,ok,4,True,controversy guided
4295,ok,4,True,values guided
4296,ok,4,True,controversy guided
4297,ok,4,True,values guided
4298,ok,3,True,unguided
4299,ok,4,True,controversy guided
4300,ok,4,True,controversy guided
4301,ok,4,True,unguided
4302,ok,3,True,unguided
4303,ok,4,True,values guided
4304,ok,4,True,controversy guided
4305,ok,4,True,controversy guided
4306,ok,3,True,unguided
4307,ok,4,True,unguided
4308,ok,4,True,values guided
4309,ok,4,True,unguided
4310,ok,4,True,controversy guided
4311,ok,3,True,values guided
4312,ok,4,True,controversy guided
4313,ok,4,True,controversy guided
4314,ok,4,True,controversy guided
4315,ok,4,True,controversy guided
4316,ok,4,True,controversy guided
4317,ok,4,True,values guided
4318,ok,4,True,values guided
4319,ok,3,True,unguided
4320,ok,4,True,unguided
4321,ok,4,True,unguided
4322,ok,4,True,unguided
4323,ok,4,True,unguided
4324,ok,4,True,controversy guided
4325,ok,4,True,values guided
4326,ok,4,True,values guided
4327,ok,4,True,controversy guided
4328,ok,4,True,controversy guided
4329,ok,4,True,values guided
4330,ok,4,True,unguided
4331,ok,4,True,unguided
4332,ok,4,True,unguided
4333,ok,4,True,values guided
4334,ok,4,True,values guided
4335,ok,4,True,unguided
4336,ok,3,True,values guided
4337,ok,4,True,values guided
4338,ok,3,True,unguided
4339,ok,3,True,unguided
4340,ok,4,True,unguided
4341,ok,4,True,controversy guided
4342,ok,4,False,unguided
4343,ok,4,True,unguided
4344,ok,3,True,unguided
4345,ok,4,True,controversy guided
4346,ok,3,True,unguided
4347,ok,4,True,unguided
4348,ok,4,True,unguided
4349,ok,4,True,controversy guided
4350,ok,4,True,unguided
4351,ok,4,True,unguided
4352,ok,4,True,controversy guided
4353,ok,3,True,unguided
4354,ok,4,True,values guided
4355,ok,4,False,values guided
4356,ok,4,True,unguided
4357,ok,3,True,values guided
4358,ok,4,True,controversy guided
4359,ok,4,True,values guided
4360,ok,4,True,unguided
4361,ok,4,True,values guided
4362,ok,4,True,controversy guided
4363,ok,4,True,unguided
4364,ok,4,True,values guided
4365,ok,4,True,values guided
4366,ok,4,True,controversy guided
4367,ok,2,True,unguided
4368,ok,4,False,controversy guided
4369,ok,4,True,unguided
4370,ok,4,True,unguided
4371,ok,2,True,controversy guided
4372,ok,3,True,controversy guided
4373,ok,4,True,unguided
4374,ok,4,True,values guided
4375,ok,4,True,unguided
4376,ok,3,True,unguided
4377,ok,3,True,controversy guided
4378,ok,3,True,unguided
4379,ok,4,True,values guided
4380,ok,4,False,unguided
4381,ok,4,True,controversy guided
4382,ok,4,False,unguided
4383,ok,4,True,values guided
4384,ok,4,True,unguided
4385,ok,4,True,values guided
4386,ok,4,True,controversy guided
4387,ok,4,True,unguided
4388,ok,4,True,values guided
4389,ok,4,True,unguided
4390,ok,4,True,controversy guided
4391,ok,4,True,unguided
4392,ok,4,True,unguided
4393,ok,4,True,values guided
4394,ok,4,True,values guided
4395,ok,4,False,values guided
4396,ok,4,True,values guided
4397,ok,4,True,unguided
4398,ok,4,True,values guided
4399,ok,4,True,controversy guided
4400,ok,4,True,values guided
4401,ok,4,True,values guided
4402,ok,4,True,unguided
4403,ok,4,True,values guided
4404,ok,4,True,controversy guided
4405,ok,4,True,unguided
4406,ok,4,True,values guided
4407,ok,4,True,controversy guided
4408,ok,4,True,controversy guided
4409,ok,3,True,values guided
4410,ok,3,True,controversy guided
4411,ok,4,True,values guided
4412,ok,4,True,unguided
4413,ok,4,True,controversy guided
4414,ok,4,False,controversy guided
4415,ok,4,True,unguided
4416,ok,4,True,unguided
4417,ok,4,True,unguided
4418,ok,4,True,unguided
4419,ok,4,True,values guided
4420,ok,4,True,unguided
4421,ok,4,True,unguided
4422,ok,4,True,values guided
4423,ok,4,True,unguided
4424,ok,4,True,unguided
4425,ok,4,True,controversy guided
4426,ok,4,True,controversy guided
4427,ok,4,True,controversy guided
4428,ok,3,True,values guided
4429,ok,4,True,values guided
4430,ok,4,True,controversy guided
4431,ok,4,True,unguided
4432,ok,4,True,unguided
4433,ok,4,True,values guided
4434,ok,4,True,controversy guided
4435,ok,4,True,controversy guided
4436,ok,3,True,values guided
4437,ok,4,True,controversy guided
4438,ok,4,True,controversy guided
4439,ok,4,True,controversy guided
4440,ok,4,True,unguided
4441,ok,4,True,values guided
4442,ok,4,True,controversy guided
4443,ok,4,True,controversy guided
4444,ok,4,True,unguided
4445,ok,4,True,values guided
4446,ok,3,True,unguided
4447,ok,3,True,unguided
4448,ok,4,True,values guided
4449,ok,4,True,values guided
4450,ok,4,True,controversy guided
4451,ok,4,True,controversy guided
4452,ok,3,True,values guided
4453,ok,3,False,unguided
4454,ok,4,True,values guided
4455,ok,4,True,values guided
4456,ok,3,True,controversy guided
4457,ok,4,True,controversy guided
4458,ok,4,True,unguided
4459,ok,4,True,unguided
4460,ok,3,True,values guided
4461,ok,4,False,controversy guided
4462,ok,4,True,unguided
4463,ok,4,True,values guided
4464,ok,4,True,values guided
4465,ok,4,True,values guided
4466,ok,4,True,controversy guided
4467,ok,3,True,unguided
4468,ok,4,True,unguided
4469,ok,4,True,unguided
4470,ok,4,True,values guided
4471,ok,4,True,controversy guided
4472,ok,3,True,controversy guided
4473,ok,4,True,controversy guided
4474,ok,4,True,unguided
4475,ok,4,True,unguided
4476,ok,4,True,controversy guided
4477,ok,4,True,values guided
4478,ok,3,True,unguided
4479,ok,4,True,controversy guided
4480,ok,4,True,unguided
4481,ok,4,True,unguided
4482,ok,4,True,values guided
4483,ok,3,True,controversy guided
4484,ok,4,True,values guided
4485,ok,4,True,unguided
4486,ok,3,True,unguided
4487,ok,4,True,unguided
4488,ok,4,False,unguided
4489,ok,4,True,unguided
4490,ok,4,True,unguided
4491,ok,4,True,unguided
4492,ok,4,True,controversy guided
4493,ok,4,True,values guided
4494,ok,4,True,values guided
4495,ok,4,True,controversy guided
4496,ok,4,True,unguided
4497,ok,4,True,unguided
4498,ok,4,True,unguided
4499,ok,4,True,controversy guided
4500,ok,4,True,unguided
4501,ok,4,True,values guided
4502,ok,4,True,unguided
4503,ok,4,True,unguided
4504,ok,4,True,controversy guided
4505,ok,4,True,controversy guided
4506,ok,4,True,controversy guided
4507,ok,4,True,controversy guided
4508,ok,4,True,values guided
4509,ok,4,True,unguided
4510,ok,3,True,values guided
4511,ok,4,True,unguided
4512,ok,4,True,values guided
4513,ok,2,True,controversy guided
4514,ok,4,True,controversy guided
4515,ok,4,True,values guided
4516,ok,4,True,controversy guided
4517,ok,4,True,unguided
4518,ok,4,True,unguided
4519,ok,4,True,unguided
4520,ok,4,True,values guided
4521,ok,4,True,unguided
4522,ok,3,True,controversy guided
4523,ok,4,True,values guided
4524,ok,4,True,values guided
4525,ok,4,True,values guided
4526,ok,4,True,unguided
4527,ok,4,True,controversy guided
4528,ok,4,True,values guided
4529,ok,4,True,unguided
4530,ok,3,True,unguided
4531,ok,4,False,unguided
4532,ok,4,True,controversy guided
4533,ok,4,True,values guided
4534,ok,4,True,controversy guided
4535,ok,4,True,unguided
4536,ok,4,True,values guided
4537,ok,4,True,values guided
4538,ok,4,False,unguided
4539,ok,4,True,unguided
4540,ok,4,True,unguided
4541,ok,4,True,values guided
4542,ok,4,True,values guided
4543,ok,4,True,values guided
4544,ok,3,True,unguided
4545,ok,4,True,controversy guided
4546,ok,4,True,unguided
4547,ok,4,True,controversy guided
4548,ok,4,False,values guided
4549,ok,4,False,unguided
4550,ok,4,False,unguided
4551,ok,4,True,unguided
4552,ok,3,True,unguided
4553,ok,4,True,controversy guided
4554,ok,4,True,unguided
4555,ok,4,True,controversy guided
4556,ok,4,True,unguided
4557,ok,4,True,unguided
4558,ok,4,True,unguided
4559,ok,4,True,unguided
4560,ok,3,True,controversy guided
4561,ok,4,True,unguided
4562,ok,4,True,unguided
4563,ok,3,True,unguided
4564,ok,4,True,controversy guided
4565,ok,4,True,unguided
4566,ok,4,True,controversy guided
4567,ok,4,True,values guided
4568,ok,4,True,unguided
4569,ok,4,False,unguided
4570,ok,4,True,unguided
4571,ok,3,True,unguided
4572,ok,4,True,controversy guided
4573,ok,4,True,values guided
4574,ok,4,True,controversy guided
4575,ok,4,True,unguided
4576,ok,4,True,values guided
4577,ok,4,True,controversy guided
4578,ok,3,True,controversy guided
4579,ok,4,True,unguided
4580,ok,4,True,controversy guided
4581,ok,4,True,unguided
4582,ok,4,True,unguided
4583,ok,4,True,unguided
4584,ok,4,True,controversy guided
4585,ok,4,True,controversy guided
4586,ok,3,True,controversy guided
4587,ok,4,True,values guided
4588,ok,4,True,unguided
4589,ok,4,False,unguided
4590,ok,4,True,unguided
4591,ok,4,True,controversy guided
4592,ok,3,True,unguided
4593,ok,4,True,values guided
4594,ok,4,True,controversy guided
4595,ok,4,True,unguided
4596,ok,3,True,unguided
4597,ok,4,True,unguided
4598,ok,4,True,controversy guided
4599,ok,4,True,unguided
4600,ok,4,True,unguided
4601,ok,4,True,values guided
4602,ok,4,True,values guided
4603,ok,4,True,controversy guided
4604,ok,4,True,unguided
4605,ok,4,True,unguided
4606,ok,4,True,unguided
4607,ok,4,True,unguided
4608,ok,4,True,unguided
4609,ok,4,True,values guided
4610,ok,4,True,unguided
4611,ok,4,True,controversy guided
4612,ok,3,True,unguided
4613,ok,4,True,unguided
4614,ok,3,True,unguided
4615,ok,4,True,values guided
4616,ok,4,True,values guided
4617,ok,4,True,unguided
4618,ok,4,True,unguided
4619,ok,4,True,unguided
4620,ok,4,True,unguided
4621,ok,3,True,values guided
4622,ok,4,False,controversy guided
4623,ok,4,True,unguided
4624,ok,4,True,values guided
4625,ok,4,False,values guided
4626,ok,4,True,values guided
4627,ok,4,True,controversy guided
4628,ok,4,True,unguided
4629,ok,4,True,values guided
4630,ok,4,True,unguided
4631,ok,4,True,unguided
4632,ok,4,True,controversy guided
4633,ok,4,True,values guided
4634,ok,3,True,values guided
4635,ok,4,True,values guided
4636,ok,4,True,controversy guided
4637,ok,4,True,unguided
4638,ok,4,True,unguided
4639,ok,4,True,values guided
4640,ok,4,True,controversy guided
4641,ok,3,True,values guided
4642,ok,4,True,values guided
4643,ok,4,True,values guided
4644,ok,4,True,controversy guided
4645,ok,4,True,unguided
4646,ok,4,True,unguided
4647,ok,4,True,unguided
4648,ok,4,True,unguided
4649,ok,4,True,values guided
4650,ok,3,True,values guided
4651,ok,4,True,controversy guided
4652,ok,4,True,controversy guided
4653,ok,4,True,values guided
4654,ok,4,True,values guided
4655,ok,4,True,values guided
4656,ok,4,True,unguided
4657,ok,4,True,values guided
4658,ok,4,True,controversy guided
4659,ok,4,True,values guided
4660,ok,4,True,values guided
4661,ok,4,True,controversy guided
4662,ok,4,True,controversy guided
4663,ok,4,True,values guided
4664,ok,4,True,values guided
4665,ok,4,True,controversy guided
4666,ok,4,False,values guided
4667,ok,4,True,values guided
4668,ok,3,True,values guided
4669,ok,4,True,unguided
4670,ok,4,True,unguided
4671,ok,4,False,unguided
4672,ok,4,True,values guided
4673,ok,4,True,values guided
4674,ok,4,True,controversy guided
4675,ok,4,True,unguided
4676,ok,4,True,unguided
4677,ok,4,False,unguided
4678,ok,4,True,controversy guided
4679,ok,4,True,unguided
4680,ok,4,True,controversy guided
4681,ok,4,True,values guided
4682,ok,3,True,controversy guided
4683,ok,4,True,unguided
4684,ok,3,True,controversy guided
4685,ok,4,True,unguided
4686,ok,4,True,values guided
4687,ok,4,True,controversy guided
4688,ok,4,True,unguided
4689,ok,3,False,values guided
4690,ok,4,True,unguided
4691,ok,4,True,unguided
4692,ok,4,True,controversy guided
4693,ok,4,True,unguided
4694,ok,4,True,unguided
4695,ok,4,True,values guided
4696,ok,4,True,unguided
4697,ok,4,True,values guided
4698,ok,4,True,values guided
4699,ok,4,True,unguided
4700,ok,4,True,values guided
4701,ok,3,True,values guided
4702,ok,4,True,controversy guided
4703,ok,4,True,values guided
4704,ok,4,True,unguided
4705,ok,4,True,controversy guided
4706,ok,4,True,controversy guided
4707,ok,3,True,values guided
4708,ok,3,True,unguided
4709,ok,4,True,unguided
4710,ok,3,True,values guided
4711,ok,4,True,controversy guided
4712,ok,4,True,unguided
4713,ok,3,True,controversy guided
4714,ok,3,True,controversy guided
4715,ok,4,True,unguided
4716,ok,4,True,controversy guided
4717,ok,4,True,values guided
4718,ok,4,True,unguided
4719,ok,4,True,controversy guided
4720,ok,4,False,unguided
4721,ok,4,False,values guided
4722,ok,4,True,unguided
4723,ok,3,True,values guided
4724,ok,4,True,values guided
4725,ok,3,True,unguided
4726,ok,4,True,values guided
4727,ok,4,True,controversy guided
4728,ok,3,True,controversy guided
4729,ok,4,True,values guided
4730,ok,4,True,unguided
4731,ok,4,True,unguided
4732,ok,4,True,unguided
4733,ok,4,True,controversy guided
4734,ok,4,False,controversy guided
4735,ok,4,False,values guided
4736,ok,4,True,values guided
4737,ok,4,True,unguided
4738,ok,4,True,values guided
4739,ok,4,True,unguided
4740,ok,4,True,values guided
4741,ok,4,True,unguided
4742,ok,4,True,controversy guided
4743,ok,4,True,controversy guided
4744,ok,4,True,controversy guided
4745,ok,4,True,unguided
4746,ok,4,True,unguided
4747,ok,4,False,unguided
4748,ok,3,True,controversy guided
4749,ok,4,True,unguided
4750,ok,4,True,unguided
4751,ok,4,True,unguided
4752,ok,4,True,controversy guided
4753,ok,4,True,controversy guided
4754,ok,4,True,values guided
4755,ok,4,True,unguided
4756,ok,4,True,values guided
4757,ok,4,False,controversy guided
4758,ok,4,True,values guided
4759,ok,4,True,unguided
4760,ok,3,True,values guided
4761,ok,4,True,unguided
4762,ok,4,True,unguided
4763,ok,3,True,values guided
4764,ok,4,False,values guided
4765,ok,4,True,unguided
4766,ok,3,True,unguided
4767,ok,4,True,controversy guided
4768,ok,4,True,controversy guided
4769,ok,4,True,values guided
4770,ok,4,True,controversy guided
4771,ok,4,True,values guided
4772,ok,3,True,controversy guided
4773,ok,4,True,controversy guided
4774,ok,4,True,values guided
4775,ok,4,True,unguided
4776,ok,4,False,unguided
4777,ok,4,True,values guided
4778,ok,4,True,unguided
4779,ok,4,True,controversy guided
4780,ok,3,True,controversy guided
4781,ok,4,True,controversy guided
4782,ok,4,True,unguided
4783,ok,4,True,unguided
4784,ok,4,True,unguided
4785,ok,4,True,controversy guided
4786,ok,4,True,unguided
4787,ok,4,True,unguided
4788,ok,4,True,values guided
4789,ok,4,True,values guided
4790,ok,4,True,values guided
4791,ok,4,True,controversy guided
4792,ok,4,True,controversy guided
4793,ok,4,False,unguided
4794,ok,4,True,controversy guided
4795,ok,4,True,values guided
4796,ok,3,True,controversy guided
4797,ok,4,False,unguided
4798,ok,4,True,unguided
4799,ok,4,True,values guided
4800,ok,2,True,values guided
4801,ok,3,True,unguided
4802,ok,4,True,controversy guided
4803,ok,4,False,unguided
4804,ok,4,True,values guided
4805,ok,4,True,unguided
4806,ok,4,True,values guided
4807,ok,4,True,controversy guided
4808,ok,3,True,values guided
4809,ok,4,True,unguided
4810,ok,4,True,controversy guided
4811,ok,4,True,values guided
4812,ok,4,False,controversy guided
4813,ok,4,True,controversy guided
4814,ok,4,True,values guided
4815,ok,4,True,controversy guided
4816,ok,3,True,controversy guided
4817,ok,4,True,unguided
4818,ok,4,True,unguided
4819,ok,4,True,values guided
4820,ok,4,True,unguided
4821,ok,4,True,unguided
4822,ok,4,True,unguided
4823,ok,4,True,values guided
4824,ok,4,True,controversy guided
4825,ok,3,True,unguided
4826,ok,4,True,controversy guided
4827,ok,4,True,controversy guided
4828,ok,4,True,controversy guided
4829,ok,4,True,values guided
4830,ok,4,True,unguided
4831,ok,4,True,unguided
4832,ok,4,True,controversy guided
4833,ok,4,True,values guided
4834,ok,4,True,values guided
4835,ok,4,True,values guided
4836,ok,4,True,controversy guided
4837,ok,4,True,controversy guided
4838,ok,3,True,values guided
4839,ok,4,True,controversy guided
4840,ok,4,True,values guided
4841,ok,3,True,controversy guided
4842,ok,3,True,unguided
4843,ok,3,False,controversy guided
4844,ok,4,True,values guided
4845,ok,4,True,controversy guided
4846,ok,4,True,unguided
4847,ok,4,True,unguided
4848,ok,4,True,unguided
4849,ok,4,True,controversy guided
4850,ok,4,False,unguided
4851,ok,4,True,unguided
4852,ok,4,True,values guided
4853,ok,3,True,unguided
4854,ok,4,True,unguided
4855,ok,4,True,values guided
4856,ok,4,True,controversy guided
4857,ok,4,True,controversy guided
4858,ok,4,True,unguided
4859,ok,4,True,controversy guided
4860,ok,4,False,values guided
4861,ok,4,True,unguided
4862,ok,4,True,controversy guided
4863,ok,4,True,unguided
4864,ok,4,True,values guided
4865,ok,4,True,values guided
4866,ok,3,True,values guided
4867,ok,4,True,controversy guided
4868,ok,4,True,controversy guided
4869,ok,4,True,unguided
4870,ok,4,True,unguided
4871,ok,2,True,values guided
4872,ok,4,True,values guided
4873,ok,4,True,unguided
4874,ok,3,True,controversy guided
4875,ok,3,True,unguided
4876,ok,4,True,values guided
4877,ok,4,True,unguided
4878,ok,3,True,values guided
4879,ok,3,True,controversy guided
4880,ok,3,True,values guided
4881,ok,4,True,unguided
4882,ok,4,True,controversy guided
4883,ok,4,False,unguided
4884,ok,3,True,values guided
4885,ok,4,True,controversy guided
4886,ok,4,True,values guided
4887,ok,4,True,unguided
4888,ok,4,True,controversy guided
4889,ok,4,True,values guided
4890,ok,4,True,controversy guided
4891,ok,4,True,values guided
4892,ok,4,True,controversy guided
4893,ok,4,True,controversy guided
4894,ok,4,False,values guided
4895,ok,4,True,values guided
4896,ok,4,True,values guided
4897,ok,4,True,unguided
4898,ok,4,True,values guided
4899,ok,4,True,values guided
4900,ok,3,True,values guided
4901,ok,4,True,values guided
4902,ok,3,True,controversy guided
4903,ok,4,True,controversy guided
4904,ok,4,True,unguided
4905,ok,3,True,values guided
4906,ok,4,True,controversy guided
4907,ok,4,False,unguided
4908,ok,4,True,unguided
4909,ok,4,True,controversy guided
4910,ok,4,True,controversy guided
4911,ok,4,True,controversy guided
4912,ok,3,True,controversy guided
4913,ok,3,True,values guided
4914,ok,4,True,controversy guided
4915,ok,3,True,controversy guided
4916,ok,4,True,controversy guided
4917,ok,4,True,controversy guided
4918,ok,4,True,values guided
4919,ok,4,True,unguided
4920,ok,4,True,controversy guided
4921,ok,4,True,unguided
4922,ok,4,True,values guided
4923,ok,4,True,values guided
4924,ok,4,False,unguided
4925,ok,4,True,values guided
4926,ok,4,True,controversy guided
4927,ok,4,True,controversy guided
4928,ok,4,True,controversy guided
4929,ok,4,True,values guided
4930,ok,4,True,unguided
4931,ok,3,True,controversy guided
4932,ok,4,True,values guided
4933,ok,4,True,unguided
4934,ok,4,True,unguided
4935,ok,3,True,unguided
4936,ok,4,True,unguided
4937,ok,4,True,unguided
4938,ok,4,True,controversy guided
4939,ok,4,True,unguided
4940,ok,4,True,controversy guided
4941,ok,4,True,controversy guided
4942,ok,4,True,values guided
4943,ok,4,True,controversy guided
4944,ok,4,True,unguided
4945,ok,4,True,controversy guided
4946,ok,4,True,unguided
4947,ok,4,True,unguided
4948,ok,3,True,unguided
4949,ok,4,True,unguided
4950,ok,3,True,unguided
4951,ok,4,True,controversy guided
4952,ok,3,True,unguided
4953,ok,3,True,unguided
4954,ok,4,True,unguided
4955,ok,4,True,values guided
4956,ok,4,True,values guided
4957,ok,4,True,unguided
4958,ok,4,True,controversy guided
4959,ok,4,True,values guided
4960,ok,4,True,controversy guided
4961,ok,4,True,controversy guided
4962,ok,4,True,controversy guided
4963,ok,3,True,unguided
4964,ok,4,True,unguided
4965,ok,3,True,unguided
4966,ok,4,True,unguided
4967,ok,4,True,unguided
4968,ok,3,True,controversy guided
4969,ok,4,True,unguided
4970,ok,4,True,values guided
4971,ok,4,True,controversy guided
4972,ok,4,True,values guided
4973,ok,4,True,values guided
4974,ok,4,True,controversy guided
4975,ok,3,True,values guided
4976,ok,4,True,unguided
4977,ok,4,True,unguided
4978,ok,4,True,values guided
4979,ok,4,True,unguided
4980,ok,4,True,controversy guided
4981,ok,4,True,unguided
4982,ok,3,True,unguided
4983,ok,4,True,values guided
4984,ok,4,True,controversy guided
4985,ok,4,True,controversy guided
4986,ok,4,True,unguided
4987,ok,4,True,unguided
4988,ok,4,True,values guided
4989,ok,4,True,unguided
4990,ok,4,True,values guided
4991,ok,4,True,unguided
4992,ok,4,True,values guided
4993,ok,4,True,unguided
4994,ok,4,True,values guided
4995,ok,4,True,values guided
4996,ok,4,True,controversy guided
4997,ok,3,True,unguided
4998,ok,4,True,unguided
4999,ok,4,False,values guided
5000,ok,4,True,values guided
5001,ok,4,False,unguided
5002,ok,4,True,controversy guided
5003,ok,4,True,unguided
5004,ok,4,True,unguided
5005,ok,4,True,controversy guided
5006,ok,4,True,values guided
5007,ok,3,True,unguided
5008,ok,3,True,unguided
5009,ok,4,True,unguided
5010,ok,4,True,unguided
5011,ok,4,True,values guided
5012,ok,4,True,controversy guided
5013,ok,4,True,unguided
5014,ok,4,True,unguided
5015,ok,4,True,unguided
5016,ok,4,True,controversy guided
5017,ok,4,True,unguided
5018,ok,4,True,unguided
5019,ok,4,True,unguided
5020,ok,4,True,unguided
5021,ok,4,True,unguided
5022,ok,4,True,controversy guided
5023,ok,4,True,unguided
5024,ok,3,True,values guided
5025,ok,4,True,values guided
5026,ok,3,True,unguided
5027,ok,4,True,unguided
5028,ok,4,False,unguided
5029,ok,4,True,unguided
5030,ok,4,True,unguided
5031,ok,2,True,controversy guided
5032,ok,4,True,unguided
5033,ok,4,True,controversy guided
5034,ok,4,True,values guided
5035,ok,4,True,unguided
5036,ok,4,True,unguided
5037,ok,4,True,unguided
5038,ok,4,True,unguided
5039,ok,4,True,controversy guided
5040,ok,4,True,unguided
5041,ok,4,False,values guided
5042,ok,4,True,unguided
5043,ok,4,True,unguided
5044,ok,4,True,controversy guided
5045,ok,4,True,values guided
5046,ok,4,False,values guided
5047,ok,4,True,unguided
5048,ok,3,True,unguided
5049,ok,4,True,values guided
5050,ok,4,True,unguided
5051,ok,4,True,values guided
5052,ok,4,True,unguided
5053,ok,4,True,values guided
5054,ok,4,True,unguided
5055,ok,4,True,controversy guided
5056,ok,4,True,unguided
5057,ok,4,True,unguided
5058,ok,4,True,unguided
5059,ok,4,True,values guided
5060,ok,4,True,unguided
5061,ok,4,True,unguided
5062,ok,4,True,unguided
5063,ok,4,True,values guided
5064,ok,4,True,unguided
5065,ok,4,True,controversy guided
5066,ok,4,True,unguided
5067,ok,4,True,unguided
5068,ok,3,True,controversy guided
5069,ok,4,True,values guided
5070,ok,4,True,unguided
5071,ok,4,True,values guided
5072,ok,4,True,unguided
5073,ok,4,True,values guided
5074,ok,4,True,unguided
5075,ok,4,True,values guided
5076,ok,3,True,unguided
5077,ok,4,True,controversy guided
5078,ok,4,True,controversy guided
5079,ok,4,True,unguided
5080,ok,4,True,controversy guided
5081,ok,4,True,values guided
5082,ok,4,True,values guided
5083,ok,4,True,values guided
5084,ok,4,True,unguided
5085,ok,4,False,unguided
5086,ok,4,False,unguided
5087,ok,4,True,values guided
5088,ok,4,True,unguided
5089,ok,4,True,values guided
5090,ok,4,True,unguided
5091,ok,4,True,unguided
5092,ok,4,True,values guided
5093,ok,4,True,controversy guided
5094,ok,4,False,unguided
5095,ok,4,True,unguided
5096,ok,4,True,unguided
5097,ok,4,True,unguided
5098,ok,4,True,unguided
5099,ok,4,True,values guided
5100,ok,3,True,controversy guided
5101,ok,4,True,unguided
5102,ok,4,True,values guided
5103,ok,4,True,values guided
5104,ok,4,True,values guided
5105,ok,4,True,unguided
5106,ok,4,True,controversy guided
5107,ok,4,False,unguided
5108,ok,4,True,controversy guided
5109,ok,4,True,unguided
5110,ok,4,True,controversy guided
5111,ok,4,True,unguided
5112,ok,4,True,unguided
5113,ok,3,True,controversy guided
5114,ok,4,True,unguided
5115,ok,4,True,controversy guided
5116,ok,4,True,values guided
5117,ok,3,True,values guided
5118,ok,3,True,values guided
5119,ok,4,True,unguided
5120,ok,4,True,unguided
5121,ok,3,True,controversy guided
5122,ok,4,True,controversy guided
5123,ok,4,True,unguided
5124,ok,3,True,values guided
5125,ok,4,True,values guided
5126,ok,4,True,controversy guided
5127,ok,4,True,values guided
5128,ok,3,True,values guided
5129,ok,4,True,unguided
5130,ok,4,True,controversy guided
5131,ok,4,True,controversy guided
5132,ok,4,True,unguided
5133,ok,4,True,unguided
5134,ok,4,True,values guided
5135,ok,4,True,controversy guided
5136,ok,2,True,controversy guided
5137,ok,3,True,unguided
5138,ok,3,True,values guided
5139,ok,4,True,values guided
5140,ok,4,True,values guided
5141,ok,4,True,unguided
5142,ok,4,True,controversy guided
5143,ok,4,True,unguided
5144,ok,4,True,controversy guided
5145,ok,4,True,controversy guided
5146,ok,4,True,unguided
5147,ok,4,True,unguided
5148,ok,4,True,unguided
5149,ok,4,True,unguided
5150,ok,4,True,unguided
5151,ok,4,True,controversy guided
5152,ok,3,True,unguided
5153,ok,4,True,values guided
5154,ok,4,True,unguided
5155,ok,4,True,controversy guided
5156,ok,4,True,values guided
5157,ok,4,True,controversy guided
5158,ok,4,True,values guided
5159,ok,4,True,controversy guided
5160,ok,4,True,unguided
5161,ok,4,True,unguided
5162,ok,3,True,unguided
5163,ok,4,True,values guided
5164,ok,4,True,unguided
5165,ok,3,True,controversy guided
5166,ok,3,True,controversy guided
5167,ok,4,True,values guided
5168,ok,3,True,values guided
5169,ok,4,True,unguided
5170,ok,3,True,values guided
5171,ok,4,True,unguided
5172,ok,4,True,values guided
5173,ok,4,True,unguided
5174,ok,4,True,unguided
5175,ok,3,True,unguided
5176,ok,4,True,values guided
5177,ok,4,False,values guided
5178,ok,4,True,controversy guided
5179,ok,4,True,unguided
5180,ok,4,True,unguided
5181,ok,3,True,unguided
5182,ok,4,False,values guided
5183,ok,4,True,values guided
5184,ok,4,True,controversy guided
5185,ok,3,True,controversy guided
5186,ok,4,True,values guided
5187,ok,4,True,values guided
5188,ok,4,True,unguided
5189,ok,4,True,values guided
5190,ok,4,True,values guided
5191,ok,4,True,unguided
5192,ok,4,True,unguided
5193,ok,4,True,unguided
5194,ok,4,False,unguided
5195,ok,4,True,values guided
5196,ok,4,True,values guided
5197,ok,4,True,unguided
5198,ok,4,True,controversy guided
5199,ok,4,True,controversy guided
5200,ok,4,True,controversy guided
5201,ok,4,True,values guided
5202,ok,4,True,values guided
5203,ok,4,True,values guided
5204,ok,4,False,controversy guided
5205,ok,4,True,controversy guided
5206,ok,4,True,values guided
5207,ok,4,True,values guided
5208,ok,4,False,unguided
5209,ok,3,True,values guided
5210,ok,4,True,unguided
5211,ok,4,True,values guided
5212,ok,4,False,values guided
5213,ok,4,True,values guided
5214,ok,4,True,controversy guided
5215,ok,4,True,unguided
5216,ok,3,True,unguided
5217,ok,4,True,controversy guided
5218,ok,3,True,controversy guided
5219,ok,4,True,unguided
5220,ok,4,True,values guided
5221,ok,4,True,values guided
5222,ok,4,True,values guided
5223,ok,4,True,values guided
5224,ok,4,True,values guided
5225,ok,4,False,unguided
5226,ok,3,True,values guided
5227,ok,4,False,values guided
5228,ok,4,True,values guided
5229,ok,2,True,values guided
5230,ok,4,True,controversy guided
5231,ok,4,True,values guided
5232,ok,3,True,unguided
5233,ok,4,True,controversy guided
5234,ok,4,True,unguided
5235,ok,4,True,controversy guided
5236,ok,4,True,values guided
5237,ok,4,True,values guided
5238,ok,4,True,controversy guided
5239,ok,4,True,values guided
5240,ok,3,True,controversy guided
5241,ok,3,True,controversy guided
5242,ok,4,False,unguided
5243,ok,4,True,values guided
5244,ok,4,True,values guided
5245,ok,4,True,controversy guided
5246,ok,3,True,values guided
5247,ok,4,True,values guided
5248,ok,4,True,values guided
5249,ok,4,True,values guided
5250,ok,4,True,unguided
5251,ok,4,True,values guided
5252,ok,3,True,controversy guided
5253,ok,4,True,values guided
5254,ok,3,True,controversy guided
5255,ok,4,True,controversy guided
5256,ok,4,True,controversy guided
5257,ok,4,True,unguided
5258,ok,4,True,controversy guided
5259,ok,4,True,values guided
5260,ok,4,True,values guided
5261,ok,4,True,unguided
5262,ok,3,True,controversy guided
5263,ok,4,True,unguided
5264,ok,4,True,values guided
5265,ok,4,True,values guided
5266,ok,3,True,values guided
5267,ok,4,True,controversy guided
5268,ok,3,True,values guided
5269,ok,4,True,unguided
5270,ok,4,True,unguided
5271,ok,4,True,values guided
5272,ok,4,True,values guided
5273,ok,4,True,values guided
5274,ok,4,True,controversy guided
5275,ok,4,True,values guided
5276,ok,4,True,controversy guided
5277,ok,4,True,unguided
5278,ok,4,True,controversy guided
5279,ok,3,True,unguided
5280,ok,4,True,values guided
5281,ok,4,True,controversy guided
5282,ok,3,True,values guided
5283,ok,4,True,controversy guided
5284,ok,3,True,unguided
5285,ok,4,True,controversy guided
5286,ok,4,True,unguided
5287,ok,4,True,controversy guided
5288,ok,4,True,values guided
5289,ok,4,True,values guided
5290,ok,4,True,values guided
5291,ok,4,True,controversy guided
5292,ok,4,True,controversy guided
5293,ok,4,True,unguided
5294,ok,4,True,unguided
5295,ok,3,True,controversy guided
5296,ok,4,True,values guided
5297,ok,4,True,controversy guided
5298,ok,4,True,controversy guided
5299,ok,4,True,controversy guided
5300,ok,4,True,controversy guided
5301,ok,4,True,unguided
5302,ok,4,True,unguided
5303,ok,4,True,controversy guided
5304,ok,4,True,controversy guided
5305,ok,4,True,values guided
5306,ok,4,True,controversy guided
5307,ok,4,True,values guided
5308,ok,4,True,unguided
5309,ok,4,True,unguided
5310,ok,3,True,unguided
5311,ok,4,True,controversy guided
5312,ok,4,True,unguided
5313,ok,4,True,values guided
5314,ok,4,True,controversy guided
5315,ok,4,True,controversy guided
5316,ok,4,True,controversy guided
5317,ok,4,True,controversy guided
5318,ok,3,True,unguided
5319,ok,4,True,unguided
5320,ok,4,True,unguided
5321,ok,4,True,controversy guided
5322,ok,3,True,controversy guided
5323,ok,4,True,unguided
5324,ok,4,True,unguided
5325,ok,4,True,unguided
5326,ok,4,True,values guided
5327,ok,4,True,controversy guided
5328,ok,4,True,unguided
5329,ok,4,True,unguided
5330,ok,4,True,unguided
5331,ok,4,True,unguided
5332,ok,4,True,unguided
5333,ok,4,True,controversy guided
5334,ok,4,True,values guided
5335,ok,4,True,values guided
5336,ok,3,True,values guided
5337,ok,4,True,values guided
5338,ok,4,True,unguided
5339,ok,4,True,controversy guided
5340,ok,4,True,controversy guided
5341,ok,4,True,unguided
5342,ok,4,True,controversy guided
5343,ok,4,True,values guided
5344,ok,3,True,values guided
5345,ok,4,True,values guided
5346,ok,4,True,unguided
5347,ok,4,True,values guided
5348,ok,4,True,values guided
5349,ok,4,True,unguided
5350,ok,4,True,unguided
5351,ok,4,True,controversy guided
5352,ok,4,True,values guided
5353,ok,4,True,unguided
5354,ok,4,True,controversy guided
5355,ok,4,True,controversy guided
5356,ok,4,True,unguided
5357,ok,4,True,values guided
5358,ok,4,True,values guided
5359,ok,4,True,unguided
5360,ok,4,True,values guided
5361,ok,4,True,values guided
5362,ok,4,True,controversy guided
5363,ok,4,True,controversy guided
5364,ok,4,True,values guided
5365,ok,4,True,controversy guided
5366,ok,3,True,values guided
5367,ok,4,True,unguided
5368,ok,4,True,values guided
5369,ok,4,True,unguided
5370,ok,4,True,unguided
5371,ok,4,True,values guided
5372,ok,4,True,unguided
5373,ok,4,True,unguided
5374,ok,4,True,unguided
5375,ok,4,True,controversy guided
5376,ok,4,True,controversy guided
5377,ok,4,True,controversy guided
5378,ok,4,True,values guided
5379,ok,4,True,controversy guided
5380,ok,4,True,values guided
5381,ok,4,True,unguided
5382,ok,3,True,unguided
5383,ok,3,True,unguided
5384,ok,4,True,controversy guided
5385,ok,4,True,controversy guided
5386,ok,4,True,controversy guided
5387,ok,4,True,controversy guided
5388,ok,4,True,unguided
5389,ok,3,True,values guided
5390,ok,4,True,controversy guided
5391,ok,4,True,unguided
5392,ok,4,True,values guided
5393,ok,4,True,controversy guided
5394,ok,4,True,values guided
5395,ok,4,True,values guided
5396,ok,4,True,unguided
5397,ok,4,True,unguided
5398,ok,4,True,controversy guided
5399,ok,4,True,values guided
5400,ok,4,True,values guided
5401,ok,4,True,unguided
5402,ok,4,True,values guided
5403,ok,3,True,controversy guided
5404,ok,4,True,controversy guided
5405,ok,4,True,controversy guided
5406,ok,3,True,controversy guided
5407,ok,4,True,unguided
5408,ok,4,True,unguided
5409,ok,3,True,controversy guided
5410,ok,4,True,values guided
5411,ok,4,True,controversy guided
5412,ok,4,True,unguided
5413,ok,4,True,values guided
5414,ok,4,True,controversy guided
5415,ok,4,True,unguided
5416,ok,4,True,values guided
5417,ok,3,True,unguided
5418,ok,2,True,controversy guided
5419,ok,4,True,values guided
5420,ok,3,True,controversy guided
5421,ok,3,True,values guided
5422,ok,4,True,unguided
5423,ok,4,True,controversy guided
5424,ok,4,True,values guided
5425,ok,4,True,controversy guided
5426,ok,4,True,controversy guided
5427,ok,4,True,values guided
5428,ok,4,True,controversy guided
5429,ok,4,True,controversy guided
5430,ok,4,False,unguided
5431,ok,3,True,values guided
5432,ok,4,True,controversy guided
5433,ok,4,True,controversy guided
5434,ok,4,True,unguided
5435,ok,3,True,unguided
5436,ok,4,True,values guided
5437,ok,4,True,values guided
5438,ok,3,True,controversy guided
5439,ok,4,True,controversy guided
5440,ok,3,True,controversy guided
5441,ok,3,True,controversy guided
5442,ok,4,True,values guided
5443,ok,4,True,values guided
5444,ok,4,True,unguided
5445,ok,4,True,unguided
5446,ok,4,True,unguided
5447,ok,4,True,values guided
5448,ok,4,False,controversy guided
5449,ok,3,True,unguided
5450,ok,4,True,unguided
5451,ok,4,True,unguided
5452,ok,4,True,values guided
5453,ok,4,True,values guided
5454,ok,3,True,controversy guided
5455,ok,4,True,unguided
5456,ok,4,True,controversy guided
5457,ok,4,True,values guided
5458,ok,4,True,controversy guided
5459,ok,4,True,unguided
5460,ok,4,True,unguided
5461,ok,3,True,controversy guided
5462,ok,4,True,values guided
5463,ok,4,True,unguided
5464,ok,3,True,values guided
5465,ok,4,True,controversy guided
5466,ok,4,True,unguided
5467,ok,4,True,unguided
5468,ok,4,True,controversy guided
5469,ok,4,True,controversy guided
5470,ok,4,True,values guided
5471,ok,4,True,controversy guided
5472,ok,4,True,unguided
5473,ok,4,True,values guided
5474,ok,4,True,unguided
5475,ok,4,True,controversy guided
5476,ok,4,True,values guided
5477,ok,4,True,unguided
5478,ok,4,True,controversy guided
5479,ok,4,True,unguided
5480,ok,4,True,unguided
5481,ok,4,True,controversy guided
5482,ok,4,True,values guided
5483,ok,4,True,values guided
5484,ok,3,True,controversy guided
5485,ok,4,True,controversy guided
5486,ok,3,True,values guided
5487,ok,3,True,unguided
5488,ok,4,True,controversy guided
5489,ok,4,True,controversy guided
5490,ok,4,True,controversy guided
5491,ok,4,True,unguided
5492,ok,4,True,values guided
5493,ok,4,True,values guided
5494,ok,4,True,values guided
5495,ok,4,True,unguided
5496,ok,4,True,controversy guided
5497,ok,4,False,controversy guided
5498,ok,4,True,unguided
5499,ok,4,True,unguided
5500,ok,4,True,unguided
5501,ok,4,False,unguided
5502,ok,4,True,values guided
5503,ok,4,True,controversy guided
5504,ok,4,True,unguided
5505,ok,4,True,values guided
5506,ok,4,True,controversy guided
5507,ok,4,True,controversy guided
5508,ok,4,True,values guided
5509,ok,4,True,values guided
5510,ok,4,True,values guided
5511,ok,4,False,unguided
5512,ok,4,True,unguided
5513,ok,4,True,unguided
5514,ok,4,True,values guided
5515,ok,4,True,values guided
5516,ok,3,True,controversy guided
5517,ok,4,True,unguided
5518,ok,3,True,unguided
5519,ok,4,False,unguided
5520,ok,4,True,unguided
5521,ok,4,True,controversy guided
5522,ok,4,True,values guided
5523,ok,4,True,values guided
5524,ok,4,True,values guided
5525,ok,4,True,unguided
5526,ok,4,True,unguided
5527,ok,4,True,unguided
5528,ok,4,True,controversy guided
5529,ok,4,True,controversy guided
5530,ok,4,True,values guided
5531,ok,4,True,controversy guided
5532,ok,4,False,unguided
5533,ok,4,True,unguided
5534,ok,4,True,unguided
5535,ok,4,True,unguided
5536,ok,4,False,unguided
5537,ok,4,True,controversy guided
5538,ok,4,True,unguided
5539,ok,4,True,controversy guided
5540,ok,4,True,unguided
5541,ok,4,True,unguided
5542,ok,4,True,unguided
5543,ok,4,True,unguided
5544,ok,4,True,unguided
5545,ok,3,True,values guided
5546,ok,4,True,unguided
5547,ok,3,True,unguided
5548,ok,4,True,unguided
5549,ok,4,True,values guided
5550,ok,4,True,values guided
5551,ok,4,True,unguided
5552,ok,4,True,unguided
5553,ok,4,True,controversy guided
5554,ok,4,True,unguided
5555,ok,4,True,unguided
5556,ok,4,True,controversy guided
5557,ok,4,False,unguided
5558,ok,4,True,values guided
5559,ok,4,True,unguided
5560,ok,4,True,values guided
5561,ok,2,True,controversy guided
5562,ok,4,True,values guided
5563,ok,4,True,values guided
5564,ok,4,True,controversy guided
5565,ok,3,True,values guided
5566,ok,4,True,values guided
5567,ok,4,True,controversy guided
5568,ok,4,True,values guided
5569,ok,4,True,values guided
5570,ok,4,True,controversy guided
5571,ok,4,True,controversy guided
5572,ok,3,True,values guided
5573,ok,4,True,unguided
5574,ok,4,True,values guided
5575,ok,3,True,values guided
5576,ok,3,True,controversy guided
5577,ok,4,True,values guided
5578,ok,4,True,controversy guided
5579,ok,4,True,values guided
5580,ok,4,True,controversy guided
5581,ok,4,True,controversy guided
5582,ok,4,True,controversy guided
5583,ok,4,True,unguided
5584,ok,4,True,values guided
5585,ok,3,True,values guided
5586,ok,4,True,values guided
5587,ok,4,True,values guided
5588,ok,4,True,controversy guided
5589,ok,4,True,controversy guided
5590,ok,4,True,unguided
5591,ok,4,True,unguided
5592,ok,3,True,controversy guided
5593,ok,3,True,values guided
5594,ok,4,True,unguided
5595,ok,4,True,controversy guided
5596,ok,4,True,unguided
5597,ok,4,True,unguided
5598,ok,4,True,values guided
5599,ok,3,True,controversy guided
5600,ok,3,True,unguided
5601,ok,4,True,controversy guided
5602,ok,4,True,controversy guided
5603,ok,4,True,controversy guided
5604,ok,4,True,controversy guided
5605,ok,4,True,controversy guided
5606,ok,4,False,values guided
5607,ok,4,True,controversy guided
5608,ok,3,True,values guided
5609,ok,4,True,controversy guided
5610,ok,3,True,controversy guided
5611,ok,4,True,unguided
5612,ok,4,True,unguided
5613,ok,4,True,unguided
5614,ok,4,True,values guided
5615,ok,4,True,controversy guided
5616,ok,4,True,unguided
5617,ok,4,True,unguided
5618,ok,4,True,unguided
5619,ok,4,True,unguided
5620,ok,4,True,controversy guided
5621,ok,4,True,values guided
5622,ok,4,True,values guided
5623,ok,4,True,values guided
5624,ok,4,False,values guided
5625,ok,4,False,unguided
5626,ok,4,True,unguided
5627,ok,4,True,controversy guided
5628,ok,4,True,controversy guided
5629,ok,4,True,controversy guided
5630,ok,4,True,unguided
5631,ok,4,True,controversy guided
5632,ok,4,True,unguided
5633,ok,4,True,unguided
5634,ok,4,True,values guided
5635,ok,3,True,controversy guided
5636,ok,4,True,unguided
5637,ok,4,True,unguided
5638,ok,3,True,unguided
5639,ok,4,True,unguided
5640,ok,4,True,controversy guided
5641,ok,3,True,unguided
5642,ok,2,True,values guided
5643,ok,4,False,values guided
5644,ok,4,False,values guided
5645,ok,4,True,unguided
5646,ok,3,True,controversy guided
5647,ok,4,True,unguided
5648,ok,4,True,controversy guided
5649,ok,4,True,unguided
5650,ok,4,False,values guided
5651,ok,3,True,values guided
5652,ok,4,True,unguided
5653,ok,4,True,unguided
5654,ok,4,True,unguided
5655,ok,4,True,values guided
5656,ok,4,True,values guided
5657,ok,4,False,unguided
5658,ok,4,True,unguided
5659,ok,4,True,values guided
5660,ok,4,True,unguided
5661,ok,4,True,unguided
5662,ok,3,True,unguided
5663,ok,4,True,controversy guided
5664,ok,4,True,unguided
5665,ok,4,True,unguided
5666,ok,3,True,unguided
5667,ok,3,True,unguided
5668,ok,4,True,unguided
5669,ok,4,True,unguided
5670,ok,4,False,unguided
5671,ok,4,True,unguided
5672,ok,4,False,unguided
5673,ok,4,False,unguided
5674,ok,4,True,unguided
5675,ok,4,True,values guided
5676,ok,3,True,values guided
5677,ok,4,True,unguided
5678,ok,4,True,unguided
5679,ok,4,False,unguided
5680,ok,4,True,unguided
5681,ok,3,True,unguided
5682,ok,4,True,unguided
5683,ok,4,True,controversy guided
5684,ok,4,True,unguided
5685,ok,4,True,controversy guided
5686,ok,3,True,controversy guided
5687,ok,4,True,values guided
5688,ok,4,True,unguided
5689,ok,4,True,unguided
5690,ok,4,True,unguided
5691,ok,4,True,unguided
5692,ok,4,True,values guided
5693,ok,4,False,unguided
5694,ok,3,True,unguided
5695,ok,4,True,values guided
5696,ok,4,True,unguided
5697,ok,4,True,values guided
5698,ok,3,True,controversy guided
5699,ok,4,True,unguided
5700,ok,4,True,controversy guided
5701,ok,4,True,unguided
5702,ok,4,True,unguided
5703,ok,4,True,unguided
5704,ok,4,True,controversy guided
5705,ok,4,True,values guided
5706,ok,4,True,values guided
5707,ok,4,True,unguided
5708,ok,4,True,values guided
5709,ok,4,True,unguided
5710,ok,3,True,unguided
5711,ok,3,True,controversy guided
5712,ok,3,True,values guided
5713,ok,3,False,values guided
5714,ok,4,True,unguided
5715,ok,4,True,unguided
5716,ok,4,True,unguided
5717,ok,3,True,values guided
5718,ok,4,True,values guided
5719,ok,3,True,controversy guided
5720,ok,4,True,controversy guided
5721,ok,4,True,controversy guided
5722,ok,4,True,values guided
5723,ok,4,True,values guided
5724,ok,4,True,values guided
5725,ok,4,True,values guided
5726,ok,4,True,unguided
5727,ok,4,True,controversy guided
5728,ok,4,True,values guided
5729,ok,4,True,unguided
5730,ok,4,True,values guided
5731,ok,4,True,controversy guided
5732,ok,4,True,controversy guided
5733,ok,3,True,controversy guided
5734,ok,4,False,unguided
5735,ok,4,True,values guided
5736,ok,4,True,values guided
5737,ok,4,True,controversy guided
5738,ok,4,True,values guided
5739,ok,4,False,unguided
5740,ok,4,True,unguided
5741,ok,4,True,controversy guided
5742,ok,4,True,unguided
5743,ok,4,True,controversy guided
5744,ok,3,True,values guided
5745,ok,4,True,values guided
5746,ok,4,True,values guided
5747,ok,4,False,values guided
5748,ok,4,True,unguided
5749,ok,4,True,values guided
5750,ok,4,True,unguided
5751,ok,4,False,controversy guided
5752,ok,4,True,unguided
5753,ok,3,True,values guided
5754,ok,4,False,controversy guided
5755,ok,4,True,controversy guided
5756,ok,4,True,unguided
5757,ok,4,True,values guided
5758,ok,4,True,unguided
5759,ok,4,True,controversy guided
5760,ok,4,True,values guided
5761,ok,4,True,controversy guided
5762,ok,4,False,unguided
5763,ok,4,True,unguided
5764,ok,3,True,values guided
5765,ok,4,True,values guided
5766,ok,4,False,values guided
5767,ok,4,True,unguided
5768,ok,4,True,values guided
5769,ok,4,True,unguided
5770,ok,4,True,values guided
5771,ok,3,True,controversy guided
5772,ok,4,True,controversy guided
5773,ok,4,True,controversy guided
5774,ok,4,True,unguided
5775,ok,4,True,controversy guided
5776,ok,4,True,controversy guided
5777,ok,4,True,values guided
5778,ok,3,True,values guided
5779,ok,4,True,values guided
5780,ok,4,True,values guided
5781,ok,4,True,values guided
5782,ok,4,True,values guided
5783,ok,4,True,controversy guided
5784,ok,4,True,controversy guided
5785,ok,4,True,values guided
5786,ok,4,True,controversy guided
5787,ok,4,True,controversy guided
5788,ok,4,True,controversy guided
5789,ok,4,True,values guided
5790,ok,4,True,unguided
5791,ok,4,True,controversy guided
5792,ok,4,True,values guided
5793,ok,4,True,controversy guided
5794,ok,4,False,controversy guided
5795,ok,4,True,unguided
5796,ok,4,True,unguided
5797,ok,4,True,unguided
5798,ok,4,True,values guided
5799,ok,4,True,controversy guided
5800,ok,4,True,unguided
5801,ok,4,True,controversy guided
5802,ok,4,True,unguided
5803,ok,4,True,unguided
5804,ok,4,True,unguided
5805,ok,4,True,controversy guided
5806,ok,4,True,values guided
5807,ok,4,True,controversy guided
5808,ok,4,True,controversy guided
5809,ok,4,True,controversy guided
5810,ok,4,True,controversy guided
5811,ok,4,True,unguided
5812,ok,4,False,values guided
5813,ok,4,True,values guided
5814,ok,2,True,controversy guided
5815,ok,3,True,controversy guided
5816,ok,4,True,controversy guided
5817,ok,4,True,controversy guided
5818,ok,4,True,values guided
5819,ok,4,True,values guided
5820,ok,4,True,controversy guided
5821,ok,4,True,values guided
5822,ok,4,True,controversy guided
5823,ok,3,True,values guided
5824,ok,4,True,controversy guided
5825,ok,3,False,controversy guided
5826,ok,4,True,controversy guided
5827,ok,4,True,values guided
5828,ok,4,False,values guided
5829,ok,4,True,unguided
5830,ok,4,True,values guided
5831,ok,4,True,values guided
5832,ok,4,True,values guided
5833,ok,3,True,unguided
5834,ok,4,True,unguided
5835,ok,4,True,unguided
5836,ok,4,True,values guided
5837,ok,4,True,controversy guided
5838,ok,4,True,controversy guided
5839,ok,4,True,controversy guided
5840,ok,4,True,values guided
5841,ok,4,True,unguided
5842,ok,4,True,controversy guided
5843,ok,4,True,controversy guided
5844,ok,4,True,controversy guided
5845,ok,4,True,values guided
5846,ok,4,True,values guided
5847,ok,4,True,controversy guided
5848,ok,4,True,values guided
5849,ok,4,True,unguided
5850,ok,4,True,controversy guided
5851,ok,4,False,unguided
5852,ok,4,True,controversy guided
5853,ok,4,True,values guided
5854,ok,4,True,controversy guided
5855,ok,4,True,unguided
5856,ok,4,True,controversy guided
5857,ok,4,True,unguided
5858,ok,4,True,controversy guided
5859,ok,4,True,values guided
5860,ok,4,True,controversy guided
5861,ok,4,True,values guided
5862,ok,4,True,values guided
5863,ok,4,True,controversy guided
5864,ok,4,True,values guided
5865,ok,4,True,unguided
5866,ok,4,True,unguided
5867,ok,4,True,controversy guided
5868,ok,4,True,unguided
5869,ok,4,True,unguided
5870,ok,4,True,unguided
5871,ok,4,True,controversy guided
5872,ok,4,True,unguided
5873,ok,4,False,unguided
5874,ok,4,True,controversy guided
5875,ok,4,True,controversy guided
5876,ok,3,True,values guided
5877,ok,4,True,unguided
5878,ok,4,True,unguided
5879,ok,4,True,unguided
5880,ok,4,True,controversy guided
5881,ok,4,True,values guided
5882,ok,4,True,unguided
5883,ok,4,True,unguided
5884,ok,4,True,unguided
5885,ok,3,True,controversy guided
5886,ok,4,True,unguided
5887,ok,4,True,values guided
5888,ok,4,True,unguided
5889,ok,4,True,controversy guided
5890,ok,4,True,unguided
5891,ok,4,True,values guided
5892,ok,4,True,unguided
5893,ok,4,True,values guided
5894,ok,4,True,unguided
5895,ok,4,True,unguided
5896,ok,4,True,controversy guided
5897,ok,4,True,unguided
5898,ok,4,True,values guided
5899,ok,3,True,unguided
5900,ok,3,True,values guided
5901,ok,4,True,unguided
5902,ok,4,True,unguided
5903,ok,3,True,values guided
5904,ok,4,True,values guided
5905,ok,4,True,values guided
5906,ok,4,True,unguided
5907,ok,4,True,values guided
5908,ok,4,True,controversy guided
5909,ok,4,True,controversy guided
5910,ok,4,True,values guided
5911,ok,4,False,values guided
5912,ok,3,True,unguided
5913,ok,4,True,unguided
5914,ok,4,True,values guided
5915,ok,4,True,controversy guided
5916,ok,4,True,controversy guided
5917,ok,4,True,controversy guided
5918,ok,4,True,controversy guided
5919,ok,4,True,controversy guided
5920,ok,4,True,controversy guided
5921,ok,4,True,values guided
5922,ok,4,True,controversy guided
5923,ok,4,True,controversy guided
5924,ok,4,True,controversy guided
5925,ok,4,True,unguided
5926,ok,4,True,controversy guided
5927,ok,4,True,unguided
5928,ok,4,True,values guided
5929,ok,4,True,values guided
5930,ok,4,True,controversy guided
5931,ok,4,True,controversy guided
5932,ok,3,True,controversy guided
5933,ok,4,True,controversy guided
5934,ok,4,True,controversy guided
5935,ok,4,True,values guided
5936,ok,4,True,unguided
5937,ok,4,True,values guided
5938,ok,4,True,unguided
5939,ok,4,True,unguided
5940,ok,4,True,unguided
5941,ok,4,True,unguided
5942,ok,4,True,controversy guided
5943,ok,4,True,unguided
5944,ok,4,True,controversy guided
5945,ok,4,True,values guided
5946,ok,4,False,unguided
5947,ok,3,True,unguided
5948,ok,4,True,unguided
5949,ok,4,True,values guided
5950,ok,4,True,values guided
5951,ok,4,True,values guided
5952,ok,4,True,unguided
5953,ok,4,True,controversy guided
5954,ok,4,True,unguided
5955,ok,4,True,controversy guided
5956,ok,3,True,unguided
5957,ok,4,True,values guided
5958,ok,4,True,values guided
5959,ok,4,True,values guided
5960,ok,4,True,values guided
5961,ok,3,True,unguided
5962,ok,3,True,values guided
5963,ok,4,True,unguided
5964,ok,3,True,values guided
5965,ok,4,True,controversy guided
5966,ok,4,True,values guided
5967,ok,4,True,unguided
5968,ok,4,True,unguided
5969,ok,4,True,unguided
5970,ok,3,True,values guided
5971,ok,4,True,unguided
5972,ok,3,True,unguided
5973,ok,4,True,values guided
5974,ok,4,True,unguided
5975,ok,4,True,values guided
5976,ok,4,True,controversy guided
5977,ok,4,True,controversy guided
5978,ok,4,True,unguided
5979,ok,4,True,unguided
5980,ok,4,True,controversy guided
5981,ok,3,True,values guided
5982,ok,4,True,values guided
5983,ok,3,True,values guided
5984,ok,4,True,unguided
5985,ok,4,True,values guided
5986,ok,4,True,unguided
5987,ok,4,True,values guided
5988,ok,4,True,controversy guided
5989,ok,4,True,values guided
5990,ok,4,True,values guided
5991,ok,4,True,values guided
5992,ok,4,True,controversy guided
5993,ok,3,True,unguided
5994,ok,4,True,controversy guided
5995,ok,4,True,values guided
5996,ok,4,True,controversy guided
5997,ok,4,True,controversy guided
5998,ok,3,True,controversy guided
5999,ok,4,True,unguided
6000,ok,4,True,controversy guided
6001,ok,3,True,unguided
6002,ok,4,True,controversy guided
6003,ok,4,True,controversy guided
6004,ok,4,True,values guided
6005,ok,4,True,controversy guided
6006,ok,4,True,unguided
6007,ok,4,True,values guided
6008,ok,4,True,unguided
6009,ok,4,True,controversy guided
6010,ok,4,True,controversy guided
6011,ok,4,True,controversy guided
6012,ok,4,True,controversy guided
6013,ok,4,True,controversy guided
6014,ok,4,True,unguided
6015,ok,4,True,unguided
6016,ok,4,True,values guided
6017,ok,4,True,values guided
6018,ok,4,True,unguided
6019,ok,4,True,values guided
6020,ok,4,True,unguided
6021,ok,4,True,unguided
6022,ok,4,True,controversy guided
6023,ok,4,True,controversy guided
6024,ok,4,True,unguided
6025,ok,4,True,unguided
6026,ok,4,True,unguided
6027,ok,4,True,controversy guided
6028,ok,4,True,unguided
6029,ok,4,True,unguided
6030,ok,4,True,values guided
6031,ok,3,True,values guided
6032,ok,4,True,controversy guided
6033,ok,4,True,unguided
6034,ok,4,True,controversy guided
6035,ok,4,True,values guided
6036,ok,3,True,controversy guided
6037,ok,3,True,controversy guided
6038,ok,4,True,controversy guided
6039,ok,4,True,controversy guided
6040,ok,4,True,values guided
6041,ok,4,True,controversy guided
6042,ok,4,True,values guided
6043,ok,4,True,unguided
6044,ok,4,True,controversy guided
6045,ok,4,True,unguided
6046,ok,4,True,unguided
6047,ok,3,True,values guided
6048,ok,3,True,unguided
6049,ok,4,True,unguided
6050,ok,4,True,values guided
6051,ok,3,True,values guided
6052,ok,4,True,controversy guided
6053,ok,4,True,unguided
6054,ok,4,True,unguided
6055,ok,4,False,controversy guided
6056,ok,3,True,unguided
6057,ok,4,True,unguided
6058,ok,4,True,unguided
6059,ok,4,True,unguided
6060,ok,3,True,unguided
6061,ok,3,True,unguided
6062,ok,4,True,values guided
6063,ok,4,True,values guided
6064,ok,2,True,values guided
6065,ok,4,True,unguided
6066,ok,4,True,controversy guided
6067,ok,4,True,unguided
6068,ok,4,True,controversy guided
6069,ok,4,True,controversy guided
6070,ok,4,True,controversy guided
6071,ok,4,True,unguided
6072,ok,4,True,values guided
6073,ok,4,True,controversy guided
6074,ok,4,True,values guided
6075,ok,3,True,values guided
6076,ok,3,True,values guided
6077,ok,4,True,unguided
6078,ok,4,True,unguided
6079,ok,4,False,unguided
6080,ok,3,True,unguided
6081,ok,3,True,controversy guided
6082,ok,4,True,values guided
6083,ok,3,True,unguided
6084,ok,4,True,controversy guided
6085,ok,4,True,values guided
6086,ok,3,True,controversy guided
6087,ok,4,True,unguided
6088,ok,4,True,values guided
6089,ok,4,False,values guided
6090,ok,4,False,values guided
6091,ok,3,True,controversy guided
6092,ok,4,True,values guided
6093,ok,4,True,unguided
6094,ok,3,True,controversy guided
6095,ok,4,False,unguided
6096,ok,4,False,unguided
6097,ok,4,False,controversy guided
6098,ok,4,False,values guided
6099,ok,4,True,unguided
6100,ok,4,True,controversy guided
6101,ok,4,False,controversy guided
6102,ok,4,False,controversy guided
6103,ok,4,True,unguided
6104,ok,4,True,unguided
6105,ok,4,True,values guided
6106,ok,4,True,unguided
6107,ok,4,True,values guided
6108,ok,4,False,values guided
6109,ok,3,True,values guided
6110,ok,4,True,unguided
6111,ok,4,False,values guided
6112,ok,4,True,unguided
6113,ok,4,True,values guided
6114,ok,3,True,values guided
6115,ok,4,True,unguided
6116,ok,3,True,values guided
6117,ok,4,False,values guided
6118,ok,4,True,unguided
6119,ok,4,False,controversy guided
6120,ok,4,True,controversy guided
6121,ok,4,True,controversy guided
6122,ok,4,True,values guided
6123,ok,4,True,controversy guided
6124,ok,4,True,unguided
6125,ok,3,True,unguided
6126,ok,4,True,unguided
6127,ok,4,True,unguided
6128,ok,4,True,unguided
6129,ok,4,True,unguided
6130,ok,4,True,values guided
6131,ok,4,True,unguided
6132,ok,4,True,values guided
6133,ok,4,True,unguided
6134,ok,4,True,unguided
6135,ok,4,True,values guided
6136,ok,4,True,controversy guided
6137,ok,4,True,values guided
6138,too_few_models,1,,
6139,ok,4,True,unguided
6140,ok,3,True,values guided
6141,ok,4,True,unguided
6142,ok,3,True,values guided
6143,ok,4,True,controversy guided
6144,ok,4,True,unguided
6145,ok,4,True,unguided
6146,ok,4,True,controversy guided
6147,ok,4,True,values guided
6148,ok,4,True,values guided
6149,ok,3,True,controversy guided
6150,ok,3,True,values guided
6151,ok,3,True,controversy guided
6152,ok,3,True,values guided
6153,ok,3,True,values guided
6154,ok,4,True,unguided
6155,ok,4,True,controversy guided
6156,ok,4,True,controversy guided
6157,ok,4,True,controversy guided
6158,ok,4,True,controversy guided
6159,ok,4,True,values guided
6160,ok,4,True,unguided
6161,ok,4,True,values guided
6162,ok,4,True,controversy guided
6163,ok,4,True,unguided
6164,ok,4,True,unguided
6165,ok,3,True,controversy guided
6166,ok,3,True,unguided
6167,ok,4,True,controversy guided
6168,ok,4,True,values guided
6169,ok,4,True,values guided
6170,ok,4,True,values guided
6171,ok,4,True,unguided
6172,ok,4,True,unguided
6173,ok,4,True,controversy guided
6174,ok,2,True,unguided
6175,ok,4,True,controversy guided
6176,ok,4,True,values guided
6177,ok,4,True,unguided
6178,ok,4,True,controversy guided
6179,ok,4,True,controversy guided
6180,ok,4,True,unguided
6181,ok,4,True,values guided
6182,ok,4,True,values guided
6183,ok,2,True,unguided
6184,ok,4,True,unguided
6185,ok,4,True,unguided
6186,ok,4,True,unguided
6187,ok,4,True,values guided
6188,ok,4,True,values guided
6189,ok,4,True,unguided
6190,ok,4,True,controversy guided
6191,ok,4,True,controversy guided
6192,ok,4,True,controversy guided
6193,ok,4,True,unguided
6194,ok,4,True,controversy guided
6195,ok,4,True,values guided
6196,ok,4,True,values guided
6197,ok,4,True,controversy guided
6198,ok,4,True,values guided
6199,ok,4,True,values guided
6200,ok,4,True,controversy guided
6201,ok,4,True,values guided
6202,ok,4,True,unguided
6203,ok,4,True,values guided
6204,ok,4,True,values guided
6205,ok,4,True,values guided
6206,ok,4,True,controversy guided
6207,ok,4,True,controversy guided
6208,ok,4,False,controversy guided
6209,ok,4,True,controversy guided
6210,ok,4,False,unguided
6211,ok,4,True,controversy guided
6212,ok,4,True,values guided
6213,ok,4,True,controversy guided
6214,ok,3,True,unguided
6215,ok,4,True,unguided
6216,ok,4,True,controversy guided
6217,ok,4,True,controversy guided
6218,ok,4,True,unguided
6219,ok,4,True,unguided
6220,ok,4,True,unguided
6221,ok,4,True,unguided
6222,ok,4,True,unguided
6223,ok,4,True,values guided
6224,ok,4,True,controversy guided
6225,ok,4,True,values guided
6226,ok,3,True,controversy guided
6227,ok,4,True,values guided
6228,ok,4,True,controversy guided
6229,ok,4,True,unguided
6230,ok,3,True,unguided
6231,ok,4,True,values guided
6232,ok,2,True,controversy guided
6233,ok,4,True,unguided
6234,ok,4,True,controversy guided
6235,ok,3,True,controversy guided
6236,ok,4,True,controversy guided
6237,ok,4,True,unguided
6238,ok,4,True,values guided
6239,ok,4,True,unguided
6240,ok,4,True,controversy guided
6241,ok,4,True,values guided
6242,ok,4,True,controversy guided
6243,ok,4,True,controversy guided
6244,ok,4,True,controversy guided
6245,ok,4,True,unguided
6246,ok,4,True,values guided
6247,ok,4,True,values guided
6248,ok,4,True,values guided
6249,ok,4,True,controversy guided
6250,ok,4,True,values guided
6251,ok,4,True,unguided
6252,ok,4,True,unguided
6253,ok,4,True,controversy guided
6254,ok,4,True,unguided
6255,ok,4,True,controversy guided
6256,ok,3,True,values guided
6257,ok,4,True,unguided
6258,ok,4,True,controversy guided
6259,ok,4,True,values guided
6260,ok,4,True,controversy guided
6261,ok,3,True,unguided
6262,ok,4,True,values guided
6263,ok,4,False,values guided
6264,ok,4,True,controversy guided
6265,ok,4,True,values guided
6266,ok,4,True,controversy guided
6267,ok,4,True,controversy guided
6268,ok,4,True,unguided
6269,ok,4,True,controversy guided
6270,ok,2,True,unguided
6271,ok,4,True,unguided
6272,ok,4,True,controversy guided
6273,ok,4,True,unguided
6274,ok,4,True,unguided
6275,ok,4,True,unguided
6276,ok,4,True,values guided
6277,ok,4,True,unguided
6278,ok,3,True,unguided
6279,ok,4,True,unguided
6280,ok,4,True,values guided
6281,ok,4,True,controversy guided
6282,ok,4,True,unguided
6283,ok,4,True,values guided
6284,ok,4,True,values guided
6285,ok,4,True,controversy guided
6286,ok,4,True,unguided
6287,ok,4,True,controversy guided
6288,ok,4,True,values guided
6289,ok,4,True,unguided
6290,ok,4,True,unguided
6291,ok,4,True,values guided
6292,ok,4,False,controversy guided
6293,ok,3,True,values guided
6294,ok,3,True,controversy guided
6295,ok,4,True,values guided
6296,ok,4,True,controversy guided
6297,ok,4,True,unguided
6298,ok,3,True,values guided
6299,ok,4,True,controversy guided
6300,ok,4,True,unguided
6301,ok,4,True,values guided
6302,ok,4,True,values guided
6303,ok,4,True,unguided
6304,ok,4,True,values guided
6305,ok,4,True,controversy guided
6306,ok,4,True,controversy guided
6307,ok,3,True,values guided
6308,ok,3,True,unguided
6309,ok,4,True,controversy guided
6310,ok,4,True,values guided
6311,ok,4,True,values guided
6312,ok,4,True,controversy guided
6313,ok,4,True,unguided
6314,ok,3,True,values guided
6315,ok,3,True,unguided
6316,ok,4,True,unguided
6317,ok,4,True,controversy guided
6318,ok,4,True,controversy guided
6319,ok,4,True,unguided
6320,ok,3,True,unguided
6321,ok,4,True,values guided
6322,ok,3,True,controversy guided
6323,ok,4,True,values guided
6324,ok,4,True,controversy guided
6325,ok,4,True,controversy guided
6326,ok,4,True,values guided
6327,ok,4,True,unguided
6328,ok,3,True,controversy guided
6329,ok,3,True,controversy guided
6330,ok,4,True,values guided
6331,ok,4,True,unguided
6332,ok,4,True,unguided
6333,ok,4,True,controversy guided
6334,ok,4,True,controversy guided
6335,ok,4,True,controversy guided
6336,ok,4,True,values guided
6337,ok,4,True,unguided
6338,ok,3,True,values guided
6339,too_few_models,1,,
6340,ok,4,True,controversy guided
6341,ok,4,True,unguided
6342,ok,4,True,unguided
6343,ok,4,False,values guided
6344,ok,3,True,controversy guided
6345,ok,3,True,controversy guided
6346,ok,3,True,values guided
6347,ok,4,True,controversy guided
6348,ok,4,True,controversy guided
6349,ok,4,True,unguided
6350,ok,3,True,unguided
6351,ok,4,True,controversy guided
6352,ok,3,True,controversy guided
6353,ok,4,True,values guided
6354,ok,4,False,unguided
6355,ok,4,True,unguided
6356,ok,4,True,unguided
6357,ok,3,True,unguided
6358,ok,4,True,values guided
6359,ok,4,True,values guided
6360,ok,4,True,controversy guided
6361,ok,4,True,controversy guided
6362,ok,2,True,unguided
6363,ok,4,True,controversy guided
6364,ok,4,True,unguided
6365,ok,4,True,unguided
6366,ok,4,True,values guided
6367,ok,4,True,unguided
6368,ok,3,True,controversy guided
6369,ok,4,True,controversy guided
6370,ok,4,True,controversy guided
6371,ok,4,True,unguided
6372,ok,4,True,unguided
6373,ok,4,True,unguided
6374,ok,4,True,controversy guided
6375,ok,4,True,values guided
6376,ok,4,True,unguided
6377,ok,4,True,controversy guided
6378,ok,4,True,unguided
6379,ok,4,True,unguided
6380,ok,4,True,values guided
6381,ok,3,True,unguided
6382,ok,4,True,unguided
6383,ok,4,True,controversy guided
6384,ok,4,True,unguided
6385,ok,4,True,values guided
6386,ok,4,True,values guided
6387,ok,3,True,values guided
6388,ok,4,True,controversy guided
6389,ok,4,True,unguided
6390,ok,4,True,unguided
6391,ok,4,True,unguided
6392,ok,4,True,unguided
6393,ok,4,True,controversy guided
6394,ok,3,True,unguided
6395,ok,4,True,controversy guided
6396,ok,3,True,unguided
6397,ok,4,True,unguided
6398,ok,4,True,unguided
6399,ok,4,False,controversy guided
6400,ok,4,True,unguided
6401,ok,3,True,values guided
6402,ok,4,False,controversy guided
6403,ok,4,True,values guided
6404,ok,3,True,unguided
6405,ok,4,True,unguided
6406,ok,4,False,unguided
6407,ok,4,True,unguided
6408,ok,4,True,values guided
6409,ok,4,True,unguided
6410,ok,4,True,values guided
6411,ok,4,True,unguided
6412,ok,4,True,unguided
6413,ok,3,True,unguided
6414,ok,4,True,unguided
6415,ok,4,True,unguided
6416,ok,4,True,unguided
6417,ok,4,True,controversy guided
6418,ok,3,True,controversy guided
6419,ok,4,True,controversy guided
6420,ok,3,True,unguided
6421,ok,4,True,values guided
6422,ok,3,True,controversy guided
6423,ok,3,True,controversy guided
6424,ok,4,True,unguided
6425,ok,4,True,unguided
6426,ok,2,True,values guided
6427,ok,4,True,controversy guided
6428,ok,4,True,unguided
6429,ok,4,True,unguided
6430,ok,3,True,unguided
6431,ok,3,True,unguided
6432,ok,3,True,controversy guided
6433,ok,4,True,controversy guided
6434,ok,4,False,controversy guided
6435,ok,4,False,values guided
6436,ok,4,True,controversy guided
6437,ok,4,True,values guided
6438,ok,4,True,values guided
6439,ok,4,True,values guided
6440,ok,3,True,values guided
6441,ok,4,False,unguided
6442,ok,3,True,values guided
6443,ok,3,True,unguided
6444,ok,4,True,values guided
6445,ok,4,True,values guided
6446,ok,4,False,unguided
6447,ok,4,True,unguided
6448,ok,4,True,unguided
6449,ok,3,True,unguided
6450,ok,4,True,unguided
6451,ok,2,True,values guided
6452,ok,4,True,controversy guided
6453,ok,3,True,controversy guided
6454,ok,4,True,unguided
6455,ok,4,False,unguided
6456,ok,4,True,unguided
6457,ok,4,True,values guided
6458,ok,3,True,values guided
6459,ok,4,True,values guided
6460,ok,3,False,values guided
6461,ok,4,True,unguided
6462,ok,4,True,values guided
6463,ok,4,True,unguided
6464,ok,4,True,unguided
6465,ok,4,False,controversy guided
6466,ok,4,True,controversy guided
6467,ok,4,True,unguided
6468,ok,4,True,values guided
6469,ok,4,True,unguided
6470,ok,4,True,unguided
6471,ok,4,True,unguided
6472,ok,4,True,values guided
6473,ok,4,True,controversy guided
6474,ok,4,True,values guided
6475,ok,4,True,controversy guided
6476,ok,4,True,unguided
6477,ok,4,True,unguided
6478,ok,4,True,controversy guided
6479,ok,3,True,values guided
6480,ok,4,True,unguided
6481,ok,4,True,unguided
6482,ok,4,True,values guided
6483,ok,4,True,values guided
6484,ok,3,True,controversy guided
6485,ok,4,True,unguided
6486,ok,4,True,unguided
6487,ok,4,True,values guided
6488,ok,4,True,controversy guided
6489,ok,4,True,values guided
6490,ok,4,True,values guided
6491,ok,4,True,unguided
6492,ok,4,True,unguided
6493,ok,3,True,values guided
6494,ok,4,True,values guided
6495,ok,4,True,controversy guided
6496,ok,4,True,controversy guided
6497,ok,4,False,values guided
6498,ok,4,True,values guided
6499,ok,3,True,unguided
6500,ok,4,True,controversy guided
6501,ok,3,True,unguided
6502,ok,4,True,controversy guided
6503,ok,4,True,values guided
6504,ok,4,True,unguided
6505,ok,3,True,controversy guided
6506,ok,4,True,unguided
6507,ok,4,True,unguided
6508,ok,4,True,values guided
6509,ok,4,True,values guided
6510,ok,4,True,unguided
6511,ok,4,True,unguided
6512,ok,4,True,unguided
6513,ok,4,True,unguided
6514,ok,2,True,controversy guided
6515,ok,4,True,unguided
6516,ok,4,True,unguided
6517,ok,3,True,controversy guided
6518,ok,4,True,values guided
6519,ok,4,False,unguided
6520,ok,4,True,values guided
6521,ok,4,True,values guided
6522,ok,4,True,values guided
6523,ok,4,True,values guided
6524,ok,4,True,unguided
6525,ok,4,True,unguided
6526,ok,4,True,values guided
6527,ok,3,True,values guided
6528,ok,4,True,values guided
6529,ok,4,True,values guided
6530,ok,4,True,unguided
6531,ok,4,True,values guided
6532,ok,4,False,controversy guided
6533,ok,4,True,unguided
6534,ok,4,True,unguided
6535,ok,4,True,unguided
6536,ok,4,True,controversy guided
6537,ok,2,True,controversy guided
6538,ok,4,True,unguided
6539,ok,4,False,controversy guided
6540,ok,4,True,controversy guided
6541,ok,3,True,controversy guided
6542,ok,4,True,values guided
6543,ok,4,True,unguided
6544,ok,4,True,values guided
6545,ok,4,True,unguided
6546,ok,4,False,unguided
6547,ok,3,True,unguided
6548,ok,3,True,unguided
6549,ok,4,True,controversy guided
6550,ok,4,True,controversy guided
6551,ok,4,True,controversy guided
6552,ok,3,True,controversy guided
6553,ok,4,True,unguided
6554,ok,4,True,unguided
6555,ok,4,True,unguided
6556,ok,4,True,unguided
6557,ok,4,True,unguided
6558,ok,3,True,values guided
6559,ok,4,True,unguided
6560,ok,4,True,unguided
6561,ok,4,True,controversy guided
6562,ok,4,False,values guided
6563,ok,4,True,unguided
6564,ok,4,True,unguided
6565,ok,3,True,controversy guided
6566,ok,3,True,values guided
6567,ok,4,True,values guided
6568,ok,4,True,controversy guided
6569,ok,4,True,values guided
6570,ok,4,True,values guided
6571,ok,4,True,values guided
6572,ok,4,True,unguided
6573,ok,4,True,unguided
6574,ok,4,True,unguided
6575,ok,3,True,values guided
6576,ok,4,True,values guided
6577,ok,3,False,unguided
6578,ok,4,True,controversy guided
6579,ok,4,True,controversy guided
6580,ok,4,True,values guided
6581,ok,4,True,unguided
6582,ok,3,True,unguided
6583,ok,4,True,controversy guided
6584,ok,4,True,unguided
6585,ok,4,True,controversy guided
6586,ok,4,False,controversy guided
6587,ok,4,True,controversy guided
6588,ok,4,True,values guided
6589,ok,4,True,unguided
6590,ok,4,True,values guided
6591,ok,4,True,unguided
6592,ok,4,True,unguided
6593,ok,4,True,values guided
6594,ok,4,True,controversy guided
6595,ok,4,True,controversy guided
6596,ok,4,True,unguided
6597,ok,4,True,unguided
6598,ok,4,True,controversy guided
6599,ok,4,True,controversy guided
6600,ok,4,True,controversy guided
6601,ok,4,True,controversy guided
6602,ok,4,True,unguided
6603,ok,4,True,unguided
6604,ok,4,True,controversy guided
6605,ok,4,False,unguided
6606,ok,3,True,values guided
6607,ok,4,True,controversy guided
6608,ok,4,True,unguided
6609,ok,3,False,unguided
6610,ok,4,False,unguided
6611,ok,4,False,unguided
6612,ok,3,True,unguided
6613,ok,4,True,values guided
6614,ok,4,False,values guided
6615,ok,4,True,values guided
6616,ok,4,True,values guided
6617,ok,3,True,unguided
6618,ok,4,True,unguided
6619,ok,4,True,values guided
6620,ok,4,True,controversy guided
6621,ok,4,True,values guided
6622,ok,4,True,values guided
6623,ok,4,True,unguided
6624,ok,4,True,controversy guided
6625,ok,3,True,values guided
6626,ok,3,True,unguided
6627,ok,3,True,controversy guided
6628,ok,3,True,unguided
6629,ok,4,True,values guided
6630,ok,4,True,values guided
6631,ok,4,True,unguided
6632,ok,4,True,values guided
6633,ok,4,True,unguided
6634,ok,4,True,values guided
6635,ok,4,True,controversy guided
6636,ok,4,True,values guided
6637,ok,4,True,unguided
6638,ok,4,True,unguided
6639,ok,4,True,values guided
6640,ok,3,True,values guided
6641,ok,3,False,controversy guided
6642,ok,4,True,controversy guided
6643,ok,4,True,values guided
6644,ok,4,True,unguided
6645,ok,4,True,unguided
6646,ok,4,True,values guided
6647,ok,4,True,values guided
6648,ok,4,True,controversy guided
6649,ok,4,True,unguided
6650,ok,4,True,unguided
6651,ok,4,True,unguided
6652,ok,4,True,controversy guided
6653,ok,4,True,unguided
6654,ok,4,True,values guided
6655,ok,4,True,unguided
6656,ok,4,True,controversy guided
6657,ok,4,True,controversy guided
6658,ok,4,True,unguided
6659,ok,4,True,unguided
6660,ok,4,True,controversy guided
6661,ok,4,True,unguided
6662,ok,4,True,controversy guided
6663,ok,4,True,controversy guided
6664,ok,4,True,values guided
6665,ok,4,True,controversy guided
6666,ok,4,True,values guided
6667,ok,4,True,unguided
6668,ok,4,True,values guided
6669,ok,4,True,controversy guided
6670,ok,4,True,controversy guided
6671,ok,4,True,unguided
6672,ok,2,True,unguided
6673,ok,4,True,unguided
6674,ok,4,True,controversy guided
6675,ok,4,True,unguided
6676,ok,4,False,unguided
6677,ok,4,True,controversy guided
6678,ok,4,True,values guided
6679,ok,4,True,values guided
6680,ok,4,True,unguided
6681,ok,4,True,controversy guided
6682,ok,4,True,controversy guided
6683,ok,4,False,controversy guided
6684,ok,4,True,controversy guided
6685,ok,4,True,controversy guided
6686,ok,4,True,controversy guided
6687,ok,4,True,values guided
6688,ok,4,True,controversy guided
6689,ok,4,True,unguided
6690,ok,4,False,unguided
6691,ok,4,True,unguided
6692,ok,4,True,controversy guided
6693,ok,4,True,values guided
6694,ok,4,True,unguided
6695,ok,4,True,unguided
6696,ok,4,False,unguided
6697,ok,4,True,controversy guided
6698,ok,4,True,values guided
6699,ok,4,True,controversy guided
6700,ok,4,True,controversy guided
6701,ok,4,True,unguided
6702,ok,4,True,unguided
6703,ok,4,True,unguided
6704,ok,4,True,unguided
6705,ok,4,True,values guided
6706,ok,4,True,controversy guided
6707,ok,4,True,controversy guided
6708,ok,4,True,controversy guided
6709,ok,4,True,values guided
6710,ok,4,True,controversy guided
6711,ok,4,True,controversy guided
6712,ok,4,True,unguided
6713,ok,4,True,unguided
6714,ok,4,True,unguided
6715,ok,4,True,unguided
6716,ok,4,True,controversy guided
6717,ok,4,True,values guided
6718,ok,4,True,unguided
6719,ok,4,True,controversy guided
6720,ok,4,True,controversy guided
6721,ok,4,True,values guided
6722,ok,3,True,controversy guided
6723,ok,4,False,values guided
6724,ok,4,True,unguided
6725,ok,3,True,controversy guided
6726,ok,4,True,controversy guided
6727,ok,4,True,controversy guided
6728,ok,4,True,values guided
6729,ok,4,True,unguided
6730,ok,4,True,values guided
6731,ok,4,True,unguided
6732,ok,4,True,controversy guided
6733,ok,4,False,unguided
6734,ok,4,True,values guided
6735,ok,4,True,values guided
6736,ok,4,False,values guided
6737,ok,4,True,values guided
6738,ok,4,True,values guided
6739,ok,4,True,values guided
6740,ok,4,True,unguided
6741,ok,4,True,unguided
6742,ok,4,True,controversy guided
6743,ok,4,True,values guided
6744,ok,4,True,unguided
6745,ok,4,True,controversy guided
6746,ok,4,False,values guided
6747,ok,4,True,values guided
6748,ok,4,True,unguided
6749,ok,3,True,values guided
6750,ok,4,True,values guided
6751,ok,2,True,unguided
6752,ok,4,True,unguided
6753,ok,4,True,values guided
6754,ok,4,True,unguided
6755,ok,3,True,controversy guided
6756,ok,3,True,unguided
6757,ok,4,True,controversy guided
6758,ok,4,True,controversy guided
6759,ok,4,True,values guided
6760,ok,3,True,values guided
6761,ok,4,True,unguided
6762,ok,4,True,unguided
6763,ok,3,True,values guided
6764,ok,4,True,unguided
6765,ok,4,True,values guided
6766,ok,4,True,controversy guided
6767,ok,3,True,controversy guided
6768,ok,4,True,unguided
6769,ok,4,True,unguided
6770,ok,4,True,values guided
6771,ok,3,False,unguided
6772,ok,4,True,unguided
6773,ok,3,True,controversy guided
6774,ok,4,True,unguided
6775,ok,4,True,controversy guided
6776,ok,3,True,unguided
6777,ok,4,True,unguided
6778,ok,4,False,unguided
6779,ok,4,True,values guided
6780,ok,4,True,controversy guided
6781,ok,4,True,unguided
6782,ok,3,True,values guided
6783,ok,4,True,controversy guided
6784,ok,4,True,values guided
6785,ok,4,True,controversy guided
6786,ok,4,True,unguided
6787,ok,3,False,values guided
6788,ok,4,True,values guided
6789,ok,4,True,unguided
6790,ok,4,True,controversy guided
6791,ok,4,True,controversy guided
6792,ok,4,True,values guided
6793,ok,4,True,values guided
6794,ok,4,True,values guided
6795,ok,4,False,controversy guided
6796,ok,4,True,controversy guided
6797,ok,4,True,values guided
6798,ok,4,True,unguided
6799,ok,4,True,unguided
6800,ok,4,True,controversy guided
6801,ok,4,True,unguided
6802,ok,4,True,unguided
6803,ok,4,True,unguided
6804,ok,4,True,controversy guided
6805,ok,4,False,unguided
6806,ok,4,True,controversy guided
6807,ok,4,True,unguided
6808,ok,4,True,unguided
6809,ok,4,True,controversy guided
6810,ok,4,True,values guided
6811,ok,4,True,values guided
6812,ok,4,True,controversy guided
6813,ok,4,True,unguided
6814,ok,4,True,controversy guided
6815,ok,4,True,values guided
6816,ok,4,True,controversy guided
6817,ok,4,True,controversy guided
6818,ok,4,True,unguided
6819,ok,4,True,unguided
6820,ok,4,True,values guided
6821,ok,3,False,unguided
6822,ok,4,True,unguided
6823,ok,4,True,controversy guided
6824,ok,4,True,values guided
6825,ok,4,True,controversy guided
6826,ok,4,False,unguided
6827,ok,3,True,unguided
6828,ok,4,True,unguided
6829,ok,4,True,unguided
6830,ok,4,False,values guided
6831,ok,4,True,values guided
6832,ok,4,True,controversy guided
6833,ok,4,True,values guided
6834,ok,3,True,values guided
6835,ok,4,True,values guided
6836,ok,4,True,values guided
6837,ok,4,True,controversy guided
6838,ok,4,True,unguided
6839,ok,4,False,unguided
6840,ok,4,True,controversy guided
6841,ok,4,True,controversy guided
6842,ok,3,True,controversy guided
6843,ok,4,True,unguided
6844,ok,4,False,controversy guided
6845,ok,3,True,unguided
6846,ok,4,True,controversy guided
6847,ok,4,True,controversy guided
6848,ok,3,True,values guided
6849,ok,4,True,controversy guided
6850,ok,4,True,controversy guided
6851,ok,4,True,controversy guided
6852,ok,4,True,controversy guided
6853,ok,4,True,unguided
6854,ok,4,True,unguided
6855,ok,3,True,controversy guided
6856,ok,3,True,controversy guided
6857,ok,4,True,values guided
6858,ok,4,True,values guided
6859,ok,4,True,unguided
6860,ok,4,True,unguided
6861,ok,4,True,unguided
6862,ok,4,False,values guided
6863,ok,4,True,controversy guided
6864,ok,4,True,values guided
6865,ok,4,False,controversy guided
6866,ok,4,True,unguided
6867,ok,4,False,unguided
6868,ok,4,True,controversy guided
6869,ok,3,False,unguided
6870,ok,4,True,controversy guided
6871,ok,3,False,unguided
6872,ok,4,False,controversy guided
6873,ok,3,True,values guided
6874,ok,4,True,controversy guided
6875,ok,4,True,controversy guided
6876,ok,4,True,controversy guided
6877,ok,4,True,controversy guided
6878,ok,3,True,unguided
6879,ok,3,True,values guided
6880,ok,4,True,controversy guided
6881,ok,4,True,values guided
6882,ok,4,True,unguided
6883,ok,4,True,unguided
6884,ok,4,True,controversy guided
6885,ok,3,True,unguided
6886,ok,3,True,unguided
6887,ok,4,False,unguided
6888,ok,4,True,unguided
6889,ok,4,True,unguided
6890,ok,4,True,unguided
6891,ok,4,True,controversy guided
6892,ok,4,True,values guided
6893,ok,4,True,controversy guided
6894,ok,4,True,values guided
6895,ok,3,True,values guided
6896,ok,4,True,unguided
6897,ok,3,True,values guided
6898,ok,4,True,unguided
6899,ok,4,False,unguided
6900,ok,4,True,values guided
6901,ok,4,True,unguided
6902,ok,4,True,controversy guided
6903,ok,4,True,values guided
6904,ok,4,True,values guided
6905,ok,4,True,values guided
6906,ok,4,True,unguided
6907,ok,4,True,unguided
6908,ok,4,False,values guided
6909,ok,4,True,controversy guided
6910,ok,4,True,controversy guided
6911,ok,4,True,values guided
6912,ok,4,True,controversy guided
6913,ok,4,True,unguided
6914,ok,4,True,values guided
6915,ok,4,True,unguided
6916,ok,4,True,unguided
6917,ok,4,True,controversy guided
6918,ok,4,True,values guided
6919,ok,4,True,values guided
6920,ok,4,False,values guided
6921,ok,3,True,unguided
6922,ok,4,True,unguided
6923,ok,4,True,controversy guided
6924,ok,4,True,controversy guided
6925,ok,4,True,unguided
6926,ok,4,True,controversy guided
6927,ok,4,True,unguided
6928,ok,4,True,values guided
6929,ok,4,False,controversy guided
6930,ok,4,True,controversy guided
6931,ok,4,True,controversy guided
6932,ok,4,True,controversy guided
6933,ok,3,True,values guided
6934,ok,4,True,unguided
6935,ok,4,False,values guided
6936,ok,4,True,unguided
6937,ok,4,False,unguided
6938,ok,4,True,unguided
6939,ok,3,True,controversy guided
6940,ok,4,True,unguided
6941,ok,4,True,unguided
6942,ok,4,False,values guided
6943,ok,4,False,values guided
6944,ok,4,True,controversy guided
6945,ok,4,True,unguided
6946,ok,4,True,unguided
6947,ok,4,True,unguided
6948,ok,4,True,controversy guided
6949,ok,4,True,values guided
6950,ok,4,True,controversy guided
6951,ok,4,True,values guided
6952,ok,4,True,controversy guided
6953,ok,4,True,values guided
6954,ok,4,True,values guided
6955,ok,4,True,values guided
6956,ok,4,False,unguided
6957,ok,4,True,values guided
6958,ok,4,True,unguided
6959,ok,4,True,values guided
6960,ok,4,True,controversy guided
6961,ok,4,True,values guided
6962,ok,4,True,values guided
6963,ok,3,True,unguided
6964,ok,3,True,unguided
6965,ok,4,True,unguided
6966,ok,4,True,unguided
6967,ok,4,True,values guided
6968,ok,4,False,unguided
6969,ok,4,True,controversy guided
6970,ok,4,True,controversy guided
6971,ok,4,True,controversy guided
6972,ok,4,True,unguided
6973,ok,4,False,controversy guided
6974,ok,4,True,values guided
6975,ok,3,True,values guided
6976,ok,4,True,controversy guided
6977,ok,4,True,controversy guided
6978,ok,3,True,unguided
6979,ok,4,True,unguided
6980,ok,3,True,unguided
6981,ok,4,True,unguided
6982,ok,4,True,values guided
6983,ok,4,True,controversy guided
6984,ok,4,True,values guided
6985,ok,4,False,unguided
6986,ok,4,True,unguided
6987,ok,4,True,unguided
6988,ok,4,True,unguided
6989,ok,4,True,values guided
6990,ok,3,True,controversy guided
6991,ok,4,True,values guided
6992,ok,4,True,unguided
6993,ok,4,True,unguided
6994,ok,4,True,controversy guided
6995,ok,3,True,values guided
6996,ok,4,True,unguided
6997,ok,3,True,controversy guided
6998,ok,4,True,values guided
6999,ok,4,True,values guided
7000,ok,4,True,unguided
7001,ok,4,False,values guided
7002,ok,4,True,values guided
7003,ok,4,True,unguided
7004,ok,3,True,controversy guided
7005,ok,4,True,controversy guided
7006,ok,4,True,controversy guided
7007,ok,4,True,controversy guided
7008,ok,4,False,values guided
7009,ok,4,True,unguided
7010,ok,4,True,unguided
7011,ok,4,True,values guided
7012,ok,4,True,unguided
7013,ok,4,True,values guided
7014,ok,4,True,unguided
7015,ok,3,True,controversy guided
7016,ok,4,True,controversy guided
7017,ok,4,True,values guided
7018,ok,4,True,controversy guided
7019,ok,4,True,unguided
7020,ok,4,True,values guided
7021,ok,4,True,values guided
7022,ok,4,True,values guided
7023,ok,4,True,values guided
7024,ok,4,True,unguided
7025,ok,4,True,unguided
7026,ok,4,True,controversy guided
7027,ok,4,True,unguided
7028,ok,3,True,values guided
7029,ok,4,True,unguided
7030,ok,4,True,values guided
7031,ok,4,True,controversy guided
7032,ok,3,True,unguided
7033,ok,4,True,unguided
7034,ok,3,True,values guided
7035,ok,3,True,controversy guided
7036,ok,3,True,controversy guided
7037,ok,4,True,controversy guided
7038,ok,2,True,controversy guided
7039,ok,4,True,values guided
7040,ok,3,True,unguided
7041,ok,4,True,unguided
7042,ok,4,True,values guided
7043,ok,4,True,values guided
7044,ok,3,True,controversy guided
7045,ok,3,True,values guided
7046,ok,4,True,controversy guided
7047,ok,4,True,controversy guided
7048,ok,4,True,controversy guided
7049,ok,3,True,unguided
7050,ok,4,True,unguided
7051,ok,4,True,controversy guided
7052,ok,4,True,values guided
7053,ok,3,True,values guided
7054,ok,4,True,controversy guided
7055,ok,4,True,controversy guided
7056,ok,4,True,unguided
7057,ok,3,False,values guided
7058,ok,4,True,controversy guided
7059,ok,4,True,unguided
7060,ok,2,True,unguided
7061,ok,4,False,values guided
7062,ok,4,False,values guided
7063,ok,3,False,controversy guided
7064,ok,4,False,controversy guided
7065,ok,4,True,unguided
7066,ok,4,True,unguided
7067,ok,4,True,unguided
7068,ok,4,True,controversy guided
7069,ok,4,True,unguided
7070,ok,3,True,controversy guided
7071,ok,4,True,controversy guided
7072,ok,4,True,values guided
7073,ok,4,True,values guided
7074,ok,3,True,values guided
7075,ok,4,True,unguided
7076,ok,4,True,values guided
7077,ok,3,True,values guided
7078,ok,4,True,values guided
7079,ok,4,True,values guided
7080,ok,3,True,unguided
7081,ok,4,True,controversy guided
7082,ok,4,True,controversy guided
7083,ok,3,True,values guided
7084,ok,4,True,controversy guided
7085,ok,4,True,unguided
7086,ok,4,True,values guided
7087,ok,4,True,unguided
7088,ok,4,True,controversy guided
7089,ok,4,True,controversy guided
7090,ok,4,True,unguided
7091,ok,4,True,unguided
7092,ok,3,True,values guided
7093,ok,4,True,values guided
7094,ok,4,True,unguided
7095,ok,4,True,unguided
7096,ok,4,True,controversy guided
7097,ok,4,True,controversy guided
7098,ok,3,True,unguided
7099,ok,4,True,unguided
7100,ok,4,True,controversy guided
7101,ok,4,True,values guided
7102,ok,4,True,unguided
7103,ok,4,True,unguided
7104,ok,3,True,values guided
7105,ok,4,True,controversy guided
7106,ok,4,True,unguided
7107,ok,4,True,values guided
7108,ok,4,True,values guided
7109,ok,3,True,unguided
7110,ok,4,True,unguided
7111,ok,3,True,controversy guided
7112,ok,4,True,unguided
7113,ok,4,True,controversy guided
7114,ok,3,True,values guided
7115,ok,4,True,values guided
7116,ok,4,True,controversy guided
7117,ok,4,True,unguided
7118,ok,4,True,unguided
7119,ok,4,True,values guided
7120,ok,4,True,unguided
7121,ok,4,True,controversy guided
7122,ok,4,True,unguided
7123,ok,4,True,unguided
7124,ok,4,True,controversy guided
7125,ok,3,True,controversy guided
7126,ok,4,True,values guided
7127,ok,4,True,controversy guided
7128,ok,2,True,controversy guided
7129,ok,4,True,values guided
7130,ok,4,True,controversy guided
7131,ok,4,False,controversy guided
7132,ok,3,True,values guided
7133,ok,4,True,unguided
7134,ok,4,True,controversy guided
7135,ok,4,True,unguided
7136,ok,4,True,controversy guided
7137,ok,4,True,unguided
7138,ok,4,True,values guided
7139,ok,4,True,controversy guided
7140,ok,3,True,values guided
7141,ok,4,True,controversy guided
7142,ok,3,True,values guided
7143,ok,4,True,unguided
7144,ok,4,True,unguided
7145,ok,3,True,values guided
7146,ok,4,False,unguided
7147,ok,4,True,unguided
7148,ok,4,True,unguided
7149,ok,4,True,values guided
7150,ok,3,True,controversy guided
7151,ok,4,True,values guided
7152,ok,4,True,values guided
7153,ok,4,True,unguided
7154,ok,4,True,values guided
7155,ok,4,False,controversy guided
7156,ok,4,True,unguided
7157,ok,4,True,controversy guided
7158,ok,4,True,controversy guided
7159,ok,4,True,values guided
7160,ok,3,True,unguided
7161,ok,4,True,controversy guided
7162,ok,3,True,controversy guided
7163,ok,4,False,values guided
7164,ok,4,True,unguided
7165,ok,4,True,controversy guided
7166,ok,3,True,controversy guided
7167,ok,4,True,values guided
7168,ok,4,True,unguided
7169,ok,4,True,unguided
7170,ok,4,True,unguided
7171,ok,4,True,controversy guided
7172,ok,3,True,unguided
7173,ok,4,True,values guided
7174,ok,4,True,controversy guided
7175,ok,4,True,values guided
7176,ok,4,True,unguided
7177,ok,4,True,unguided
7178,ok,4,True,unguided
7179,ok,4,True,controversy guided
7180,ok,4,True,controversy guided
7181,ok,3,True,unguided
7182,ok,4,True,values guided
7183,ok,3,True,values guided
7184,ok,4,True,values guided
7185,ok,3,True,unguided
7186,ok,4,True,unguided
7187,ok,4,True,values guided
7188,ok,4,False,unguided
7189,ok,4,True,values guided
7190,ok,4,True,unguided
7191,ok,4,True,controversy guided
7192,ok,4,True,unguided
7193,ok,3,True,controversy guided
7194,ok,4,False,controversy guided
7195,ok,3,True,unguided
7196,ok,4,True,values guided
7197,ok,4,True,unguided
7198,ok,4,True,unguided
7199,ok,4,True,unguided
7200,ok,4,True,values guided
7201,ok,3,True,controversy guided
7202,ok,4,True,controversy guided
7203,ok,4,True,unguided
7204,ok,4,True,unguided
7205,ok,4,True,unguided
7206,ok,4,True,unguided
7207,ok,3,True,unguided
7208,ok,3,True,values guided
7209,ok,4,True,controversy guided
7210,ok,4,True,unguided
7211,ok,4,False,unguided
7212,ok,4,True,values guided
7213,ok,3,True,unguided
7214,ok,4,True,unguided
7215,ok,4,True,controversy guided
7216,ok,3,True,unguided
7217,ok,4,True,unguided
7218,ok,3,True,unguided
7219,ok,4,True,values guided
7220,ok,3,True,values guided
7221,ok,4,True,values guided
7222,ok,4,True,unguided
7223,ok,4,True,unguided
7224,ok,4,True,unguided
7225,too_few_models,1,,
7226,ok,3,True,values guided
7227,ok,4,True,unguided
7228,ok,4,True,values guided
7229,ok,4,True,values guided
7230,ok,4,True,unguided
7231,ok,4,True,values guided
7232,ok,4,True,values guided
7233,ok,4,True,values guided
7234,ok,3,True,controversy guided
7235,ok,4,True,controversy guided
7236,ok,4,True,unguided
7237,ok,4,True,unguided
7238,ok,4,True,values guided
7239,ok,4,True,unguided
7240,ok,4,True,unguided
7241,ok,4,True,unguided
7242,ok,4,True,unguided
7243,ok,4,True,controversy guided
7244,ok,4,True,unguided
7245,ok,4,True,unguided
7246,ok,4,True,values guided
7247,ok,4,True,unguided
7248,ok,4,True,unguided
7249,ok,4,True,controversy guided
7250,ok,4,True,controversy guided
7251,ok,3,True,controversy guided
7252,ok,3,True,unguided
7253,ok,4,False,unguided
7254,ok,4,True,values guided
7255,ok,4,False,unguided
7256,ok,4,True,unguided
7257,ok,4,True,unguided
7258,ok,4,True,unguided
7259,ok,4,True,unguided
7260,ok,4,True,controversy guided
7261,ok,3,True,unguided
7262,ok,4,False,unguided
7263,ok,3,True,values guided
7264,ok,2,False,unguided
7265,ok,4,True,controversy guided
7266,ok,4,True,unguided
7267,ok,4,True,values guided
7268,ok,3,True,unguided
7269,ok,4,True,values guided
7270,ok,2,True,unguided
7271,ok,4,True,controversy guided
7272,ok,4,True,unguided
7273,ok,4,True,unguided
7274,ok,4,True,unguided
7275,ok,4,True,controversy guided
7276,ok,4,True,unguided
7277,ok,4,True,unguided
7278,ok,4,True,values guided
7279,ok,4,True,controversy guided
7280,ok,3,True,controversy guided
7281,ok,4,True,values guided
7282,ok,4,True,unguided
7283,ok,4,True,unguided
7284,ok,4,True,unguided
7285,ok,4,True,unguided
7286,ok,3,True,unguided
7287,ok,4,True,values guided
7288,ok,4,True,values guided
7289,ok,4,True,values guided
7290,ok,4,True,unguided
7291,ok,4,True,controversy guided
7292,ok,4,True,controversy guided
7293,ok,4,True,values guided
7294,ok,3,True,values guided
7295,ok,3,True,controversy guided
7296,ok,4,True,controversy guided
7297,ok,4,True,values guided
7298,ok,4,True,values guided
7299,ok,4,True,unguided
7300,ok,4,True,unguided
7301,ok,4,True,unguided
7302,ok,4,False,unguided
7303,ok,4,False,unguided
7304,ok,4,True,values guided
7305,ok,4,True,controversy guided
7306,ok,4,True,unguided
7307,ok,4,True,values guided
7308,ok,4,True,unguided
7309,ok,4,True,unguided
7310,ok,4,True,unguided
7311,ok,4,True,unguided
7312,ok,4,False,values guided
7313,ok,4,True,controversy guided
7314,ok,4,True,controversy guided
7315,ok,4,True,values guided
7316,ok,4,True,unguided
7317,ok,4,True,controversy guided
7318,ok,4,False,unguided
7319,ok,4,True,unguided
7320,ok,4,True,unguided
7321,ok,4,True,unguided
7322,ok,4,True,controversy guided
7323,ok,4,False,unguided
7324,ok,3,True,values guided
7325,ok,4,True,values guided
7326,ok,3,True,values guided
7327,ok,4,True,controversy guided
7328,ok,4,True,values guided
7329,ok,4,True,values guided
7330,ok,4,True,controversy guided
7331,ok,3,True,unguided
7332,ok,4,True,unguided
7333,ok,4,True,values guided
7334,ok,4,True,unguided
7335,ok,4,True,unguided
7336,ok,4,True,controversy guided
7337,ok,4,True,controversy guided
7338,ok,4,True,unguided
7339,ok,4,True,values guided
7340,ok,4,True,unguided
7341,ok,4,True,values guided
7342,ok,4,True,unguided
7343,ok,3,True,controversy guided
7344,ok,4,True,unguided
7345,ok,4,True,controversy guided
7346,ok,4,True,unguided
7347,ok,4,True,unguided
7348,ok,4,False,values guided
7349,ok,3,True,values guided
7350,ok,4,True,controversy guided
7351,ok,4,True,controversy guided
7352,ok,4,True,unguided
7353,ok,4,True,unguided
7354,ok,4,True,controversy guided
7355,ok,3,False,unguided
7356,ok,3,True,values guided
7357,ok,4,True,controversy guided
7358,ok,4,True,unguided
7359,ok,4,True,controversy guided
7360,ok,4,True,unguided
7361,ok,3,True,unguided
7362,ok,4,True,unguided
7363,ok,4,True,unguided
7364,ok,4,True,controversy guided
7365,ok,4,True,controversy guided
7366,ok,4,False,unguided
7367,ok,4,True,values guided
7368,ok,4,True,unguided
7369,ok,4,True,unguided
7370,ok,4,True,controversy guided
7371,ok,4,True,unguided
7372,ok,4,True,values guided
7373,ok,4,True,unguided
7374,ok,4,True,unguided
7375,ok,4,True,unguided
7376,ok,4,True,unguided
7377,ok,4,True,unguided
7378,ok,4,True,controversy guided
7379,ok,4,True,values guided
7380,ok,4,True,unguided
7381,ok,3,True,unguided
7382,ok,3,True,controversy guided
7383,ok,4,True,unguided
7384,ok,3,True,unguided
7385,ok,4,True,values guided
7386,ok,4,True,unguided
7387,ok,3,True,values guided
7388,ok,3,True,controversy guided
7389,ok,4,True,unguided
7390,ok,4,False,unguided
7391,ok,4,True,unguided
7392,ok,4,True,controversy guided
7393,ok,4,False,controversy guided
7394,ok,4,True,unguided
7395,ok,3,False,unguided
7396,ok,4,False,unguided
7397,ok,4,True,values guided
7398,ok,4,False,controversy guided
7399,ok,4,True,unguided
7400,ok,4,True,controversy guided
7401,ok,2,True,unguided
7402,ok,4,True,values guided
7403,ok,4,False,controversy guided
7404,ok,4,True,unguided
7405,ok,4,True,unguided
7406,ok,4,True,unguided
7407,ok,4,True,values guided
7408,ok,4,True,values guided
7409,ok,4,True,controversy guided
7410,ok,3,True,controversy guided
7411,ok,3,True,controversy guided
7412,ok,4,True,unguided
7413,ok,4,True,values guided
7414,ok,3,True,unguided
7415,ok,4,True,unguided
7416,ok,2,True,unguided
7417,ok,4,True,unguided
7418,ok,4,True,unguided
7419,ok,4,True,values guided
7420,ok,4,True,values guided
7421,ok,4,True,values guided
7422,ok,4,True,controversy guided
7423,ok,4,True,controversy guided
7424,ok,4,True,values guided
7425,ok,4,True,values guided
7426,ok,4,True,values guided
7427,ok,4,True,unguided
7428,ok,4,True,unguided
7429,ok,4,False,unguided
7430,ok,4,True,controversy guided
7431,ok,4,True,values guided
7432,ok,4,True,values guided
7433,ok,4,True,values guided
7434,ok,4,True,controversy guided
7435,ok,4,True,values guided
7436,ok,4,True,unguided
7437,ok,4,True,controversy guided
7438,ok,4,True,controversy guided
7439,ok,4,True,values guided
7440,ok,3,True,values guided
7441,ok,4,True,values guided
7442,ok,4,True,values guided
7443,ok,4,True,values guided
7444,ok,4,True,unguided
7445,ok,4,True,controversy guided
7446,ok,4,True,unguided
7447,ok,4,True,values guided
7448,ok,4,False,values guided
7449,ok,4,True,unguided
7450,ok,4,True,values guided
7451,ok,4,False,unguided
7452,ok,3,True,values guided
7453,ok,4,True,values guided
7454,ok,4,True,controversy guided
7455,ok,4,False,values guided
7456,ok,3,True,values guided
7457,ok,4,True,unguided
7458,ok,4,True,controversy guided
7459,ok,3,True,controversy guided
7460,ok,3,True,values guided
7461,ok,4,True,controversy guided
7462,ok,4,True,controversy guided
7463,ok,4,True,controversy guided
7464,ok,4,True,controversy guided
7465,ok,3,True,values guided
7466,ok,4,True,unguided
7467,ok,4,True,unguided
7468,ok,4,True,values guided
7469,ok,4,True,controversy guided
7470,ok,3,True,controversy guided
7471,ok,4,True,controversy guided
7472,ok,3,True,values guided
7473,ok,3,True,unguided
7474,ok,4,False,values guided
7475,ok,2,True,controversy guided
7476,ok,4,True,controversy guided
7477,ok,3,True,unguided
7478,ok,3,True,unguided
7479,ok,4,True,unguided
7480,ok,4,True,unguided
7481,ok,4,True,values guided
7482,ok,4,True,unguided
7483,ok,4,True,unguided
7484,ok,4,True,unguided
7485,ok,4,True,unguided
7486,ok,4,True,controversy guided
7487,ok,4,True,unguided
7488,ok,4,True,unguided
7489,ok,4,True,values guided
7490,ok,3,True,unguided
7491,ok,4,True,unguided
7492,ok,4,True,unguided
7493,ok,4,True,controversy guided
7494,ok,4,True,unguided
7495,ok,4,True,unguided
7496,ok,4,False,values guided
7497,ok,4,True,unguided
7498,ok,4,True,values guided
7499,ok,4,True,controversy guided
7500,ok,4,True,values guided
7501,ok,3,True,unguided
7502,ok,4,True,controversy guided
7503,ok,3,True,values guided
7504,ok,4,True,controversy guided
7505,ok,4,True,unguided
7506,ok,4,True,values guided
7507,ok,4,False,unguided
7508,ok,3,True,unguided
7509,ok,4,True,controversy guided
7510,ok,4,True,unguided
7511,ok,4,True,values guided
7512,ok,4,True,values guided
7513,ok,4,True,values guided
7514,ok,3,True,values guided
7515,ok,4,True,values guided
7516,ok,4,True,controversy guided
7517,ok,3,True,controversy guided
7518,ok,4,True,controversy guided
7519,ok,4,True,controversy guided
7520,ok,2,True,unguided
7521,ok,4,True,values guided
7522,ok,4,True,unguided
7523,ok,4,True,controversy guided
7524,ok,4,True,values guided
7525,ok,4,False,unguided
7526,ok,4,True,unguided
7527,ok,4,True,unguided
7528,ok,4,True,controversy guided
7529,ok,4,True,values guided
7530,ok,3,True,unguided
7531,ok,4,True,controversy guided
7532,ok,4,True,values guided
7533,ok,4,True,controversy guided
7534,ok,4,True,unguided
7535,ok,4,True,values guided
7536,ok,4,False,unguided
7537,ok,4,True,values guided
7538,ok,4,True,unguided
7539,ok,4,True,values guided
7540,ok,4,True,controversy guided
7541,ok,3,True,controversy guided
7542,ok,4,True,unguided
7543,ok,4,True,unguided
7544,ok,4,True,unguided
7545,ok,4,True,unguided
7546,ok,3,False,unguided
7547,ok,4,True,controversy guided
7548,ok,3,True,controversy guided
7549,ok,4,True,controversy guided
7550,ok,4,True,controversy guided
7551,ok,4,True,unguided
7552,ok,4,True,unguided
7553,ok,4,True,unguided
7554,ok,4,True,values guided
7555,ok,4,False,values guided
7556,ok,4,True,controversy guided
7557,ok,3,True,unguided
7558,ok,4,True,values guided
7559,ok,4,True,unguided
7560,ok,4,True,values guided
7561,ok,4,True,values guided
7562,ok,4,True,unguided
7563,ok,4,True,values guided
7564,ok,3,True,unguided
7565,ok,4,True,values guided
7566,ok,4,True,unguided
7567,ok,4,True,controversy guided
7568,ok,4,True,controversy guided
7569,ok,3,True,controversy guided
7570,ok,4,True,controversy guided
7571,ok,4,True,values guided
7572,ok,4,True,unguided
7573,ok,3,True,values guided
7574,ok,4,True,values guided
7575,ok,3,True,values guided
7576,ok,2,True,unguided
7577,ok,3,True,values guided
7578,ok,4,True,unguided
7579,ok,4,False,unguided
7580,ok,4,True,values guided
7581,ok,4,True,controversy guided
7582,ok,4,True,unguided
7583,ok,4,True,unguided
7584,ok,4,True,values guided
7585,ok,4,True,unguided
7586,ok,4,True,controversy guided
7587,ok,4,True,values guided
7588,ok,4,True,values guided
7589,ok,4,True,values guided
7590,ok,4,True,controversy guided
7591,ok,4,True,unguided
7592,ok,4,True,unguided
7593,ok,3,True,unguided
7594,ok,4,False,controversy guided
7595,ok,4,True,values guided
7596,ok,4,False,values guided
7597,ok,4,True,unguided
7598,ok,4,True,controversy guided
7599,ok,4,True,unguided
7600,ok,4,False,values guided
7601,ok,4,True,values guided
7602,ok,4,True,unguided
7603,ok,4,True,controversy guided
7604,ok,4,True,controversy guided
7605,ok,4,True,values guided
7606,ok,4,True,values guided
7607,ok,4,True,controversy guided
7608,ok,4,True,unguided
7609,ok,4,True,values guided
7610,ok,3,True,controversy guided
7611,ok,4,True,values guided
7612,ok,4,True,values guided
7613,ok,4,True,controversy guided
7614,ok,4,True,controversy guided
7615,ok,4,True,controversy guided
7616,ok,2,True,unguided
7617,ok,4,True,controversy guided
7618,ok,4,True,values guided
7619,ok,4,True,controversy guided
7620,ok,4,True,controversy guided
7621,ok,4,True,values guided
7622,ok,4,True,unguided
7623,ok,4,True,controversy guided
7624,ok,4,False,controversy guided
7625,ok,4,True,controversy guided
7626,ok,4,True,controversy guided
7627,ok,4,True,controversy guided
7628,ok,4,True,values guided
7629,ok,2,False,controversy guided
7630,ok,4,True,controversy guided
7631,ok,4,True,values guided
7632,ok,4,True,controversy guided
7633,ok,4,True,controversy guided
7634,ok,4,True,controversy guided
7635,ok,4,True,controversy guided
7636,ok,4,True,controversy guided
7637,ok,4,True,controversy guided
7638,ok,4,True,unguided
7639,ok,4,True,unguided
7640,ok,3,True,controversy guided
7641,ok,4,True,values guided
7642,ok,4,True,unguided
7643,ok,4,False,unguided
7644,ok,4,True,unguided
7645,ok,4,True,controversy guided
7646,ok,4,True,values guided
7647,ok,4,True,controversy guided
7648,ok,4,True,values guided
7649,ok,4,True,controversy guided
7650,ok,3,True,values guided
7651,ok,4,True,controversy guided
7652,ok,4,True,controversy guided
7653,ok,4,True,unguided
7654,ok,4,True,unguided
7655,ok,4,True,values guided
7656,ok,4,True,controversy guided
7657,ok,4,True,controversy guided
7658,ok,3,True,unguided
7659,ok,3,True,controversy guided
7660,ok,4,True,controversy guided
7661,ok,4,True,unguided
7662,ok,3,True,values guided
7663,ok,4,True,controversy guided
7664,ok,4,True,unguided
7665,ok,4,True,controversy guided
7666,ok,4,True,unguided
7667,ok,4,True,controversy guided
7668,ok,4,True,unguided
7669,ok,4,True,unguided
7670,ok,4,True,controversy guided
7671,ok,4,True,values guided
7672,ok,4,True,values guided
7673,ok,3,True,values guided
7674,ok,4,True,unguided
7675,ok,4,True,values guided
7676,ok,4,False,unguided
7677,ok,3,True,controversy guided
7678,ok,2,True,values guided
7679,ok,3,True,controversy guided
7680,ok,4,True,values guided
7681,ok,4,True,values guided
7682,ok,4,True,unguided
7683,ok,4,True,unguided
7684,ok,4,True,unguided
7685,ok,4,True,unguided
7686,ok,3,True,values guided
7687,ok,4,True,controversy guided
7688,ok,3,False,unguided
7689,ok,4,True,controversy guided
7690,ok,3,True,controversy guided
7691,ok,4,True,values guided
7692,ok,4,True,controversy guided
7693,ok,4,True,unguided
7694,ok,4,True,unguided
7695,ok,4,True,controversy guided
7696,ok,4,True,values guided
7697,ok,3,True,unguided
7698,ok,4,True,unguided
7699,ok,4,True,unguided
7700,ok,4,True,controversy guided
7701,ok,4,True,unguided
7702,ok,4,True,unguided
7703,ok,4,True,unguided
7704,ok,3,True,values guided
7705,ok,3,True,controversy guided
7706,ok,4,True,unguided
7707,ok,4,False,values guided
7708,ok,4,True,values guided
7709,ok,4,True,values guided
7710,ok,4,False,unguided
7711,ok,3,True,values guided
7712,ok,4,True,unguided
7713,ok,3,True,unguided
7714,ok,4,True,values guided
7715,ok,4,True,values guided
7716,ok,4,True,values guided
7717,ok,4,True,unguided
7718,ok,4,True,unguided
7719,ok,4,True,unguided
7720,ok,4,True,unguided
7721,ok,4,True,controversy guided
7722,ok,4,False,values guided
7723,ok,3,True,controversy guided
7724,ok,4,True,controversy guided
7725,ok,4,True,controversy guided
7726,ok,4,True,values guided
7727,ok,4,True,controversy guided
7728,ok,4,True,controversy guided
7729,ok,3,False,unguided
7730,ok,4,True,values guided
7731,ok,4,True,unguided
7732,ok,4,True,unguided
7733,ok,3,True,unguided
7734,ok,3,True,unguided
7735,ok,4,True,controversy guided
7736,ok,3,True,unguided
7737,ok,4,True,values guided
7738,ok,4,True,values guided
7739,ok,4,True,controversy guided
7740,ok,4,True,unguided
7741,ok,3,True,unguided
7742,ok,4,True,values guided
7743,ok,4,True,unguided
7744,ok,4,True,values guided
7745,ok,3,True,controversy guided
7746,ok,4,True,values guided
7747,ok,4,True,controversy guided
7748,ok,4,True,unguided
7749,ok,4,True,unguided
7750,ok,3,True,values guided
7751,ok,4,True,unguided
7752,ok,4,True,values guided
7753,ok,4,True,values guided
7754,ok,4,False,controversy guided
7755,ok,4,True,unguided
7756,ok,3,True,values guided
7757,ok,4,True,controversy guided
7758,ok,4,True,controversy guided
7759,ok,4,True,controversy guided
7760,ok,3,True,unguided
7761,ok,4,True,values guided
7762,ok,2,True,values guided
7763,ok,4,True,values guided
7764,ok,4,True,controversy guided
7765,ok,4,True,values guided
7766,ok,4,True,controversy guided
7767,ok,3,True,unguided
7768,ok,4,False,values guided
7769,ok,3,True,controversy guided
7770,ok,4,True,controversy guided
7771,ok,4,True,values guided
7772,ok,4,True,unguided
7773,ok,3,True,controversy guided
7774,ok,4,True,unguided
7775,ok,3,True,controversy guided
7776,ok,4,True,controversy guided
7777,ok,4,True,controversy guided
7778,ok,3,True,unguided
7779,ok,4,True,unguided
7780,ok,4,True,unguided
7781,ok,4,True,controversy guided
7782,ok,2,True,values guided
7783,ok,4,True,controversy guided
7784,ok,4,True,values guided
7785,ok,3,True,values guided
7786,ok,4,True,controversy guided
7787,ok,4,True,unguided
7788,ok,4,True,unguided
7789,ok,4,True,controversy guided
7790,ok,4,False,unguided
7791,ok,4,True,unguided
7792,ok,4,True,controversy guided
7793,ok,4,True,values guided
7794,ok,4,True,values guided
7795,ok,3,True,unguided
7796,ok,4,True,controversy guided
7797,ok,4,True,values guided
7798,ok,2,True,unguided
7799,ok,3,True,controversy guided
7800,ok,4,True,controversy guided
7801,ok,4,True,unguided
7802,ok,4,True,controversy guided
7803,ok,4,True,unguided
7804,ok,4,True,values guided
7805,ok,4,True,values guided
7806,ok,3,True,unguided
7807,ok,4,True,unguided
7808,ok,4,True,values guided
7809,ok,4,True,values guided
7810,ok,4,True,unguided
7811,ok,4,True,values guided
7812,ok,3,True,controversy guided
7813,ok,4,True,controversy guided
7814,ok,4,True,controversy guided
7815,ok,4,True,controversy guided
7816,ok,3,True,unguided
7817,ok,4,True,unguided
7818,ok,4,True,unguided
7819,ok,4,True,unguided
7820,ok,4,True,values guided
7821,ok,4,True,values guided
7822,ok,2,True,unguided
7823,ok,4,True,unguided
7824,ok,3,True,unguided
7825,ok,4,True,controversy guided
7826,ok,4,True,values guided
7827,ok,3,True,values guided
7828,ok,4,True,controversy guided
7829,ok,4,False,values guided
7830,ok,3,True,controversy guided
7831,ok,4,True,unguided
7832,ok,4,True,controversy guided
7833,ok,4,True,unguided
7834,ok,4,True,controversy guided
7835,ok,3,True,controversy guided
7836,ok,4,True,values guided
7837,ok,3,True,controversy guided
7838,ok,4,True,values guided
7839,ok,3,True,values guided
7840,ok,2,True,unguided
7841,ok,4,True,unguided
7842,ok,4,True,controversy guided
7843,ok,4,True,unguided
7844,ok,4,True,values guided
7845,ok,3,True,values guided
7846,ok,3,True,controversy guided
7847,ok,4,True,controversy guided
7848,ok,4,True,controversy guided
7849,ok,4,True,values guided
7850,ok,3,True,unguided
7851,ok,4,True,values guided
7852,ok,4,True,controversy guided
7853,ok,3,True,controversy guided
7854,ok,4,True,unguided
7855,ok,4,True,values guided
7856,ok,4,True,unguided
7857,ok,4,True,values guided
7858,ok,4,True,controversy guided
7859,ok,4,True,unguided
7860,ok,4,True,unguided
7861,ok,4,True,unguided
7862,ok,3,True,unguided
7863,ok,4,True,controversy guided
7864,ok,3,True,unguided
7865,ok,4,True,controversy guided
7866,ok,3,True,values guided
7867,ok,4,True,unguided
7868,ok,4,True,controversy guided
7869,ok,4,True,values guided
7870,ok,4,True,values guided
7871,ok,3,True,controversy guided
7872,ok,4,True,controversy guided
7873,ok,3,True,unguided
7874,ok,4,True,values guided
7875,ok,4,True,controversy guided
7876,ok,4,True,values guided
7877,ok,3,True,unguided
7878,ok,4,True,unguided
7879,ok,4,True,unguided
7880,ok,4,True,unguided
7881,ok,4,True,unguided
7882,ok,4,True,unguided
7883,ok,4,False,controversy guided
7884,ok,4,True,unguided
7885,ok,4,True,values guided
7886,ok,4,True,unguided
7887,ok,4,True,values guided
7888,ok,4,True,values guided
7889,ok,3,True,unguided
7890,ok,3,True,unguided
7891,ok,4,True,unguided
7892,ok,4,True,controversy guided
7893,ok,3,True,unguided
7894,ok,4,True,controversy guided
7895,ok,3,True,controversy guided
7896,ok,4,True,unguided
7897,ok,4,True,controversy guided
7898,ok,4,True,unguided
7899,ok,3,True,values guided
7900,ok,4,True,unguided
7901,ok,4,True,controversy guided
7902,ok,4,True,controversy guided
7903,ok,3,True,controversy guided
7904,ok,4,True,values guided
7905,ok,4,True,controversy guided
7906,ok,4,True,values guided
7907,ok,3,True,unguided
7908,ok,4,True,controversy guided
7909,ok,3,True,unguided
7910,ok,4,True,controversy guided
7911,ok,4,True,unguided
7912,ok,4,True,unguided
7913,ok,4,True,values guided
7914,ok,4,True,unguided
7915,ok,4,False,unguided
7916,ok,4,True,values guided
7917,ok,4,True,controversy guided
7918,ok,4,True,unguided
7919,ok,4,True,controversy guided
7920,ok,4,True,unguided
7921,ok,4,True,values guided
7922,ok,4,True,controversy guided
7923,ok,3,True,unguided
7924,ok,4,True,controversy guided
7925,ok,4,True,controversy guided
7926,ok,3,True,unguided
7927,ok,4,False,unguided
7928,ok,3,True,unguided
7929,ok,4,True,unguided
7930,ok,4,True,values guided
7931,ok,4,True,unguided
7932,ok,4,True,controversy guided
7933,ok,4,True,values guided
7934,ok,4,True,controversy guided
7935,ok,4,True,controversy guided
7936,ok,4,True,unguided
7937,ok,3,True,values guided
7938,ok,2,True,controversy guided
7939,ok,4,True,values guided
7940,ok,4,True,unguided
7941,ok,4,True,values guided
7942,ok,4,True,values guided
7943,ok,4,True,values guided
7944,ok,4,True,controversy guided
7945,ok,3,True,unguided
7946,ok,3,True,unguided
7947,ok,4,True,controversy guided
7948,ok,3,True,values guided
7949,ok,4,True,unguided
7950,ok,4,True,controversy guided
7951,ok,3,True,unguided
7952,ok,4,True,values guided
7953,ok,4,True,controversy guided
7954,ok,4,True,unguided
7955,ok,3,True,values guided
7956,ok,4,True,values guided
7957,ok,3,True,controversy guided
7958,ok,4,True,controversy guided
7959,ok,4,True,unguided
7960,ok,4,True,values guided
7961,ok,4,True,values guided
7962,ok,3,True,controversy guided
7963,ok,4,True,values guided
7964,ok,4,True,unguided
7965,ok,2,True,values guided
7966,ok,4,True,controversy guided
7967,ok,4,True,unguided
7968,ok,3,True,unguided
7969,ok,3,True,controversy guided
7970,ok,3,True,controversy guided
7971,ok,3,True,values guided
7972,ok,3,True,unguided
7973,ok,4,True,unguided
7974,ok,4,True,values guided
7975,ok,4,True,unguided
7976,ok,2,True,controversy guided
7977,ok,4,True,values guided
7978,ok,2,True,values guided
7979,ok,2,True,controversy guided
7980,ok,3,True,unguided
7981,ok,3,False,values guided
7982,ok,3,False,values guided
7983,ok,3,True,unguided
7984,ok,4,True,values guided
7985,ok,4,True,unguided
7986,ok,3,True,unguided
7987,ok,4,True,unguided
7988,too_few_models,1,,
7989,ok,4,True,unguided
7990,ok,3,True,unguided
7991,ok,4,True,unguided
7992,ok,4,False,unguided
7993,ok,2,True,values guided
7994,ok,4,True,values guided
7995,ok,2,True,controversy guided
7996,ok,4,True,controversy guided
7997,ok,3,True,controversy guided
7998,ok,3,True,controversy guided
7999,ok,3,True,values guided
8000,ok,2,True,controversy guided
8001,ok,3,True,controversy guided
8002,ok,4,True,values guided
8003,ok,3,True,unguided
8004,ok,3,True,values guided
8005,ok,4,True,unguided
8006,too_few_models,1,,
8007,ok,3,True,values guided
8008,ok,3,True,values guided
8009,ok,4,True,controversy guided
8010,ok,3,True,controversy guided
