rep,n_models,n_edges,eligible_triples,cyclic_triples,cycle_rate,weighted_cycle_intensity_sum,weighted_cycle_intensity_mean,hodge_n_models,hodge_n_edges,hodge_gradient_energy,hodge_cyclic_residual_energy,hodge_total_energy,hodge_rho_cyc
0,21,210,1330,11,0.008270676691729323,0.006915986189299985,0.0006287260172090895,21,210,5475.351296567411,216.17445435884943,5691.525750926255,0.037981810821758756
1,21,210,1330,21,0.015789473684210527,0.0061408321460096685,0.0002924205783814128,21,210,5571.890209428304,223.22390212060938,5795.114111548912,0.03851932814847477
2,21,210,1330,24,0.01804511278195489,0.008821230614321865,0.0003675512755967444,21,210,5315.754942775648,170.1276366787659,5485.88257945441,0.03101189903625055
3,21,210,1330,5,0.0037593984962406013,0.002548098035914744,0.0005096196071829489,21,210,5356.148999033754,204.60935714536168,5560.7583561791125,0.03679522540626133
4,21,210,1330,13,0.009774436090225564,0.008403399646518967,0.0006464153574245358,21,210,5639.410104303723,178.63261341044878,5818.042717714168,0.03070321447908364
5,21,210,1330,36,0.02706766917293233,0.012665550384076485,0.0003518208440021247,21,210,5322.943617638419,230.14643343371677,5553.090051072137,0.041444750817480856
6,21,210,1330,12,0.009022556390977444,0.0060667820894352515,0.0005055651741196043,21,210,5448.434465837323,206.00213224976528,5654.436598087088,0.036431946609757085
7,21,210,1330,7,0.005263157894736842,0.0037522622393961363,0.0005360374627708766,21,210,5592.274781923237,177.14850045568014,5769.423282378914,0.03070471549500113
8,21,210,1330,26,0.019548872180451128,0.00668198810256215,0.0002569995424062365,21,210,5449.056614864964,224.25962069998405,5673.316235564944,0.03952884193095795
9,21,210,1330,18,0.013533834586466165,0.0029977047958038012,0.0001665391553224334,21,210,5559.764954955943,220.75281673115265,5780.517771687087,0.03818910787064743
10,21,210,1330,14,0.010526315789473684,0.006911325873905346,0.0004936661338503819,21,210,5508.770467876185,190.9895235503058,5699.75999142649,0.03350834488427406
11,21,210,1330,21,0.015789473684210527,0.006348551044319156,0.00030231195449138837,21,210,5641.7576989615845,200.82590260505606,5842.583601566637,0.03437279058381062
12,21,210,1330,26,0.019548872180451128,0.015085810509838338,0.0005802234811476284,21,210,5429.513947936903,223.76688207816034,5653.280830015061,0.03958177362959062
13,21,210,1330,14,0.010526315789473684,0.0038580357508974723,0.0002755739822069623,21,210,5498.939606631866,164.29633719253445,5663.235943824397,0.029011035178870676
14,21,210,1330,21,0.015789473684210527,0.005255823331556255,0.00025027730150267886,21,210,5518.85389235454,198.14694223812427,5717.000834592661,0.03465924668738348
15,21,210,1330,22,0.016541353383458645,0.008566935379666527,0.0003894061536212058,21,210,5451.724149238889,248.28787680360298,5700.012026042487,0.043559184729648544
16,21,210,1330,12,0.009022556390977444,0.001814684893929948,0.000151223741160829,21,210,5524.383708294585,219.90010466003707,5744.283812954614,0.038281552900313584
17,21,210,1330,19,0.014285714285714285,0.0123870362829547,0.0006519492780502473,21,210,5548.499949495779,231.03761133186006,5779.537560827637,0.03997510335390487
18,21,210,1330,13,0.009774436090225564,0.003969482902741544,0.00030534483867242646,21,210,5425.422847223584,197.01244269960472,5622.435289923183,0.03504041087901902
19,21,210,1330,7,0.005263157894736842,0.0021313210488736922,0.00030447443555338464,21,210,5620.644653396173,244.95248357743282,5865.5971369736,0.041760877512944564
20,21,210,1330,6,0.004511278195488722,0.011775579593238307,0.001962596598873051,21,210,5559.848894748469,226.07167604764328,5785.920570796112,0.0390727237405779
21,21,210,1330,9,0.006766917293233083,0.0012849931510108996,0.00014277701677898883,21,210,5538.224320165373,206.77886618662853,5745.003186351997,0.035992820104583864
22,21,210,1330,12,0.009022556390977444,0.023374719007497515,0.0019478932506247929,21,210,5351.621940203625,191.60792153467065,5543.2298617382985,0.03456611511949541
23,21,210,1330,25,0.018796992481203006,0.023924169008782463,0.0009569667603512987,21,210,5440.915814282011,217.77433317306898,5658.690147455081,0.03848493688437951
24,21,210,1330,19,0.014285714285714285,0.008158673098659159,0.00042940384729785045,21,210,5590.111280072164,220.87632175137176,5810.987601823529,0.03801011753700166
25,21,210,1330,20,0.015037593984962405,0.015210177086793699,0.0007605088543396848,21,210,5493.383598431674,196.0762145890797,5689.459813020753,0.03446306345996938
26,21,210,1330,12,0.009022556390977444,0.0066106277632286235,0.0005508856469357187,21,210,5418.925287811174,194.0002209657693,5612.925508776943,0.03456312054425286
27,21,210,1330,13,0.009774436090225564,0.002951710401540218,0.00022705464627232442,21,210,5500.779915042165,186.77770629821867,5687.557621340382,0.03283970356579894
28,21,210,1330,16,0.012030075187969926,0.004160300381014403,0.0002600187738134002,21,210,5283.740847324222,215.1949071114536,5498.935754435675,0.039133919129327566
29,21,210,1330,21,0.015789473684210527,0.010255512192062366,0.0004883577234315413,21,210,5556.636181645958,170.70889877073006,5727.345080416688,0.02980593911731093
30,21,210,1330,20,0.015037593984962405,0.017566571314199034,0.0008783285657099517,21,210,5449.771381645756,233.3668480378453,5683.138229683596,0.04106302514673091
31,21,210,1330,19,0.014285714285714285,0.008382081310114416,0.00044116217421654824,21,210,5621.765780355872,222.56954789664562,5844.33532825252,0.038082953046979735
32,21,210,1330,21,0.015789473684210527,0.005506917508425202,0.0002622341670678667,21,210,5470.845878757389,197.10128254072742,5667.947161298117,0.034774721240623876
33,21,210,1330,19,0.014285714285714285,0.006249705494077641,0.0003289318681093495,21,210,5557.169932783578,201.76470714619737,5758.934639929776,0.03503507502017034
34,21,210,1330,11,0.008270676691729323,0.005531160908770426,0.0005028328098882207,21,210,5671.493075681334,218.56826221841638,5890.06133789975,0.0371079772653696
35,21,210,1330,25,0.018796992481203006,0.005742352561042455,0.00022969410244169818,21,210,5527.531849406758,202.41226129177707,5729.9441106985305,0.035325346527176026
36,21,210,1330,5,0.0037593984962406013,0.0017854040848430438,0.0003570808169686088,21,210,5369.58255723906,194.35630078225347,5563.938858021309,0.0349314228178582
37,21,210,1330,17,0.012781954887218045,0.004743819042821024,0.000279048178989472,21,210,5556.872394206923,205.2906318151306,5762.163026022049,0.03562735571486503
38,21,210,1330,22,0.016541353383458645,0.0029333707779327723,0.00013333503536058056,21,210,5361.980153198099,221.07316942347228,5583.053322621567,0.039597180368620526
39,21,210,1330,15,0.011278195488721804,0.0016386111762192186,0.00010924074508128125,21,210,5595.234982582632,211.7498708355572,5806.984853418193,0.03646468454466759
40,21,210,1330,9,0.006766917293233083,0.011762244697612908,0.0013069160775125454,21,210,5515.5954006644515,206.1371810442618,5721.732581708711,0.036027056158346706
41,21,210,1330,17,0.012781954887218045,0.005305929572222275,0.0003121135042483691,21,210,5387.134039690176,217.68520203892706,5604.819241729099,0.038838933541016515
42,21,210,1330,24,0.01804511278195489,0.004978214732380647,0.00020742561384919363,21,210,5369.193705768811,212.66699205983178,5581.860697828642,0.038099659517221524
43,21,210,1330,13,0.009774436090225564,0.005780594683731379,0.00044466112951779845,21,210,5316.4108233951865,182.23748576999157,5498.648309165176,0.03314223342239167
44,21,210,1330,23,0.017293233082706767,0.007406683359699181,0.0003220297112912687,21,210,5621.454192965089,189.48776955785837,5810.941962522946,0.03260878714327895
45,21,210,1330,17,0.012781954887218045,0.0012060557250916694,7.094445441715704e-05,21,210,5372.850435661993,183.44197231037634,5556.292407972366,0.03301517609965366
46,21,210,1330,3,0.002255639097744361,0.0006383067665823782,0.00021276892219412608,21,210,5271.700933579975,189.26409365149908,5460.965027231472,0.03465762785656397
47,21,210,1330,20,0.015037593984962405,0.008445351598630793,0.00042226757993153957,21,210,5356.815079463298,214.1574500537899,5570.9725295170865,0.038441663267787446
48,21,210,1330,11,0.008270676691729323,0.002065288481672727,0.00018775349833388428,21,210,5548.76235000373,236.69536296761726,5785.457712971343,0.040912123933933876
49,21,210,1330,26,0.019548872180451128,0.010206730881447273,0.0003925665723633567,21,210,5352.693336148854,215.57878801777701,5568.272124166629,0.038715562603729874
50,21,210,1330,22,0.016541353383458645,0.009728502256179002,0.00044220464800813643,21,210,5503.119456083964,208.15171456904136,5711.271170653008,0.036445776841872835
51,21,210,1330,27,0.02030075187969925,0.013863048215565409,0.0005134462302061263,21,210,5281.878085060156,208.3977241914277,5490.275809251576,0.03795760567078616
52,21,210,1330,22,0.016541353383458645,0.007519566858893867,0.00034179849358608475,21,210,5482.097302006696,214.76351929398743,5696.860821300678,0.037698572254211
53,21,210,1330,11,0.008270676691729323,0.007240778135246133,0.0006582525577496483,21,210,5632.995106754024,195.9075111340274,5828.902617888056,0.033609673033962804
54,21,210,1330,13,0.009774436090225564,0.0020336401933656206,0.00015643386102812462,21,210,5487.8169144518015,196.57823006548693,5684.395144517288,0.034582083945218084
55,21,210,1330,14,0.010526315789473684,0.004941911160613675,0.00035299365432954824,21,210,5346.670886497239,203.04246272294435,5549.713349220181,0.036586117146298176
56,21,210,1330,17,0.012781954887218045,0.012335697199806388,0.0007256292470474346,21,210,5344.337271850588,218.59432678322523,5562.931598633813,0.03929480758614923
57,21,210,1330,23,0.017293233082706767,0.00285101748858424,0.00012395728211235825,21,210,5369.386494879454,220.26102842190244,5589.647523301355,0.0394051731354631
58,21,210,1330,15,0.011278195488721804,0.004353209091946785,0.000290213939463119,21,210,5349.337076880885,247.85884638943165,5597.195923270314,0.04428268186199446
59,21,210,1330,23,0.017293233082706767,0.004763384960094261,0.00020710369391714175,21,210,5649.675270113265,203.81543087816323,5853.49070099143,0.034819467782470755
60,21,210,1330,14,0.010526315789473684,0.005623140478485235,0.00040165289132037396,21,210,5636.6965321576445,205.9074983484949,5842.604030506135,0.035242418838138764
61,21,210,1330,28,0.021052631578947368,0.011158932093720554,0.0003985332890614483,21,210,5458.081743979592,206.85245028143788,5664.934194261027,0.036514537184031866
62,21,210,1330,14,0.010526315789473684,0.0026130068620808765,0.00018664334729149117,21,210,5367.598715067161,212.97149632713194,5580.570211394292,0.038163035005328166
63,21,210,1330,25,0.018796992481203006,0.0077957652584549585,0.00031183061033819836,21,210,5490.188446844934,183.5265441825947,5673.714991027524,0.03234680354456042
64,21,210,1330,40,0.03007518796992481,0.0229278867633236,0.00057319716908309,21,210,5366.989234731744,229.8300048844643,5596.819239616207,0.04106439658755614
65,21,210,1330,24,0.01804511278195489,0.013590773066984543,0.0005662822111243559,21,210,5559.544571706678,245.71638588367023,5805.260957590344,0.0423265013715529
66,21,210,1330,12,0.009022556390977444,0.0037346563189228407,0.00031122135991023674,21,210,5359.793787690554,245.0630889362945,5604.856876626847,0.04372334465100205
67,21,210,1330,10,0.007518796992481203,0.006985769520440535,0.0006985769520440534,21,210,5641.185720974979,229.39680490803897,5870.582525883019,0.03907564605329084
68,21,210,1330,13,0.009774436090225564,0.004606933321611771,0.00035437948627782843,21,210,5580.152808075869,218.19044659973036,5798.343254675595,0.03762979130698906
69,21,210,1330,13,0.009774436090225564,0.003602844928004894,0.00027714191753883794,21,210,5312.043684389281,221.72459011609,5533.768274505372,0.04006755959363126
70,21,210,1330,15,0.011278195488721804,0.000741869815091345,4.945798767275633e-05,21,210,5588.2377853698345,155.89004714643977,5744.127832516269,0.027139028185267713
71,21,210,1330,21,0.015789473684210527,0.015531550608954843,0.0007395976480454687,21,210,5577.255801433599,211.70484542005477,5788.960646853654,0.03657044128208369
72,21,210,1330,24,0.01804511278195489,0.008658249418767854,0.00036076039244866055,21,210,5587.677262285717,225.56728001475025,5813.244542300466,0.038802303665946745
73,21,210,1330,24,0.01804511278195489,0.00894709759562806,0.00037279573315116926,21,210,5581.252055501451,209.66432280122632,5790.916378302676,0.0362057244664754
74,21,210,1330,24,0.01804511278195489,0.0038611369013567634,0.00016088070422319846,21,210,5494.2920169848185,208.59513084632852,5702.887147831145,0.03657711005655424
75,21,210,1330,18,0.013533834586466165,0.007861153790327044,0.0004367307661292802,21,210,5264.756519477696,216.90234209322952,5481.658861570919,0.03956874142858832
76,21,210,1330,25,0.018796992481203006,0.0118119872231452,0.000472479488925808,21,210,5637.287540296647,233.38797367267608,5870.67551396932,0.039754875417203274
77,21,210,1330,12,0.009022556390977444,0.002436178447290332,0.00020301487060752764,21,210,5676.314386430321,212.55062422457024,5888.8650106548885,0.03609364857913986
78,21,210,1330,18,0.013533834586466165,0.008934376745627028,0.0004963542636459461,21,210,5451.286401917423,185.44534506095954,5636.731746978379,0.032899444817534415
79,21,210,1330,18,0.013533834586466165,0.003376891760617644,0.00018760509781209133,21,210,5247.741824644796,202.8008972826818,5450.5427219274725,0.03720746861900854
80,21,210,1330,16,0.012030075187969926,0.0054120426350024245,0.00033825266468765153,21,210,5294.568141415442,176.36137337982734,5470.929514795266,0.032236089480386435
81,21,210,1330,15,0.011278195488721804,0.007276038524389782,0.00048506923495931874,21,210,5499.802007057011,205.1038258567842,5704.905832913796,0.0359521842890835
82,21,210,1330,7,0.005263157894736842,0.009588391879807824,0.0013697702685439748,21,210,5318.650076054121,179.71951369172177,5498.369589745838,0.03268596458610002
83,21,210,1330,18,0.013533834586466165,0.0030466504695677568,0.00016925835942043093,21,210,5443.348041238966,202.42455295063968,5645.772594189604,0.0358541810839081
84,21,210,1330,21,0.015789473684210527,0.00911270817527803,0.0004339384845370491,21,210,5541.830149120136,215.11427676025454,5756.944425880389,0.037366050607194785
85,21,210,1330,25,0.018796992481203006,0.006241918229496078,0.0002496767291798432,21,210,5286.63892517167,197.24802482921336,5483.8869500008805,0.035968652641386364
86,21,210,1330,16,0.012030075187969926,0.0029849037461866764,0.00018655648413666727,21,210,5574.915813934602,207.94213400347428,5782.857947938073,0.03595836796883759
87,21,210,1330,25,0.018796992481203006,0.011501235149916578,0.00046004940599666313,21,210,5383.725128224614,202.84842967697642,5586.573557901586,0.03630998993829946
88,21,210,1330,17,0.012781954887218045,0.003789583800089697,0.00022291669412292337,21,210,5409.063908292897,203.81204863666443,5612.8759569295635,0.03631151840885446
89,21,210,1330,26,0.019548872180451128,0.025270529084323413,0.0009719434263201313,21,210,5516.3033601356165,244.1989827223321,5760.5023428579425,0.04239195962225376
90,21,210,1330,26,0.019548872180451128,0.004874602513386645,0.00018748471205333247,21,210,5762.949110902622,215.42559689900597,5978.374707801622,0.036034140954376986
91,21,210,1330,26,0.019548872180451128,0.003791512741043311,0.00014582741311705043,21,210,5495.6609235766755,201.6096601011556,5697.270583677828,0.03538706072320829
92,21,210,1330,12,0.009022556390977444,0.0025251049700781496,0.00021042541417317913,21,210,5638.287639968048,204.39866082159722,5842.68630078964,0.034983678790691315
93,21,210,1330,9,0.006766917293233083,0.0028346438489876046,0.0003149604276652894,21,210,5572.783371899685,231.9735645868779,5804.756936486567,0.039962666331259694
94,21,210,1330,10,0.007518796992481203,0.0013869031318457562,0.00013869031318457562,21,210,5457.253280706902,192.24242093896584,5649.4957016458675,0.034028244482593346
95,21,210,1330,13,0.009774436090225564,0.004338909314992184,0.00033376225499939886,21,210,5421.830839903345,211.55464093523122,5633.385480838575,0.03755373063938447
96,21,210,1330,25,0.018796992481203006,0.02082764776956149,0.0008331059107824595,21,210,5644.979505185547,254.64295521010132,5899.622460395648,0.0431625848805627
97,21,210,1330,11,0.008270676691729323,0.001977780714221537,0.00017979824674741246,21,210,5490.904758702811,191.61264476632,5682.517403469132,0.03371967583404883
98,21,210,1330,17,0.012781954887218045,0.0031212663421483007,0.0001836039024793118,21,210,5496.8569809770115,171.30030505956913,5668.1572860365795,0.03022151581459549
99,21,210,1330,17,0.012781954887218045,0.005751323348248575,0.0003383131381322691,21,210,5413.9042725819045,214.61234442799264,5628.516617009894,0.03812946803415565
100,21,210,1330,26,0.019548872180451128,0.007691053668596777,0.00029580975648449144,21,210,5558.432558223531,235.27383475199957,5793.706392975526,0.04060851876050417
101,21,210,1330,14,0.010526315789473684,0.004289768099223064,0.00030641200708736167,21,210,5586.118395174362,202.8135022661807,5788.93189744054,0.03503470171342846
102,21,210,1330,12,0.009022556390977444,0.006522219350650229,0.0005435182792208523,21,210,5499.284137976434,240.5477510026456,5739.831888979075,0.041908501094695134
103,21,210,1330,29,0.02180451127819549,0.006673223430065752,0.000230111152760888,21,210,5350.131019634538,199.76501591150134,5549.896035546039,0.03599437081920887
104,21,210,1330,10,0.007518796992481203,0.004525528421960606,0.0004525528421960607,21,210,5477.9890197001405,210.38415032210176,5688.373170022241,0.03698494174588043
105,21,210,1330,18,0.013533834586466165,0.003201437580021653,0.00017785764333453627,21,210,5543.513215813976,177.42572130018297,5720.938937114156,0.031013391901309608
106,21,210,1330,10,0.007518796992481203,0.004205946921592956,0.0004205946921592956,21,210,5345.8144785606855,180.67195460134195,5526.486433162034,0.03269201088004277
107,21,210,1330,26,0.019548872180451128,0.006703488248539066,0.0002578264710976564,21,210,5451.487862662679,191.42492459617085,5642.912787258845,0.033923069842296684
108,21,210,1330,16,0.012030075187969926,0.004467983553324769,0.0002792489720827981,21,210,5446.397147717099,178.68182801814723,5625.078975735243,0.03176521232660419
109,21,210,1330,18,0.013533834586466165,0.006986743710691824,0.000388152428371768,21,210,5342.067975806574,187.455044617988,5529.523020424558,0.03390076213184752
110,21,210,1330,9,0.006766917293233083,0.0028790783132854087,0.0003198975903650454,21,210,5519.174694050864,199.08753472613083,5718.262228776992,0.03481609040666734
111,21,210,1330,11,0.008270676691729323,0.0028619400692185674,0.00026017636992896066,21,210,5275.259552373773,174.9113032741788,5450.170855647946,0.03209281101580886
112,21,210,1330,33,0.02481203007518797,0.033404047317196095,0.0010122438580968513,21,210,5258.196192121681,202.58596662134087,5460.782158743022,0.03709834245942026
113,21,210,1330,28,0.021052631578947368,0.011492169873508215,0.0004104346383395791,21,210,5478.493614687198,221.15175852523717,5699.645373212434,0.038800968138232014
114,21,210,1330,9,0.006766917293233083,0.001737251110050707,0.00019302790111674526,21,210,5351.446614671906,208.40216757388848,5559.8487822457955,0.037483423692992665
115,21,210,1330,18,0.013533834586466165,0.006394253873414561,0.00035523632630080895,21,210,5494.766714868403,200.78359500345715,5695.550309871858,0.03525271204354869
116,21,210,1330,10,0.007518796992481203,0.001697978766647145,0.0001697978766647145,21,210,5333.604757493694,228.29114523941465,5561.895902733103,0.04104556238228639
117,21,210,1330,25,0.018796992481203006,0.0061140177187453465,0.00024456070874981383,21,210,5723.374780771348,196.81082886370828,5920.185609635051,0.03324403014381852
118,21,210,1330,40,0.03007518796992481,0.012490658061902775,0.0003122664515475694,21,210,5566.175509858191,204.75993088922954,5770.935440747418,0.03548123748594737
119,21,210,1330,15,0.011278195488721804,0.011901916709732842,0.0007934611139821893,21,210,5242.665188303985,208.817819530067,5451.483007834047,0.03830477307367291
120,21,210,1330,7,0.005263157894736842,0.00042646458903873103,6.0923512719818715e-05,21,210,5426.380039216192,179.2079808967642,5605.588020112958,0.03196952402741025
121,21,210,1330,25,0.018796992481203006,0.006398878289719358,0.0002559551315887743,21,210,5311.383336234767,190.97355157594276,5502.356887810711,0.034707590850568716
122,21,210,1330,14,0.010526315789473684,0.004805608490672103,0.0003432577493337217,21,210,5404.364006908342,187.64342595368532,5592.007432862022,0.033555646734476585
123,21,210,1330,21,0.015789473684210527,0.005241863758494764,0.0002496125599283221,21,210,5433.630010952449,219.934865365032,5653.564876317483,0.03890197957864228
124,21,210,1330,26,0.019548872180451128,0.0034190225222355836,0.00013150086623983014,21,210,5081.407449047769,206.8616825261986,5288.269131573964,0.039117086778189314
125,21,210,1330,21,0.015789473684210527,0.0015649717275380939,7.45224632160997e-05,21,210,5178.931641598427,220.66270982282816,5399.594351421254,0.04086653468047029
126,21,210,1330,23,0.017293233082706767,0.0037350424213358786,0.00016239314875373385,21,210,5578.930175673269,195.6419137350715,5774.572089408337,0.03387989806100369
127,21,210,1330,20,0.015037593984962405,0.006165359977132553,0.0003082679988566276,21,210,5514.050024859775,209.52134743383374,5723.571372293605,0.03660675019238422
128,21,210,1330,18,0.013533834586466165,0.015484708478370227,0.0008602615821316793,21,210,5506.543387240693,255.36074696779644,5761.904134208486,0.04431881215303757
129,21,210,1330,28,0.021052631578947368,0.005811675815247685,0.00020755985054456017,21,210,5601.747200547168,191.22628284686493,5792.973483394034,0.03301003938565031
130,21,210,1330,14,0.010526315789473684,0.00824494287725178,0.00058892449123227,21,210,5447.655774495768,198.23933983647174,5645.895114332239,0.03511211877337864
131,21,210,1330,9,0.006766917293233083,0.0037536241276818474,0.0004170693475202052,21,210,5423.691806463203,224.72076172141414,5648.412568184611,0.03978476412774483
132,21,210,1330,14,0.010526315789473684,0.015939294652268007,0.001138521046590572,21,210,5430.3937541378955,235.06534248430088,5665.459096622192,0.04149096101045886
133,21,210,1330,14,0.010526315789473684,0.002083209034446113,0.0001488006453175795,21,210,5371.866419203972,183.44001039293778,5555.306429596907,0.03302068260638652
134,21,210,1330,27,0.02030075187969925,0.007269377301496366,0.0002692361963517173,21,210,5445.962239481842,217.76218624247662,5663.7244257243165,0.0384485843367331
135,21,210,1330,14,0.010526315789473684,0.003213354865448375,0.0002295253475320268,21,210,5393.320890686626,188.72532283725573,5582.046213523876,0.03380934439059683
136,21,210,1330,20,0.015037593984962405,0.01086950866819066,0.0005434754334095332,21,210,5465.223129941924,238.85141946562732,5704.074549407553,0.041873824999435774
137,21,210,1330,17,0.012781954887218045,0.0023687031007321017,0.00013933547651365303,21,210,5560.984082195449,194.59751325075354,5755.581595446203,0.03381022578234638
138,21,210,1330,28,0.021052631578947368,0.004695841226460752,0.00016770861523074114,21,210,5546.5505157388325,186.66922851153402,5733.219744250364,0.03255923143339094
139,21,210,1330,18,0.013533834586466165,0.007343802229078045,0.000407989012726558,21,210,5440.652295631315,221.89903610556132,5662.55133173687,0.039187112505609446
140,21,210,1330,14,0.010526315789473684,0.0035125948347010053,0.0002508996310500718,21,210,5395.8989443386345,187.91454160203466,5583.8134859406655,0.03365344169807599
141,21,210,1330,10,0.007518796992481203,0.004509099808947445,0.00045090998089474454,21,210,5433.050797586045,200.1872452423782,5633.23804282842,0.03553679850210364
142,21,210,1330,10,0.007518796992481203,0.005325149383994164,0.0005325149383994164,21,210,5327.327061050752,194.31026872550984,5521.637329776257,0.03519069745447833
143,21,210,1330,11,0.008270676691729323,0.00417140767871876,0.00037921887988352364,21,210,5422.729755386314,204.15308522923857,5626.882840615552,0.036281737333437224
144,21,210,1330,23,0.017293233082706767,0.007295187129397883,0.00031718204910425576,21,210,5366.181672670497,206.55352016706905,5572.735192837561,0.03706501619394099
145,21,210,1330,15,0.011278195488721804,0.004647303399170985,0.00030982022661139896,21,210,5406.033184689083,207.34595332989994,5613.379138018983,0.03693781378948053
146,21,210,1330,24,0.01804511278195489,0.005792796351300417,0.00024136651463751738,21,210,5463.3108812364635,212.37231205731143,5675.683193293766,0.037417929229778865
147,21,210,1330,22,0.016541353383458645,0.014162299123038936,0.0006437408692290427,21,210,5521.099228444551,228.52345125619757,5749.622679700745,0.03974581707126766
148,21,210,1330,12,0.009022556390977444,0.0029345624071735266,0.0002445468672644605,21,210,5469.042303696908,182.7223684003858,5651.76467209729,0.03233014447726114
149,21,210,1330,8,0.006015037593984963,0.00363193516372553,0.00045399189546569123,21,210,5265.889351535199,181.880699846011,5447.770051381208,0.033386265963978715
150,21,210,1330,23,0.017293233082706767,0.0027932499121306703,0.00012144564835350742,21,210,5530.838829300361,193.2993887418204,5724.13821804218,0.03376916862918351
151,21,210,1330,26,0.019548872180451128,0.006909236367634868,0.0002657398602936488,21,210,5585.05993841047,236.5533046247528,5821.613243035219,0.04063363448400788
152,21,210,1330,11,0.008270676691729323,0.0019517765324552363,0.0001774342302232033,21,210,5785.525353148982,212.97843925871683,5998.503792407699,0.03550526041648643
153,21,210,1330,25,0.018796992481203006,0.012569272302385316,0.0005027708920954126,21,210,5431.409524750401,211.4550510242954,5642.864575774694,0.03747299765656086
154,21,210,1330,20,0.015037593984962405,0.009799834976500006,0.0004899917488250004,21,210,5568.475101332655,174.84429954708935,5743.319400879745,0.030443074351795094
155,21,210,1330,17,0.012781954887218045,0.012435284502499085,0.0007314873236764167,21,210,5502.213992107231,209.09391417491793,5711.307906282146,0.03661051331953673
156,21,210,1330,18,0.013533834586466165,0.001613398558953706,8.96332532752059e-05,21,210,5431.979365378711,203.2906849215849,5635.270050300291,0.03607470149735806
157,21,210,1330,17,0.012781954887218045,0.007365606992674081,0.0004332709995690636,21,210,5567.318328849973,233.31745542707972,5800.635784277052,0.04022273835214749
158,21,210,1330,14,0.010526315789473684,0.006562640775102468,0.000468760055364462,21,210,5449.532239683516,234.44085719921856,5683.973096882733,0.04124594772058178
159,21,210,1330,21,0.015789473684210527,0.009613999157717676,0.0004578094837008417,21,210,5312.283324384005,223.94925789452702,5536.2325822785315,0.040451562423765956
160,21,210,1330,13,0.009774436090225564,0.008813293918494702,0.0006779456860380538,21,210,5371.063048817997,206.2947098249441,5577.357758642939,0.03698789261012708
161,21,210,1330,26,0.019548872180451128,0.010753977005768852,0.00041361450022187887,21,210,5516.129795831195,248.83455207485542,5764.964347906043,0.04316324213960445
162,21,210,1330,15,0.011278195488721804,0.0033384169886695315,0.00022256113257796873,21,210,5419.776764635533,231.88828013174657,5651.66504476728,0.0410300819837944
163,21,210,1330,22,0.016541353383458645,0.005667350493407895,0.00025760684060944974,21,210,5423.299424155395,209.10940225061378,5632.408826406008,0.03712610513467374
164,21,210,1330,15,0.011278195488721804,0.0053621952931501345,0.000357479686210009,21,210,5413.272975244725,214.1596534537852,5627.432628698514,0.03805636914454097
165,21,210,1330,15,0.011278195488721804,0.008393918451433724,0.0005595945634289149,21,210,5345.442484634709,195.96614113215287,5541.408625766858,0.0353639578609913
166,21,210,1330,6,0.004511278195488722,0.0005324460632467217,8.874101054112027e-05,21,210,5339.842945142884,197.7157574129858,5537.558702555867,0.035704498684904204
167,21,210,1330,31,0.02330827067669173,0.013245289297087046,0.0004272673966802272,21,210,5557.868138613882,253.77739917714533,5811.645537791026,0.04366704705696912
168,21,210,1330,5,0.0037593984962406013,0.0021285001160712726,0.0004257000232142546,21,210,5341.1667342257415,229.40230243469864,5570.569036660439,0.04118112546940546
169,21,210,1330,25,0.018796992481203006,0.01256277423264775,0.00050251096930591,21,210,5432.980095792975,215.8446465092315,5648.824742302206,0.03821054048514576
170,21,210,1330,25,0.018796992481203006,0.02059403304100191,0.0008237613216400763,21,210,5411.520815334396,247.6165202363884,5659.137335570781,0.043755170718332424
171,21,210,1330,12,0.009022556390977444,0.0015462855386914984,0.00012885712822429153,21,210,5523.714985707563,229.79842693072268,5753.513412638284,0.03994053901498566
172,21,210,1330,15,0.011278195488721804,0.0025715320684612008,0.00017143547123074673,21,210,5431.360794340671,190.1579123354855,5621.518706676153,0.033826786364626465
173,21,210,1330,14,0.010526315789473684,0.0013046156064793202,9.318682903423716e-05,21,210,5637.909254114016,235.34768632039064,5873.256940434405,0.04007106937551817
174,21,210,1330,24,0.01804511278195489,0.00944066868603702,0.0003933611952515425,21,210,5373.681157161308,202.8963985149877,5576.577555676292,0.03638367735215362
175,21,210,1330,13,0.009774436090225564,0.003165918064267961,0.00024353215878984314,21,210,5449.163052779482,213.48596920638994,5662.64902198587,0.03770072423304124
176,21,210,1330,15,0.011278195488721804,0.003156892243418047,0.00021045948289453645,21,210,5396.848569850889,170.46650294048135,5567.315072791365,0.030619158555187015
177,21,210,1330,20,0.015037593984962405,0.0045098608970859265,0.00022549304485429633,21,210,5457.8905592161445,185.97521725085642,5643.865776467001,0.03295174347099284
178,21,210,1330,14,0.010526315789473684,0.001312672344845414,9.3762310346101e-05,21,210,5496.690179287771,213.1849018954397,5709.87508118321,0.03733617616223982
179,21,210,1330,18,0.013533834586466165,0.0038177345123883207,0.00021209636179935116,21,210,5429.778063770795,236.27482483355305,5666.052888604345,0.04170007401603199
180,21,210,1330,28,0.021052631578947368,0.013468500911119707,0.0004810178896828468,21,210,5413.090979471442,176.76728746455785,5589.858266935998,0.03162285679229759
181,21,210,1330,12,0.009022556390977444,0.003089216088117077,0.00025743467400975644,21,210,5373.43288283173,185.78964948532712,5559.222532317053,0.033420077790606274
182,21,210,1330,16,0.012030075187969926,0.00415504366956771,0.00025969022934798193,21,210,5515.976280886115,245.5731490482765,5761.54942993439,0.04262276181688039
183,21,210,1330,19,0.014285714285714285,0.008205558121226374,0.000431871480064546,21,210,5243.233059858132,196.2855372849958,5439.518597143126,0.036085093520607944
184,21,210,1330,18,0.013533834586466165,0.010201621934980502,0.0005667567741655835,21,210,5419.745629135334,170.50672102046389,5590.252350155794,0.03050071988533971
185,21,210,1330,6,0.004511278195488722,0.0028050836952798652,0.0004675139492133109,21,210,5682.056856857754,221.7389204363015,5903.795777294052,0.037558704399821466
186,21,210,1330,19,0.014285714285714285,0.007510867657265834,0.00039530882406662286,21,210,5476.413552391421,193.21778303746538,5669.631335428887,0.034079426263586
187,21,210,1330,8,0.006015037593984963,0.002395286908641579,0.00029941086358019743,21,210,5534.564905411985,191.68624437844426,5726.251149790427,0.03347499775406458
188,21,210,1330,8,0.006015037593984963,0.002048081445736792,0.000256010180717099,21,210,5410.7217406025775,206.4603000987505,5617.182040701322,0.036755137825829357
189,21,210,1330,14,0.010526315789473684,0.002286243639373151,0.00016330311709808224,21,210,5357.7657241551815,222.7979107177748,5580.5636348729495,0.039923908281505896
190,21,210,1330,14,0.010526315789473684,0.0013629546504425557,9.73539036030397e-05,21,210,5461.446734003164,198.62310103736195,5660.069835040524,0.035091987700879644
191,21,210,1330,11,0.008270676691729323,0.0014581083282332156,0.00013255530256665594,21,210,5571.812145003981,229.52222305011077,5801.334368054091,0.03956369491715716
192,21,210,1330,19,0.014285714285714285,0.008560252190077344,0.00045053958895143907,21,210,5502.024622378696,196.16938117775496,5698.194003556451,0.03442658867973229
193,21,210,1330,32,0.02406015037593985,0.01563594526571913,0.0004886232895537228,21,210,5454.69127824962,242.8660020352997,5697.5572802849165,0.04262633793532564
194,21,210,1330,30,0.022556390977443608,0.009401344074848952,0.00031337813582829843,21,210,5309.878818012998,206.8182578781982,5516.697075891192,0.03748950776761435
195,21,210,1330,26,0.019548872180451128,0.007622212442356388,0.0002931620170137072,21,210,5493.151473095217,211.9026711911784,5705.054144286395,0.037142972850380165
196,21,210,1330,9,0.006766917293233083,0.0024542484545431197,0.00027269427272701326,21,210,5591.538685417487,239.65638764852142,5831.195073066003,0.041099017379041605
197,21,210,1330,18,0.013533834586466165,0.008467723340262271,0.0004704290744590152,21,210,5304.116031824195,224.86756486586174,5528.983596690052,0.04067068764690848
198,21,210,1330,20,0.015037593984962405,0.005840482305208559,0.00029202411526042793,21,210,5375.4057726118335,218.47248219980855,5593.878254811639,0.03905563765387402
199,21,210,1330,13,0.009774436090225564,0.0049353950246153536,0.00037964577112425794,21,210,5566.244015188582,209.3982410855515,5775.642256274134,0.036255403606080386
200,21,210,1330,19,0.014285714285714285,0.006720841247971025,0.000353728486735317,21,210,5479.854630854435,215.7490478403713,5695.603678694801,0.03787992634519334
201,21,210,1330,21,0.015789473684210527,0.007188896382622807,0.0003423283991725146,21,210,5524.145357066265,222.32788768433613,5746.473244750597,0.03868944972247677
202,21,210,1330,24,0.01804511278195489,0.006293911447223735,0.00026224631030098895,21,210,5534.149446038615,219.79860863890502,5753.948054677519,0.0381996164286234
203,21,210,1330,9,0.006766917293233083,0.002114543266849166,0.00023494925187212955,21,210,5522.23694786586,200.54019011689542,5722.777137982754,0.035042460204484684
204,21,210,1330,13,0.009774436090225564,0.005651678657247403,0.00043474451209595406,21,210,5454.200289316288,194.88810411936655,5649.0883934356525,0.034499036047272724
205,21,210,1330,11,0.008270676691729323,0.008986663867411275,0.0008169694424919341,21,210,5341.806456065895,232.16653858245576,5573.972994648346,0.041651895121372545
206,21,210,1330,17,0.012781954887218045,0.0013772763819714633,8.101625776302727e-05,21,210,5385.983538521499,178.01422311828395,5563.99776163978,0.03199394225957074
207,21,210,1330,16,0.012030075187969926,0.005671967752600549,0.0003544979845375343,21,210,5340.6209000703475,194.336071635007,5534.956971705351,0.03511067432474203
208,21,210,1330,14,0.010526315789473684,0.006270514732530531,0.0004478939094664665,21,210,5447.355131331126,198.67772512394106,5646.0328564550655,0.035188907003400514
209,21,210,1330,13,0.009774436090225564,0.0013599378039995155,0.00010461060030765506,21,210,5369.429918941212,197.5986613571207,5567.028580298329,0.035494457861492
210,21,210,1330,21,0.015789473684210527,0.007788997779657814,0.0003709046561741816,21,210,5230.131218862346,211.61993352085813,5441.751152383203,0.03888820484343163
211,21,210,1330,16,0.012030075187969926,0.00887978852235654,0.0005549867826472838,21,210,5329.092954248772,181.8200566889361,5510.9130109377,0.03299272848765196
212,21,210,1330,9,0.006766917293233083,0.007324937844700555,0.0008138819827445061,21,210,5301.351483701284,211.69214254424577,5513.043626245526,0.03839841599229492
213,21,210,1330,17,0.012781954887218045,0.0060399717950467766,0.00035529245853216336,21,210,5468.55812652066,198.28371030134338,5666.841836822003,0.03499016136517796
214,21,210,1330,9,0.006766917293233083,0.005262559625863355,0.0005847288473181506,21,210,5447.492296519584,210.62784586677816,5658.120142386367,0.0372257641347898
215,21,210,1330,18,0.013533834586466165,0.005380316001767191,0.0002989064445426217,21,210,5460.25290420558,224.76052244730488,5685.013426652884,0.039535618578061156
216,21,210,1330,19,0.014285714285714285,0.004025761874317124,0.00021188220391142753,21,210,5565.275951521054,199.4179670169815,5764.693918538036,0.0345929844385485
217,21,210,1330,33,0.02481203007518797,0.01779433957002831,0.0005392224112129791,21,210,5454.198720723127,187.0872459630046,5641.285966686128,0.03316393585927459
218,21,210,1330,28,0.021052631578947368,0.010193607964041871,0.0003640574272872096,21,210,5294.180584540827,210.66297712923097,5504.8435616700535,0.0382686582768794
219,21,210,1330,14,0.010526315789473684,0.008021021888179611,0.0005729301348699722,21,210,5089.035934680339,208.9199888653066,5297.955923545641,0.03943407455256584
220,21,210,1330,15,0.011278195488721804,0.003919287297667907,0.00026128581984452716,21,210,5398.419600728652,205.05189911659548,5603.471499845243,0.03659372571489988
221,21,210,1330,16,0.012030075187969926,0.00836924906809713,0.0005230780667560707,21,210,5357.478129872321,213.7697912512383,5571.247921123557,0.03837018102187189
222,21,210,1330,26,0.019548872180451128,0.008179034005168817,0.0003145782309680314,21,210,5309.730195666902,187.33110422872394,5497.061299895624,0.03407840917333065
223,21,210,1330,16,0.012030075187969926,0.0029876599073604755,0.0001867287442100297,21,210,5314.119605141012,190.26340532628512,5504.38301046729,0.03456580055647924
224,21,210,1330,28,0.021052631578947368,0.00627477126287563,0.00022409897367412965,21,210,5294.8260570589655,188.2303741246252,5483.056431183589,0.03432946140297032
225,21,210,1330,20,0.015037593984962405,0.007657786715686762,0.0003828893357843381,21,210,5521.660566604209,230.1775689846394,5751.838135588843,0.04001808874982798
226,21,210,1330,22,0.016541353383458645,0.01225491120680704,0.0005570414184912291,21,210,5432.626142707848,196.5712538583414,5629.197396566193,0.03491994329036139
227,21,210,1330,11,0.008270676691729323,0.004998566543191665,0.00045441514029015135,21,210,5381.034157521393,160.40746845816645,5541.441625979557,0.028946884093507225
228,21,210,1330,16,0.012030075187969926,0.007538656366524169,0.00047116602290776056,21,210,5423.6603053194385,200.47776730045203,5624.138072619888,0.035645954048753224
229,21,210,1330,5,0.0037593984962406013,0.0006141637764499551,0.00012283275528999102,21,210,5341.435494979224,215.057873355749,5556.49336833497,0.03870388374461286
230,21,210,1330,25,0.018796992481203006,0.0044476974314026935,0.00017790789725610775,21,210,5427.538997839005,189.01191834285703,5616.55091618186,0.033652667119654214
231,21,210,1330,19,0.014285714285714285,0.010361105137810363,0.0005453213230426506,21,210,5395.736013759481,215.0017448388071,5610.737758598289,0.038319692362973716
232,21,210,1330,13,0.009774436090225564,0.005277866029056897,0.0004059896945428382,21,210,5736.0356651641605,244.94210128379925,5980.977766447959,0.04095352145561776
233,21,210,1330,20,0.015037593984962405,0.007183418518058657,0.0003591709259029328,21,210,5410.606428579098,206.75078241364798,5617.3572109927445,0.03680570322447223
234,21,210,1330,18,0.013533834586466165,0.0039056893037761366,0.00021698273909867428,21,210,5416.154569022538,187.10660464509374,5603.261173667628,0.0333924475133153
235,21,210,1330,17,0.012781954887218045,0.0029866252652726378,0.0001756838391336846,21,210,5350.876940205899,216.99484313326724,5567.871783339165,0.03897267242801541
236,21,210,1330,23,0.017293233082706767,0.012588871581907152,0.0005473422426916153,21,210,5407.112673501521,204.45184349384758,5611.5645169953605,0.036434018155656646
237,21,210,1330,17,0.012781954887218045,0.011580510827959495,0.000681206519291735,21,210,5449.102524362447,226.04153989943407,5675.144064261878,0.0398300972345155
238,21,210,1330,16,0.012030075187969926,0.0043300108253893545,0.00027062567658683466,21,210,5368.8178339888955,221.5260296125012,5590.343863601398,0.03962654802951428
239,21,210,1330,9,0.006766917293233083,0.0005300824157989391,5.8898046199882134e-05,21,210,5323.768674158201,180.67081755932887,5504.439491717529,0.03282274568213209
240,21,210,1330,24,0.01804511278195489,0.006904960262005137,0.00028770667758354736,21,210,5601.207784473136,208.02769922469565,5809.2354836978275,0.035809823824231875
241,21,210,1330,27,0.02030075187969925,0.012144493582040686,0.0004497960585940995,21,210,5380.586114801274,228.76108851474095,5609.347203316011,0.04078212316390524
242,21,210,1330,22,0.016541353383458645,0.011031319301411364,0.0005014236046096075,21,210,5511.721484419066,216.27898809805458,5728.00047251712,0.037758200114640116
243,21,210,1330,18,0.013533834586466165,0.0017209023015356446,9.560568341864693e-05,21,210,5495.423847528997,178.75122687166493,5674.175074400662,0.03150259280474275
244,21,210,1330,17,0.012781954887218045,0.008435601659753303,0.0004962118623384296,21,210,5631.223156501192,218.91360176095236,5850.136758262143,0.03742025371488639
245,21,210,1330,11,0.008270676691729323,0.00442339722918678,0.00040212702083516173,21,210,5314.745065266198,233.62210807435457,5548.367173340552,0.0421064613742381
246,21,210,1330,22,0.016541353383458645,0.01180084298551848,0.0005364019538872035,21,210,5491.438614474537,216.03485043195025,5707.473464906483,0.03785122292031365
247,21,210,1330,17,0.012781954887218045,0.00832726923801612,0.0004898393669421247,21,210,5475.745410369757,225.45251921759663,5701.19792958735,0.03954476269760288
248,21,210,1330,17,0.012781954887218045,0.007017949221556867,0.0004128205424445216,21,210,5645.104761721395,231.18257057543843,5876.287332296835,0.03934160423109829
249,21,210,1330,20,0.015037593984962405,0.010589171506231301,0.0005294585753115651,21,210,5377.626837185621,219.62751421481704,5597.254351400438,0.03923843735274707
250,21,210,1330,17,0.012781954887218045,0.005888789356744889,0.00034639937392616987,21,210,5487.861024449074,188.77086386094487,5676.631888310017,0.0332540259039315
251,21,210,1330,24,0.01804511278195489,0.007089988051843031,0.00029541616882679294,21,210,5509.868053488748,193.43526417948965,5703.30331766824,0.033916355733745976
252,21,210,1330,19,0.014285714285714285,0.007558767617536808,0.0003978298746072004,21,210,5718.374132891015,262.7863959911251,5981.160528882132,0.04393568684909372
253,21,210,1330,17,0.012781954887218045,0.0038100817788052584,0.00022412245757677993,21,210,5371.529833677572,207.88651685646568,5579.416350534036,0.03725954540685385
254,21,210,1330,26,0.019548872180451128,0.011822626954741306,0.000454716421336204,21,210,5309.962063785599,244.8466603160967,5554.808724101693,0.04407832429111996
255,21,210,1330,36,0.02706766917293233,0.00840176843701817,0.00023338245658383806,21,210,5444.832998747968,217.6100078461199,5662.443006594087,0.03843041026509343
256,21,210,1330,15,0.011278195488721804,0.005458005343407816,0.0003638670228938544,21,210,5373.345576332852,239.17313649042535,5612.518712823277,0.042614225221908185
257,21,210,1330,22,0.016541353383458645,0.005391538175759981,0.0002450699170799991,21,210,5351.5725597845585,200.99086620463055,5552.563425989186,0.03619785147592873
258,21,210,1330,21,0.015789473684210527,0.00570030991001141,0.00027144332904816237,21,210,5611.86921488674,245.05473512040263,5856.923950007139,0.04184017706429395
259,21,210,1330,18,0.013533834586466165,0.016205672988376926,0.0009003151660209405,21,210,5439.816915246175,231.27408878920937,5671.091004035382,0.04078123391506881
260,21,210,1330,10,0.007518796992481203,0.003018246388254503,0.0003018246388254503,21,210,5555.47620970742,253.6222770816791,5809.098486789098,0.043659489963625224
261,21,210,1330,33,0.02481203007518797,0.00568111047775714,0.00017215486296233757,21,210,5445.330310658956,217.87200007660923,5663.2023107355635,0.03847151984374561
262,21,210,1330,6,0.004511278195488722,0.0021624182297293316,0.00036040303828822196,21,210,5232.707488891795,214.64372190683258,5447.351210798624,0.03940331981557035
263,21,210,1330,15,0.011278195488721804,0.02203749263452486,0.0014691661756349905,21,210,5458.231133595146,216.6180605573682,5674.849194152515,0.0381715977193854
264,21,210,1330,26,0.019548872180451128,0.01785740189624667,0.0006868231498556412,21,210,5515.797004567557,231.38687295161725,5747.183877519172,0.04026091349829887
265,21,210,1330,13,0.009774436090225564,0.002782321204902624,0.00021402470806943262,21,210,5408.375576925324,154.18066730221886,5562.5562442275395,0.02771759251193506
266,21,210,1330,14,0.010526315789473684,0.0014137133928148133,0.00010097952805820095,21,210,5338.374306257526,183.4616998497023,5521.836006107222,0.03322476430788443
267,21,210,1330,10,0.007518796992481203,0.0024873471061912554,0.0002487347106191255,21,210,5220.563724717343,176.67573675693166,5397.239461474267,0.03273446324144979
268,21,210,1330,24,0.01804511278195489,0.004847554636131691,0.0002019814431721538,21,210,5342.23731418048,204.9479614566048,5547.185275637083,0.03694629821663329
269,21,210,1330,20,0.015037593984962405,0.010289251703765476,0.0005144625851882737,21,210,5488.732336145124,246.02012535566655,5734.752461500788,0.042899868304216736
270,21,210,1330,13,0.009774436090225564,0.003439517955554681,0.00026457830427343697,21,210,5319.5883206758535,220.70520637705906,5540.293527052912,0.039836374246124164
271,21,210,1330,11,0.008270676691729323,0.003302548045430586,0.00030023164049368964,21,210,5450.306866348401,233.6267333807084,5683.933599729106,0.041103001870367195
272,21,210,1330,27,0.02030075187969925,0.03516813540186827,0.0013025235334025284,21,210,5414.178435354009,213.47308717281953,5627.65152252683,0.03793289017955567
273,21,210,1330,12,0.009022556390977444,0.0017863610001758068,0.00014886341668131725,21,210,5458.131799573127,197.91205008827674,5656.043849661402,0.0349912510137496
274,21,210,1330,19,0.014285714285714285,0.010926973115077055,0.0005751038481619504,21,210,5441.467200537727,203.56158524369178,5645.028785781415,0.03606032723099989
275,21,210,1330,17,0.012781954887218045,0.0028577270468037905,0.00016810159098845824,21,210,5327.932692581553,173.61446847458475,5501.547161056138,0.03155738983818068
276,21,210,1330,17,0.012781954887218045,0.007541321504126009,0.00044360714730153,21,210,5537.811118908142,229.27025412321473,5767.081373031355,0.039754988579726466
277,21,210,1330,19,0.014285714285714285,0.004791660969195111,0.0002521926825892163,21,210,5384.990891988409,218.7061072669257,5603.696999255331,0.03902889597635084
278,21,210,1330,9,0.006766917293233083,0.004418625096103195,0.0004909583440114661,21,210,5376.215208156353,199.62053973153604,5575.835747887891,0.03580100791296653
279,21,210,1330,14,0.010526315789473684,0.005495294824109038,0.0003925210588649314,21,210,5387.9433552595765,246.4395881892175,5634.3829434487925,0.043738523040177384
280,21,210,1330,10,0.007518796992481203,0.0020318735307812306,0.0002031873530781231,21,210,5350.370709303308,186.9550525621488,5537.325761865455,0.03376269712171783
281,21,210,1330,17,0.012781954887218045,0.005345563670255463,0.00031444492177973315,21,210,5449.838968241911,206.76331233194225,5656.602280573854,0.03655256319540401
282,21,210,1330,12,0.009022556390977444,0.002842271220307281,0.00023685593502560678,21,210,5476.160306709078,238.42345678628402,5714.583763495357,0.04172192877971763
283,21,210,1330,11,0.008270676691729323,0.019146408111390685,0.0017405825555809713,21,210,5672.035784714621,221.76154875392842,5893.797333468545,0.037626259643274845
284,21,210,1330,12,0.009022556390977444,0.0035297416125383923,0.0002941451343781994,21,210,5429.145674971622,222.5452689246044,5651.690943896221,0.039376758413329625
285,21,210,1330,24,0.01804511278195489,0.006734273347030511,0.0002805947227929379,21,210,5412.795315002082,217.68840837685684,5630.4837233789385,0.03866247005971606
286,21,210,1330,19,0.014285714285714285,0.002665060239162255,0.00014026632837696077,21,210,5362.354483813884,172.0731577508501,5534.427641564736,0.031091409788890155
287,21,210,1330,9,0.006766917293233083,0.002994754917660421,0.00033275054640671337,21,210,5490.199296116826,228.8024085697528,5719.001704686581,0.040007403456840174
288,21,210,1330,16,0.012030075187969926,0.001717459212593847,0.00010734120078711545,21,210,5579.947052953994,198.2372893174491,5778.184342271441,0.03430788593351121
289,21,210,1330,11,0.008270676691729323,0.004148598671436527,0.000377145333766957,21,210,5407.819852704199,234.85228973132962,5642.672142435529,0.041620757648691074
290,21,210,1330,17,0.012781954887218045,0.0026433647511871264,0.00015549204418747803,21,210,5471.838148080131,182.33888290350777,5654.177030983636,0.032248527399183144
291,21,210,1330,16,0.012030075187969926,0.003831266854276574,0.0002394541783922859,21,210,5479.169652109879,187.5853704792484,5666.755022589125,0.033102784526856284
292,21,210,1330,9,0.006766917293233083,0.000980294535752814,0.00010892161508364599,21,210,5419.675850782292,215.72574558137507,5635.401596363665,0.038280456484339226
293,21,210,1330,28,0.021052631578947368,0.0058081900616918725,0.00020743535934613833,21,210,5573.775054700791,240.49005981133305,5814.265114512122,0.04136207329299134
294,21,210,1330,13,0.009774436090225564,0.0028485401481286323,0.00021911847293297167,21,210,5586.530214135621,215.21334370166358,5801.743557837284,0.03709459778016949
295,21,210,1330,17,0.012781954887218045,0.00241025293473597,0.0001417795843962335,21,210,5482.368422931064,213.9777219796975,5696.34614491076,0.03756403079031106
296,21,210,1330,20,0.015037593984962405,0.0030655201188803075,0.00015327600594401537,21,210,5307.8494630231435,179.98688717617674,5487.836350199319,0.032797422461338446
297,21,210,1330,14,0.010526315789473684,0.003982335224369827,0.00028445251602641624,21,210,5353.226593665549,240.4897515737399,5593.716345239289,0.0429928399530692
298,21,210,1330,13,0.009774436090225564,0.008028214139329058,0.0006175549337945429,21,210,5302.496714135994,172.90475581898818,5475.4014699549825,0.03157846173796819
299,21,210,1330,17,0.012781954887218045,0.008306441045132219,0.0004886141791254246,21,210,5547.431065197174,206.4394215035148,5753.870486700689,0.035878357356265184
300,21,210,1330,25,0.018796992481203006,0.010009685869287755,0.00040038743477151023,21,210,5456.506774225214,228.9925577075607,5685.499331932773,0.04027659565825948
301,21,210,1330,13,0.009774436090225564,0.0004937447168536216,3.7980362834893965e-05,21,210,5403.294052113781,180.5802805024885,5583.874332616267,0.032339603247818705
302,21,210,1330,10,0.007518796992481203,0.0011172190370684304,0.00011172190370684304,21,210,5243.1379631636855,198.2641860093533,5441.402149173038,0.036436231062150895
303,21,210,1330,18,0.013533834586466165,0.005289346608814894,0.0002938525893786052,21,210,5412.620299825361,223.9154262518366,5636.535726077198,0.039725717556601516
304,21,210,1330,18,0.013533834586466165,0.004450339534885258,0.00024724108527140326,21,210,5471.540214671786,209.046797397393,5680.587012069175,0.03680021042776826
305,21,210,1330,18,0.013533834586466165,0.007056466978565336,0.0003920259432536298,21,210,5312.401823393813,207.46867330761148,5519.87049670142,0.0375857863751679
306,21,210,1330,13,0.009774436090225564,0.0034623069248198627,0.0002663313019092202,21,210,5262.232283561689,201.43238691448397,5463.664670476172,0.0368676335506016
307,21,210,1330,9,0.006766917293233083,0.0036689071923021233,0.0004076563547002359,21,210,5401.378711712617,183.78318766945227,5585.161899382071,0.032905615088756085
308,21,210,1330,14,0.010526315789473684,0.002837403996614343,0.00020267171404388164,21,210,5589.2096897413685,182.31355329445458,5771.523243035824,0.0315884638452149
309,21,210,1330,15,0.011278195488721804,0.006601630071582465,0.0004401086714388309,21,210,5486.792947220127,198.60219126009065,5685.395138480211,0.034931994421267244
310,21,210,1330,32,0.02406015037593985,0.010520268265674747,0.0003287583833023359,21,210,5455.74642475375,230.87987518967554,5686.62629994342,0.04060050072078285
311,21,210,1330,13,0.009774436090225564,0.002971403361357463,0.00022856948933518947,21,210,5119.078692917445,170.38975229281056,5289.46844521025,0.03221301990129138
312,21,210,1330,12,0.009022556390977444,0.002816217491075357,0.00023468479092294636,21,210,5470.705381431331,193.91523890143287,5664.620620332762,0.0342326965737807
313,21,210,1330,20,0.015037593984962405,0.006684527779446958,0.0003342263889723479,21,210,5433.635378131505,232.90944693561306,5666.544825067114,0.04110255087108651
314,21,210,1330,21,0.015789473684210527,0.008280661853680276,0.00039431723112763216,21,210,5458.508692316468,187.375542134868,5645.884234451338,0.03318798869298407
315,21,210,1330,21,0.015789473684210527,0.005677789777600093,0.0002703709417904806,21,210,5318.569514078644,222.27859959093178,5540.848113669577,0.040116349524643755
316,21,210,1330,9,0.006766917293233083,0.01346792270104039,0.0014964358556711543,21,210,5556.155406773862,218.20704402979763,5774.3624508036555,0.037788941357401
317,21,210,1330,8,0.006015037593984963,0.0013361218220310723,0.00016701522775388407,21,210,5386.564247587838,198.68108417814472,5585.24533176598,0.03557249008349726
318,21,210,1330,21,0.015789473684210527,0.0063698299276524675,0.0003033252346501175,21,210,5398.050087832673,178.7182084173622,5576.768296250029,0.03204691300112597
319,21,210,1330,16,0.012030075187969926,0.0028228518728445466,0.00017642824205278416,21,210,5594.576228396438,216.84424844240357,5811.42047683884,0.037313467388330746
320,21,210,1330,21,0.015789473684210527,0.006493101991489358,0.0003091953329280647,21,210,5273.231733911418,208.45664701931418,5481.688380930727,0.03802781780600244
321,21,210,1330,12,0.009022556390977444,0.0024533279822981724,0.00020444399852484767,21,210,5370.152628959571,220.54644495085802,5590.699073910422,0.03944881347308799
322,21,210,1330,9,0.006766917293233083,0.0012338480210395387,0.00013709422455994875,21,210,5451.135763379636,256.3643730678423,5707.500136447474,0.04491710327446641
323,21,210,1330,26,0.019548872180451128,0.0085959206345718,0.00033061233209891536,21,210,5369.341937447565,185.5967427533797,5554.938680200942,0.0334111235853761
324,21,210,1330,26,0.019548872180451128,0.0060985457084099665,0.00023455945032346026,21,210,5370.46796040966,196.35442733663817,5566.822387746293,0.035272263718859456
325,21,210,1330,18,0.013533834586466165,0.003645387596859394,0.00020252153315885522,21,210,5539.865472453992,242.76409007300066,5782.629562526989,0.04198160844439664
326,21,210,1330,27,0.02030075187969925,0.03450528863109323,0.001277973653003453,21,210,5447.482091558282,223.4464652761295,5670.928556834411,0.03940209491915383
327,21,210,1330,16,0.012030075187969926,0.004980570980459243,0.00031128568627870266,21,210,5504.075422269785,233.35265083999622,5737.428073109779,0.040671995860597394
328,21,210,1330,13,0.009774436090225564,0.005716394468746848,0.00043972265144206525,21,210,5413.639390977052,240.5289258735567,5654.168316850606,0.04254010712003923
329,21,210,1330,18,0.013533834586466165,0.01214633170056812,0.0006747962055871178,21,210,5429.994289410351,229.71054491444028,5659.704834324792,0.04058701851752044
330,21,210,1330,12,0.009022556390977444,0.0016947670968428027,0.00014123059140356688,21,210,5442.770633762745,219.16374949664493,5661.934383259389,0.038708281421389344
331,21,210,1330,22,0.016541353383458645,0.0038047968245464013,0.0001729453102066546,21,210,5376.033981689099,195.44749752115106,5571.481479210253,0.03507998693892372
332,21,210,1330,10,0.007518796992481203,0.0039519299945483585,0.00039519299945483583,21,210,5386.207710635456,233.63102232059668,5619.838732956054,0.041572549217565535
333,21,210,1330,17,0.012781954887218045,0.0044940298306275946,0.0002643546959192702,21,210,5385.8553701247565,206.90851394841633,5592.763884073174,0.03699575348382599
334,21,210,1330,32,0.02406015037593985,0.009257183924257438,0.0002892869976330449,21,210,5452.514084654533,191.51259282800532,5644.026677482532,0.03393190779768387
335,21,210,1330,18,0.013533834586466165,0.003943147545606474,0.00021906375253369302,21,210,5399.819747919149,216.7844253798013,5616.604173298947,0.03859706304574275
336,21,210,1330,15,0.011278195488721804,0.003580389702328867,0.00023869264682192448,21,210,5480.204751576409,211.44434739022932,5691.649098966629,0.037149926798652956
337,21,210,1330,13,0.009774436090225564,0.004025720813605372,0.0003096708318157979,21,210,5462.770360236587,196.38636389138736,5659.15672412797,0.034702407702209184
338,21,210,1330,28,0.021052631578947368,0.01211426530427243,0.0004326523322954438,21,210,5372.0256547033705,217.11950296259505,5589.145157665966,0.038846638768148305
339,21,210,1330,11,0.008270676691729323,0.0029868706218043224,0.000271533692891302,21,210,5631.927495076674,237.54322458356376,5869.470719660238,0.04047097871838677
340,21,210,1330,9,0.006766917293233083,0.0018148077699300053,0.0002016453077700006,21,210,5441.534087766314,195.96653823863312,5637.500626004951,0.034761244608057094
341,21,210,1330,17,0.012781954887218045,0.0046865543581325044,0.00027567966812544145,21,210,5273.160413489777,211.0914126611675,5484.251826150942,0.03849046676788355
342,21,210,1330,21,0.015789473684210527,0.006157418121725391,0.0002932103867488281,21,210,5358.794397646673,178.78470987755261,5537.579107524223,0.03228571662924466
343,21,210,1330,10,0.007518796992481203,0.007174993123091185,0.0007174993123091185,21,210,5443.879219122356,205.93852934785886,5649.817748470212,0.03645047300926129
344,21,210,1330,14,0.010526315789473684,0.004433268050808665,0.00031666200362919037,21,210,5472.2364298921075,212.95409304436004,5685.190522936464,0.03745768803793173
345,21,210,1330,22,0.016541353383458645,0.006846442110918509,0.0003112019141326595,21,210,5431.138171920387,206.50553917427047,5637.643711094653,0.03662976054479569
346,21,210,1330,14,0.010526315789473684,0.002661706306865019,0.00019012187906178703,21,210,5587.518697308209,208.36137718282544,5795.880074491033,0.0359499117484971
347,21,210,1330,9,0.006766917293233083,0.001294830165474626,0.00014387001838606957,21,210,5371.821783712701,180.79904645183825,5552.6208301645365,0.03256102874333682
348,21,210,1330,16,0.012030075187969926,0.003639590935141317,0.00022747443344633234,21,210,5472.1472117881385,218.9919321846618,5691.1391439727995,0.03847945492891088
349,21,210,1330,12,0.009022556390977444,0.005581150183746045,0.0004650958486455037,21,210,5357.260026077574,190.14777248662352,5547.407798564196,0.03427686937597023
350,21,210,1330,17,0.012781954887218045,0.008618796998639237,0.0005069880587434845,21,210,5446.936179766035,196.3290223780083,5643.265202144042,0.03478996916597454
351,21,210,1330,20,0.015037593984962405,0.005671293992198829,0.0002835646996099415,21,210,5474.884496678833,215.8572289010022,5690.741725579832,0.03793129952299995
352,21,210,1330,22,0.016541353383458645,0.00570632034555829,0.00025937819752537686,21,210,5426.311140679614,197.9248393046367,5624.235979984245,0.03519141800042166
353,21,210,1330,7,0.005263157894736842,0.0025645215675848252,0.0003663602239406893,21,210,5303.691546151842,182.84844747257634,5486.539993624414,0.03332673190846212
354,21,210,1330,25,0.018796992481203006,0.009930805020930834,0.00039723220083723337,21,210,5489.228971270967,202.90326649133738,5692.132237762309,0.03564626716597552
355,21,210,1330,22,0.016541353383458645,0.005325621077955862,0.00024207368536163014,21,210,5412.968134495761,191.20532808645476,5604.173462582211,0.03411838148178124
356,21,210,1330,11,0.008270676691729323,0.004385277588363463,0.00039866159894213306,21,210,5524.360733606671,221.45770253142655,5745.8184361380945,0.0385424121894589
357,21,210,1330,18,0.013533834586466165,0.0024918154018182584,0.00013843418898990326,21,210,5297.347974474359,182.822369471349,5480.170343945707,0.03336070924753726
358,21,210,1330,19,0.014285714285714285,0.007288022110910503,0.0003835801111005528,21,210,5029.949710935174,177.21541082344606,5207.165121758615,0.03403299236333707
359,21,210,1330,18,0.013533834586466165,0.007290257534141102,0.00040501430745228345,21,210,5482.748113005736,202.0103636376686,5684.758476643401,0.035535434700991346
360,21,210,1330,15,0.011278195488721804,0.003879806494081591,0.00025865376627210606,21,210,5402.910078327248,180.82214591335617,5583.732224240599,0.03238374238799541
361,21,210,1330,9,0.006766917293233083,0.00029960134160871357,3.328903795652373e-05,21,210,5425.9668400094615,190.71146216200498,5616.678302171465,0.03395449265596607
362,21,210,1330,19,0.014285714285714285,0.011774723337850065,0.000619722280939477,21,210,5505.8697180945655,238.1369651822895,5744.006683276852,0.041458337065589324
363,21,210,1330,20,0.015037593984962405,0.005394924485233179,0.0002697462242616589,21,210,5356.384318827169,196.63429960285697,5553.018618430022,0.035410344015459186
364,21,210,1330,15,0.011278195488721804,0.004912029105983187,0.0003274686070655457,21,210,5427.497517970855,243.49103585988462,5670.988553830739,0.042936259445525954
365,21,210,1330,14,0.010526315789473684,0.007040892177964983,0.0005029208698546416,21,210,5366.786722368608,198.55799971033343,5565.344722078946,0.03567757427902178
366,21,210,1330,20,0.015037593984962405,0.009925985791919398,0.0004962992895959698,21,210,5577.411693929114,223.64308072667228,5801.054774655786,0.03855214084578997
367,21,210,1330,21,0.015789473684210527,0.00743294966768643,0.0003539499841755443,21,210,5441.997917758448,202.27271476399454,5644.270632522441,0.03583682072197135
368,21,210,1330,16,0.012030075187969926,0.003617317332189783,0.00022608233326186142,21,210,5314.116066697601,180.7669243860626,5494.882991083659,0.03289732004837707
369,21,210,1330,29,0.02180451127819549,0.012106930385230757,0.00041748035811140535,21,210,5437.300562025465,240.28645607139168,5677.587018096854,0.04232193276923768
370,21,210,1330,12,0.009022556390977444,0.003072187490645089,0.00025601562422042406,21,210,5403.152508636384,203.0150654979215,5606.167574134302,0.03621280720087481
371,21,210,1330,17,0.012781954887218045,0.0033506323392048193,0.00019709601995322466,21,210,5383.812013544354,222.63660382986745,5606.448617374217,0.03971080786149065
372,21,210,1330,12,0.009022556390977444,0.0014883068594696714,0.00012402557162247263,21,210,5220.788976654299,186.23043439929373,5407.01941105359,0.03444234618773185
373,21,210,1330,25,0.018796992481203006,0.01351814730294785,0.0005407258921179141,21,210,5462.6238002069385,232.39101436228748,5695.014814569224,0.0408060421138458
374,21,210,1330,19,0.014285714285714285,0.0030766852776251143,0.0001619308040855323,21,210,5429.843583929716,207.92830875998825,5637.771892689703,0.03688129153107479
375,21,210,1330,12,0.009022556390977444,0.0025893411255335052,0.00021577842712779214,21,210,5439.450040545915,186.4330745006792,5625.883115046587,0.033138455010211385
376,21,210,1330,22,0.016541353383458645,0.012612601268976347,0.0005733000576807431,21,210,5434.235876261038,214.23615465962172,5648.472030920655,0.037928160657759856
377,21,210,1330,16,0.012030075187969926,0.005689360890012887,0.00035558505562580545,21,210,5450.794560552651,202.96331649265727,5653.757877045306,0.03589883417482451
378,21,210,1330,18,0.013533834586466165,0.0008431430638380932,4.684128132433851e-05,21,210,5478.894566189507,166.26813813552332,5645.162704325027,0.029453205663698124
379,21,210,1330,18,0.013533834586466165,0.01061797589137746,0.0005898875495209699,21,210,5399.798980173371,191.96716096384017,5591.7661411372055,0.0343303271486242
380,21,210,1330,19,0.014285714285714285,0.009014504975450099,0.0004744476302868474,21,210,5359.271817655286,212.38711990308815,5571.6589375583735,0.038119188967471324
381,21,210,1330,16,0.012030075187969926,0.009385770244672385,0.000586610640292024,21,210,5500.847781864082,205.45373114070588,5706.301513004784,0.036004709998669435
382,21,210,1330,14,0.010526315789473684,0.003654494734655558,0.0002610353381896827,21,210,5334.4478103447655,214.7446983681403,5549.192508712905,0.03869836882230434
383,21,210,1330,16,0.012030075187969926,0.0031657948883574006,0.00019786218052233757,21,210,5428.722592949336,227.31333258958836,5656.035925538925,0.04018951357136743
384,21,210,1330,28,0.021052631578947368,0.013731059989891421,0.0004903949996389793,21,210,5393.210202499986,206.21768827429875,5599.427890774279,0.03682834966301947
385,21,210,1330,16,0.012030075187969926,0.004614550508099387,0.0002884094067562117,21,210,5427.526089458037,198.41106934318697,5625.9371588012245,0.03526720326635579
386,21,210,1330,26,0.019548872180451128,0.010219193574457523,0.0003930459067099048,21,210,5498.701915881253,250.33773985425478,5749.039655735507,0.043544270842610436
387,21,210,1330,7,0.005263157894736842,0.004448712947010475,0.0006355304210014964,21,210,5484.907002097991,205.48762762879062,5690.394629726782,0.03611131406516473
388,21,210,1330,18,0.013533834586466165,0.005822482044679325,0.00032347122470440686,21,210,5434.613788668563,220.7200374424736,5655.333826111035,0.03902864874632072
389,21,210,1330,13,0.009774436090225564,0.00442620176759671,0.0003404770590459008,21,210,5576.008686694871,272.9644170758412,5848.97310377071,0.04666877625063223
390,21,210,1330,23,0.017293233082706767,0.009044283638787998,0.0003932297234255652,21,210,5299.3983979223585,211.34751759157683,5510.745915513933,0.03835188935069356
391,21,210,1330,2,0.0015037593984962407,0.00011102957161983505,5.551478580991753e-05,21,210,5416.218133050547,179.97846300127924,5596.196596051819,0.032160854235938764
392,21,210,1330,22,0.016541353383458645,0.005714141078921545,0.00025973368540552476,21,210,5405.643356496244,197.20102102402313,5602.844377520263,0.03519659082719364
393,21,210,1330,12,0.009022556390977444,0.005364717130649989,0.0004470597608874991,21,210,5581.272528251235,188.1056415833127,5769.37816983455,0.03260414485686367
394,21,210,1330,9,0.006766917293233083,0.005038212994619264,0.000559801443846585,21,210,5333.494043477154,199.0277215473646,5532.5217650245195,0.035974141630237676
395,21,210,1330,20,0.015037593984962405,0.010455764928671478,0.0005227882464335739,21,210,5482.2063796800485,240.11317995192746,5722.3195596319765,0.04196081282244399
396,21,210,1330,31,0.02330827067669173,0.008787588843318032,0.0002834706078489687,21,210,5500.13701081119,260.387914515986,5760.524925327169,0.04520211576051765
397,21,210,1330,14,0.010526315789473684,0.004875038351063859,0.0003482170250759899,21,210,5181.261935931638,192.05898587094327,5373.320921802579,0.03574307000567418
398,21,210,1330,21,0.015789473684210527,0.004182911526742578,0.00019918626317821797,21,210,5432.106545876756,188.43614469173838,5620.542690568494,0.033526325670996525
399,21,210,1330,20,0.015037593984962405,0.013947383588047386,0.0006973691794023692,21,210,5636.14404857861,230.6208757456236,5866.7649243242295,0.03930971817013581
400,21,210,1330,20,0.015037593984962405,0.011292584731267598,0.0005646292365633799,21,210,5552.001503573169,244.63059494347323,5796.632098516641,0.042202194444266046
401,21,210,1330,10,0.007518796992481203,0.002139171474917127,0.00021391714749171266,21,210,5577.47072122063,173.95755990997878,5751.428281130609,0.03024597567889387
402,21,210,1330,23,0.017293233082706767,0.006461092085839945,0.0002809170472104324,21,210,5388.460389816866,217.83035520749434,5606.290745024362,0.03885463047039095
403,21,210,1330,9,0.006766917293233083,0.001294775467071188,0.00014386394078568754,21,210,5538.416159881739,207.3653450352454,5745.781504916981,0.03609001575465261
404,21,210,1330,27,0.02030075187969925,0.0063736087732054105,0.00023605958419279302,21,210,5433.543194460972,213.9028937153793,5647.446088176357,0.03787603996135741
405,21,210,1330,13,0.009774436090225564,0.0020175686182506564,0.00015519758601928124,21,210,5433.4431443189715,227.5112719626572,5660.9544162816255,0.040189560846543085
406,21,210,1330,1,0.0007518796992481203,0.0006346780441727427,0.0006346780441727427,21,210,5497.865867040544,177.23390615730895,5675.09977319785,0.031230095194862063
407,21,210,1330,25,0.018796992481203006,0.010486882096181994,0.00041947528384727976,21,210,5436.7777853457355,234.1322725465434,5670.910057892277,0.04128654310443498
408,21,210,1330,28,0.021052631578947368,0.012509705435624017,0.0004467751941294291,21,210,5528.323054053631,238.98724908973907,5767.310303143367,0.04143825050639003
409,21,210,1330,24,0.01804511278195489,0.00819212248755154,0.0003413384369813142,21,210,5409.369185100113,213.82930362330836,5623.198488723418,0.03802627704714937
410,21,210,1330,27,0.02030075187969925,0.015678824757916546,0.0005806972132561684,21,210,5338.307909221516,198.270668088936,5536.578577310449,0.03581104563411645
411,21,210,1330,6,0.004511278195488722,0.0009450621420629117,0.00015751035701048528,21,210,5437.6252696028205,215.71885373472725,5653.344123337549,0.038157743280515875
412,21,210,1330,16,0.012030075187969926,0.0009465146502593541,5.9157165641209634e-05,21,210,5533.48377624651,199.81117305716765,5733.294949303679,0.03485101932204537
413,21,210,1330,28,0.021052631578947368,0.006702371606353176,0.00023937041451261342,21,210,5397.093000768809,231.71244911685218,5628.805449885657,0.041165474838281924
414,21,210,1330,21,0.015789473684210527,0.010187728443015073,0.0004851299258578606,21,210,5435.040663500127,190.19635323783538,5625.2370167379595,0.033811260338347325
415,21,210,1330,26,0.019548872180451128,0.00726974635148208,0.0002796056289031569,21,210,5396.10877284562,209.56466853284627,5605.673441378462,0.03738438757169439
416,21,210,1330,13,0.009774436090225564,0.003722993248098205,0.0002863840960075542,21,210,5467.797342613505,211.05520397757783,5678.852546591079,0.037165114298357824
417,21,210,1330,30,0.022556390977443608,0.011355403615026606,0.0003785134538342201,21,210,5445.986636690697,213.26930208736925,5659.25593877806,0.037685042767904596
418,21,210,1330,25,0.018796992481203006,0.008177021288505238,0.00032708085154020954,21,210,5337.023623237061,218.4711288450701,5555.49475208213,0.03932523359205584
419,21,210,1330,19,0.014285714285714285,0.010563507909747338,0.0005559741005130177,21,210,5461.015868573169,225.02702387513378,5686.0428924483,0.03957533000216984
420,21,210,1330,20,0.015037593984962405,0.006538310126502352,0.00032691550632511757,21,210,5540.730191994004,170.28257911578453,5711.012771109792,0.029816529211279346
421,21,210,1330,21,0.015789473684210527,0.007090204623540559,0.0003376287915971694,21,210,5661.820804376806,247.55283807235125,5909.373642449154,0.0418915528194207
422,21,210,1330,13,0.009774436090225564,0.0042361360517520754,0.0003258566193655443,21,210,5470.487758022289,194.91726496168005,5665.405022983972,0.03440482439841821
423,21,210,1330,15,0.011278195488721804,0.00549901905052685,0.00036660127003512337,21,210,5385.846952088767,186.28881428714226,5572.135766375902,0.03343221021484619
424,21,210,1330,29,0.02180451127819549,0.00955067633082729,0.0003293336665802514,21,210,5485.464007265473,204.27267123679553,5689.736678502266,0.0359019551833754
425,21,210,1330,6,0.004511278195488722,0.0017498205368559638,0.0002916367561426606,21,210,5551.475223509957,200.78652882629117,5752.261752336247,0.034905666235501696
426,21,210,1330,13,0.009774436090225564,0.004945209944026364,0.00038040076492510484,21,210,5631.72104673166,211.8316564656539,5843.552703197309,0.03625049130638454
427,21,210,1330,30,0.022556390977443608,0.017244569975459187,0.0005748189991819729,21,210,5513.816832124722,222.4246298462896,5736.241461971007,0.038775325502051504
428,21,210,1330,15,0.011278195488721804,0.010643877680407025,0.0007095918453604685,21,210,5674.124811436053,233.20443315095415,5907.329244587003,0.03947713484306699
429,21,210,1330,15,0.011278195488721804,0.0032806250021917413,0.00021870833347944945,21,210,5631.329341028452,207.74666284855255,5839.076003876996,0.03557868791408334
430,21,210,1330,14,0.010526315789473684,0.002930126611778101,0.00020929475798415006,21,210,5291.535758355023,199.06829791070297,5490.6040562657245,0.03625617434269946
431,21,210,1330,20,0.015037593984962405,0.009194882422255761,0.0004597441211127881,21,210,5460.19300354212,217.8234694073185,5678.016472949437,0.0383625990599091
432,21,210,1330,24,0.01804511278195489,0.005852103084857864,0.0002438376285357443,21,210,5520.954865688223,182.9025770967637,5703.8574427849835,0.032066470617726224
433,21,210,1330,16,0.012030075187969926,0.006012548964368262,0.00037578431027301636,21,210,5465.870004362326,188.61076864956792,5654.480773011894,0.03335598372706169
434,21,210,1330,21,0.015789473684210527,0.008787288667072207,0.00041844231747962884,21,210,5856.558951281493,202.9247029300941,6059.483654211583,0.03348877800653086
435,21,210,1330,20,0.015037593984962405,0.003308978406583107,0.00016544892032915537,21,210,5605.170561544139,203.36205942170636,5808.532620965847,0.03501091802216498
436,21,210,1330,6,0.004511278195488722,0.0022019939523625098,0.0003669989920604183,21,210,5316.778708675218,186.08538115895647,5502.864089834173,0.033816096149407913
437,21,210,1330,18,0.013533834586466165,0.0033731569765717215,0.00018739760980954006,21,210,5306.471069469443,174.46818410811673,5480.939253577559,0.031831804009547555
438,21,210,1330,13,0.009774436090225564,0.008782094860997834,0.0006755457585382948,21,210,5482.999775463416,211.49782881663862,5694.497604280055,0.03714073541056093
439,21,210,1330,17,0.012781954887218045,0.004498840529101046,0.0002646376781824145,21,210,5406.3067632810635,215.89756851787754,5622.204331798939,0.03840087548877767
440,21,210,1330,28,0.021052631578947368,0.013421724609203102,0.00047934730747153936,21,210,5601.798498210221,206.24662438556123,5808.045122595782,0.03551050655291461
441,21,210,1330,17,0.012781954887218045,0.003277686572987213,0.0001928050925286596,21,210,5451.783253460205,199.44435924105306,5651.227612701257,0.035292218418666685
442,21,210,1330,9,0.006766917293233083,0.0031626267187417315,0.00035140296874908134,21,210,5457.7712407757535,183.57929328375036,5641.350534059502,0.0325417277610025
443,21,210,1330,12,0.009022556390977444,0.005566523734563567,0.0004638769778802972,21,210,5314.9712889255925,201.8422666396885,5516.813555565278,0.03658674787660226
444,21,210,1330,8,0.006015037593984963,0.006977393264915054,0.0008721741581143818,21,210,5587.410435923635,199.7595308834444,5787.169966807076,0.03451765405702377
445,21,210,1330,22,0.016541353383458645,0.013512270642042502,0.0006141941200928409,21,210,5380.421607451315,219.88171360226636,5600.303321053579,0.039262465083926966
446,21,210,1330,19,0.014285714285714285,0.0056790747941778165,0.0002988986733777799,21,210,5337.823871541148,197.6722145267289,5535.496086067875,0.03570993664402441
447,21,210,1330,12,0.009022556390977444,0.003160829680395351,0.0002634024733662792,21,210,5490.956039985819,162.63792591763732,5653.593965903454,0.02876717480924499
448,21,210,1330,13,0.009774436090225564,0.0037073649390610567,0.0002851819183893121,21,210,5389.260505532311,183.10656194713965,5572.367067479446,0.03285974519082865
449,21,210,1330,26,0.019548872180451128,0.010472664447079604,0.0004027947864261386,21,210,5392.7230693386355,228.82101907030773,5621.544088408939,0.04070430036155257
450,21,210,1330,8,0.006015037593984963,0.0017889606484992816,0.0002236200810624102,21,210,5285.1088521682,181.77047096940998,5466.879323137608,0.03324940248819804
451,21,210,1330,12,0.009022556390977444,0.00143218859663034,0.000119349049719195,21,210,5599.752178672725,170.05364798866367,5769.80582666139,0.029473027879529635
452,21,210,1330,21,0.015789473684210527,0.009730472172284389,0.0004633558177278279,21,210,5452.197015284273,257.8513428445424,5710.048358128815,0.045157470948116514
453,21,210,1330,35,0.02631578947368421,0.009766064639190495,0.00027903041826258563,21,210,5137.340068429025,189.38395747455888,5326.724025903584,0.0355535515926101
454,21,210,1330,21,0.015789473684210527,0.007274316628983761,0.00034639602995160766,21,210,5493.389090625911,206.67091760054956,5700.0600082264555,0.03625767400733982
455,21,210,1330,29,0.02180451127819549,0.012292444845677705,0.000423877408471645,21,210,5459.491987224645,256.06722117445713,5715.5592083991,0.044801779115184834
456,21,210,1330,11,0.008270676691729323,0.005570008831263156,0.0005063644392057416,21,210,5509.053983446032,201.67003928800983,5710.724022734041,0.03531426811822351
457,21,210,1330,14,0.010526315789473684,0.0025225970064409364,0.0001801855004600669,21,210,5545.159753007512,203.44202758488123,5748.6017805923975,0.03538982788331468
458,21,210,1330,23,0.017293233082706767,0.008252236700959363,0.00035879290004171144,21,210,5519.098293990364,225.64430634387608,5744.742600334243,0.0392784014954382
459,21,210,1330,27,0.02030075187969925,0.009443776981534025,0.0003497695178345935,21,210,5580.31080165208,218.49013336775002,5798.800935019833,0.03767850212761317
460,21,210,1330,29,0.02180451127819549,0.004785121683255061,0.00016500419597431244,21,210,5452.245094645461,200.90793581060493,5653.153030456068,0.03553909379919911
461,21,210,1330,25,0.018796992481203006,0.00506829738325157,0.0002027318953300628,21,210,5517.469101291649,195.9484770708599,5713.417578362503,0.034296193895041675
462,21,210,1330,21,0.015789473684210527,0.00616354221308724,0.0002935020101470114,21,210,5337.3105384755745,221.713461775557,5559.0240002511255,0.03988352303669515
463,21,210,1330,18,0.013533834586466165,0.007761167853102013,0.0004311759918390007,21,210,5473.964242666378,178.561870187547,5652.52611285392,0.031589747065740206
464,21,210,1330,9,0.006766917293233083,0.0018045176280710778,0.00020050195867456422,21,210,5447.726192966988,198.7566342287958,5646.482827195781,0.035200077696420536
465,21,210,1330,15,0.011278195488721804,0.003440166165404645,0.0002293444110269763,21,210,5484.219494767062,216.32143931844206,5700.5409340854985,0.03794752845734019
466,21,210,1330,24,0.01804511278195489,0.006906926632121256,0.00028778860967171906,21,210,5505.445449487137,238.4242331347509,5743.869682621893,0.04150933887934551
467,21,210,1330,21,0.015789473684210527,0.0099056137684819,0.00047169589373723337,21,210,5445.437558852244,203.0349085263927,5648.472467378637,0.035945100148574834
468,21,210,1330,21,0.015789473684210527,0.008312231172479707,0.0003958205320228432,21,210,5606.213555152481,178.40891357165964,5784.622468724137,0.03084192867145048
469,21,210,1330,10,0.007518796992481203,0.001392466714204464,0.0001392466714204464,21,210,5419.886949662956,186.32735131147354,5606.214300974429,0.03323585958515492
470,21,210,1330,14,0.010526315789473684,0.00197355750117624,0.00014096839294116002,21,210,5347.740735127174,192.8806469025132,5540.621382029683,0.03481209662297041
471,21,210,1330,13,0.009774436090225564,0.0017149542369448252,0.00013191955668806347,21,210,5534.34070245685,201.72513559496895,5736.065838051815,0.03516785568547143
472,21,210,1330,27,0.02030075187969925,0.012967315619125624,0.0004802709488565045,21,210,5440.8188305068625,198.3094954217699,5639.128325928625,0.035166693141198066
473,21,210,1330,6,0.004511278195488722,0.001121403945702016,0.00018690065761700267,21,210,5557.540231351801,202.21028395468153,5759.750515306483,0.03510747269648392
474,21,210,1330,20,0.015037593984962405,0.016868452303221898,0.0008434226151610947,21,210,5455.662222925086,202.6010820061063,5658.263304931197,0.035806230832265924
475,21,210,1330,21,0.015789473684210527,0.0018994660874048388,9.045076606689707e-05,21,210,5365.573252334922,213.1743079082094,5578.74756024313,0.03821185769856182
476,21,210,1330,11,0.008270676691729323,0.008329560975099582,0.0007572328159181439,21,210,5312.268424555663,202.83328331647368,5515.101707872136,0.036777795598393746
477,21,210,1330,24,0.01804511278195489,0.009693176462356836,0.00040388235259820144,21,210,5337.041366201975,185.32883502941192,5522.370201231382,0.03355965432887624
478,21,210,1330,15,0.011278195488721804,0.0017031090699228966,0.00011354060466152646,21,210,5667.178009311591,195.38728824250347,5862.565297554096,0.033327950875706315
479,21,210,1330,16,0.012030075187969926,0.004813231134395606,0.0003008269458997254,21,210,5353.366219209227,173.9456045876641,5527.3118237968865,0.031470199281822916
480,21,210,1330,20,0.015037593984962405,0.005368133624710507,0.0002684066812355253,21,210,5561.4162022544715,221.83436194138966,5783.250564195853,0.038358075528452426
481,21,210,1330,23,0.017293233082706767,0.007104772696111525,0.00030890316070050116,21,210,5281.377070929752,215.91887888872014,5497.295949818471,0.03927728848141241
482,21,210,1330,9,0.006766917293233083,0.001349888547487423,0.00014998761638749145,21,210,5476.398617029546,187.29714244428055,5663.695759473826,0.033069774648644086
483,21,210,1330,19,0.014285714285714285,0.008462861053286924,0.0004454137396466801,21,210,5353.586147468214,204.30821869385733,5557.894366162067,0.036760003921222376
484,21,210,1330,11,0.008270676691729323,0.007662615323820805,0.0006966013930746186,21,210,5273.243235833034,206.9392343406442,5480.182470173673,0.03776137664519883
485,21,210,1330,9,0.006766917293233083,0.008253866727023714,0.0009170963030026349,21,210,5486.73554842943,214.08790565035952,5700.823454079789,0.03755385645158818
486,21,210,1330,32,0.02406015037593985,0.016841497394307316,0.0005262967935721037,21,210,5442.101781571592,216.25047026315752,5658.352251834746,0.038217922928541134
487,21,210,1330,20,0.015037593984962405,0.011218671656728756,0.0005609335828364378,21,210,5383.616627099909,193.46178767959015,5577.078414779495,0.03468873365074233
488,21,210,1330,13,0.009774436090225564,0.008433703564813396,0.0006487464280625689,21,210,5633.7036357049765,238.5503411899239,5872.253976894897,0.04062330105757166
489,21,210,1330,13,0.009774436090225564,0.004705741121365984,0.00036198008625892185,21,210,5442.356261170282,211.3328799808085,5653.6891411510915,0.03737964269075132
490,21,210,1330,15,0.011278195488721804,0.0038516834876991405,0.00025677889917994273,21,210,5489.498664114997,194.93280596815788,5684.431470083151,0.03429240144666683
491,21,210,1330,12,0.009022556390977444,0.009115360280958149,0.0007596133567465126,21,210,5553.493528902354,236.56764621221305,5790.061175114566,0.04085753829838113
492,21,210,1330,13,0.009774436090225564,0.006464884566726142,0.0004972988128250879,21,210,5522.1865021826925,191.81333062467058,5713.999832807365,0.03356901229211799
493,21,210,1330,10,0.007518796992481203,0.002154049828476303,0.00021540498284763025,21,210,5651.037951584534,195.73729839767384,5846.775249982205,0.0334778215390218
494,21,210,1330,18,0.013533834586466165,0.017697241742666375,0.0009831800968147985,21,210,5391.039396584072,225.98356120091574,5617.022957784983,0.040231909838949656
495,21,210,1330,12,0.009022556390977444,0.0018646676956677523,0.00015538897463897937,21,210,5499.640184155147,202.93556891259476,5702.575753067739,0.0355866502612305
496,21,210,1330,28,0.021052631578947368,0.011238714123692341,0.0004013826472747265,21,210,5436.043841784367,195.03989508097922,5631.0837368653465,0.034636298125723136
497,21,210,1330,26,0.019548872180451128,0.006732860859695429,0.00025895618691136265,21,210,5529.812125101873,183.3428524749728,5713.154977576848,0.03209134938480787
498,21,210,1330,11,0.008270676691729323,0.004586803383264348,0.0004169821257513043,21,210,5502.378643782296,196.54647040444576,5698.925114186745,0.03448834060218978
499,21,210,1330,10,0.007518796992481203,0.0009192479455645046,9.192479455645046e-05,21,210,5343.926011734574,185.47532865688163,5529.401340391452,0.03354347373955513
500,21,210,1330,8,0.006015037593984963,0.00533481322066977,0.0006668516525837212,21,210,5365.5885062509005,233.4191207729108,5599.007627023809,0.04168937360369097
501,21,210,1330,17,0.012781954887218045,0.002745945445833124,0.00016152620269606612,21,210,5511.657991695209,195.69846823824327,5707.356459933448,0.034288811223213006
502,21,210,1330,11,0.008270676691729323,0.0027055064923702838,0.00024595513567002574,21,210,5436.590029686644,171.10909059302114,5607.699120279666,0.030513243831899385
503,21,210,1330,16,0.012030075187969926,0.0034386314368511327,0.0002149144648031958,21,210,5450.531718476378,217.8907556181067,5668.422474094481,0.038439399429717754
504,21,210,1330,12,0.009022556390977444,0.005283885572467661,0.00044032379770563837,21,210,5413.738401011269,215.62730096851234,5629.365701979778,0.038304013699568124
505,21,210,1330,21,0.015789473684210527,0.004526489261517524,0.0002155471076913106,21,210,5328.34607177642,179.6467203324205,5507.99279210884,0.03261564187044612
506,21,210,1330,24,0.01804511278195489,0.0028792382954161556,0.00011996826230900651,21,210,5337.724697860982,218.21201757788234,5555.93671543886,0.03927546852207907
507,21,210,1330,12,0.009022556390977444,0.0017190468311683081,0.00014325390259735903,21,210,5605.740606813861,219.65691192466159,5825.3975187385195,0.037706767858861574
508,21,210,1330,11,0.008270676691729323,0.0036605210267551683,0.0003327746387959244,21,210,5289.841080504995,202.49016984659087,5492.3312503515845,0.03686779995901171
509,21,210,1330,24,0.01804511278195489,0.0110701989229829,0.0004612582884576208,21,210,5338.617535931711,232.55410484836443,5571.171640780074,0.04174240534003764
510,21,210,1330,8,0.006015037593984963,0.006452514351820182,0.0008065642939775227,21,210,5381.363423693154,188.2274299919946,5569.590853685148,0.03379555786713721
511,21,210,1330,9,0.006766917293233083,0.0030315910495031114,0.0003368434499447902,21,210,5294.996184842542,185.01158680874545,5480.007771651286,0.03376119058915058
512,21,210,1330,15,0.011278195488721804,0.006794657281218681,0.0004529771520812454,21,210,5516.290471142625,199.22635056779023,5715.516821710411,0.0348571016029606
513,21,210,1330,20,0.015037593984962405,0.002665301904982447,0.00013326509524912237,21,210,5509.142821642117,228.75870887936782,5737.901530521478,0.03986800882910543
514,21,210,1330,32,0.02406015037593985,0.014464780675055107,0.00045202439609547205,21,210,5494.426379646999,237.4521139061169,5731.878493553115,0.0414265784198303
515,21,210,1330,18,0.013533834586466165,0.004770752603602415,0.0002650418113112453,21,210,5301.388988365114,196.84770717945023,5498.236695544563,0.03580197035514379
516,21,210,1330,16,0.012030075187969926,0.006748416403106514,0.0004217760251941571,21,210,5543.354894447759,187.1889310696423,5730.543825517398,0.03266512512060606
517,21,210,1330,18,0.013533834586466165,0.00724828407964839,0.000402682448869355,21,210,5358.676912664794,184.40949163186838,5543.086404296659,0.033268377611600196
518,21,210,1330,16,0.012030075187969926,0.005204961164573321,0.0003253100727858326,21,210,5439.311479330909,196.9232596804614,5636.234739011366,0.03493879669656964
519,21,210,1330,19,0.014285714285714285,0.009021915619520772,0.0004748376641853038,21,210,5492.760608442486,170.14314401220994,5662.903752454691,0.030045212041341553
520,21,210,1330,22,0.016541353383458645,0.003070059621669137,0.00013954816462132444,21,210,5372.835817195154,202.473328781283,5575.309145976435,0.03631607207421011
521,21,210,1330,18,0.013533834586466165,0.0016906882401087845,9.392712445048804e-05,21,210,5461.1464624317605,178.53812349631292,5639.684585928071,0.03165746608272997
522,21,210,1330,4,0.0030075187969924814,0.0004837612595965427,0.00012094031489913567,21,210,5450.661577005887,172.78117034577815,5623.442747351663,0.03072515860984781
523,21,210,1330,15,0.011278195488721804,0.005153911280725007,0.00034359408538166714,21,210,5310.059782965172,177.62044832468115,5487.680231289854,0.0323671279736597
524,21,210,1330,19,0.014285714285714285,0.006598827188477575,0.00034730669413039864,21,210,5397.624406863497,221.03342749706914,5618.6578343605615,0.03933918633474219
525,21,210,1330,30,0.022556390977443608,0.017200689945839853,0.0005733563315279951,21,210,5405.227357256943,193.68164161671388,5598.908998873653,0.034592746846872725
526,21,210,1330,9,0.006766917293233083,0.005080817642951753,0.0005645352936613059,21,210,5335.150022291398,202.41158543685398,5537.561607728249,0.0365524755795705
527,21,210,1330,18,0.013533834586466165,0.0065561093170591915,0.0003642282953921773,21,210,5457.82937188082,198.92826571293853,5656.757637593757,0.03516648201275203
528,21,210,1330,5,0.0037593984962406013,0.0007475285426822643,0.00014950570853645284,21,210,5281.191346327793,212.2905889435103,5493.481935271302,0.03864408610875428
529,21,210,1330,7,0.005263157894736842,0.0011642632716092195,0.00016632332451560274,21,210,5337.085077315978,156.333697893499,5493.418775209479,0.028458361594240113
530,21,210,1330,23,0.017293233082706767,0.012818562276371718,0.0005573287946248572,21,210,5437.834105589332,188.6335914966539,5626.467697085984,0.03352611294548968
531,21,210,1330,22,0.016541353383458645,0.005064718580078872,0.00023021448091267604,21,210,5546.307910705264,222.99505429333814,5769.302964998593,0.038651992389065415
532,21,210,1330,20,0.015037593984962405,0.005779947537592355,0.0002889973768796177,21,210,5460.630315358225,197.6909440411921,5658.321259399414,0.034938091171969866
533,21,210,1330,14,0.010526315789473684,0.003082585186355382,0.00022018465616824163,21,210,5425.582005330679,181.14786140576336,5606.72986673644,0.03230900466249959
534,21,210,1330,29,0.02180451127819549,0.010767059846727036,0.00037127792574920824,21,210,5200.759697059529,213.64287785521066,5414.402574914735,0.03945825507047286
535,21,210,1330,16,0.012030075187969926,0.0035645421837245906,0.00022278388648278691,21,210,5546.273570394847,196.52249309821553,5742.796063493062,0.03422069858052394
536,21,210,1330,12,0.009022556390977444,0.0031477131698253035,0.0002623094308187753,21,210,5399.854746095149,242.56836821576377,5642.423114310912,0.04299010607703916
537,21,210,1330,14,0.010526315789473684,0.005320533179361626,0.0003800380842401162,21,210,5441.1708202995615,189.33254309609936,5630.503363395657,0.03362621969590943
538,21,210,1330,27,0.02030075187969925,0.01002005134980026,0.00037111301295556523,21,210,5286.3887655357485,221.2415374088519,5507.630302944601,0.040170005109196834
539,21,210,1330,9,0.006766917293233083,0.0044176149898996825,0.0004908461099888536,21,210,5584.020142442806,211.03349743905915,5795.053639881866,0.03641614220560711
540,21,210,1330,15,0.011278195488721804,0.002258375400543617,0.00015055836003624113,21,210,5442.381896976818,187.689643868316,5630.071540845132,0.033336990925721316
541,21,210,1330,11,0.008270676691729323,0.005107070227992539,0.00046427911163568535,21,210,5456.045463269182,209.72466159792037,5665.7701248670965,0.03701609083599027
542,21,210,1330,11,0.008270676691729323,0.010419491745339111,0.0009472265223035557,21,210,5675.099939165142,232.46280227503246,5907.562741440176,0.039350035276707274
543,21,210,1330,19,0.014285714285714285,0.003222261865736691,0.0001695927297756153,21,210,5616.2558299904795,230.09703180857042,5846.3528617990505,0.03935736300011227
544,21,210,1330,12,0.009022556390977444,0.005150506190653204,0.00042920884922110033,21,210,5517.7053428370355,242.97860076321135,5760.683943600245,0.042178776538009034
545,21,210,1330,19,0.014285714285714285,0.0035766770934085113,0.00018824616281097427,21,210,5391.400449647667,184.20610354651208,5575.6065531941795,0.03303785907220861
546,21,210,1330,20,0.015037593984962405,0.006978149366602589,0.0003489074683301294,21,210,5386.114098507961,191.61126865007583,5577.72536715804,0.034352940676909936
547,21,210,1330,7,0.005263157894736842,0.001354901545264069,0.00019355736360915273,21,210,5386.974674944115,198.51832912149268,5585.493004065604,0.03554177383750976
548,21,210,1330,15,0.011278195488721804,0.0019902844361069016,0.00013268562907379342,21,210,5299.053885202623,193.50857449379743,5492.562459696421,0.03523101938552972
549,21,210,1330,20,0.015037593984962405,0.004092558796116728,0.00020462793980583637,21,210,5442.160146462555,209.03686853858324,5651.1970150011375,0.036989839140927766
550,21,210,1330,14,0.010526315789473684,0.004932027067813995,0.0003522876477009997,21,210,5661.641198692914,211.05935575910172,5872.700554452011,0.0359390630940821
551,21,210,1330,21,0.015789473684210527,0.011704525104843138,0.0005573583383258637,21,210,5503.162678055551,226.28762187147487,5729.450299927023,0.03949552051692588
552,21,210,1330,8,0.006015037593984963,0.0011190546011204641,0.00013988182514005802,21,210,5502.269965638117,192.3505802250133,5694.620545863128,0.03377759390215154
553,21,210,1330,7,0.005263157894736842,0.0022693642230727576,0.0003241948890103939,21,210,5486.472872219055,200.81378310369882,5687.286655322752,0.03530924239870281
554,21,210,1330,18,0.013533834586466165,0.004050642565659338,0.00022503569809218546,21,210,5511.369079501792,217.61249741928455,5728.981576921071,0.03798449942585365
555,21,210,1330,18,0.013533834586466165,0.0050505207422998615,0.00028058448568332565,21,210,5557.013578199423,196.09151447439427,5753.1050926738135,0.034084465921560066
556,21,210,1330,11,0.008270676691729323,0.0034328078310182607,0.0003120734391834782,21,210,5467.2674043529,210.56834921723492,5677.835753570134,0.037086023329370325
557,21,210,1330,24,0.01804511278195489,0.004319525151976382,0.0001799802146656826,21,210,5466.750451275404,172.35748065961747,5639.107931935021,0.03056467135227791
558,21,210,1330,5,0.0037593984962406013,0.0015776851091136455,0.0003155370218227291,21,210,5456.909129974252,183.83596055352388,5640.745090527777,0.032590722963572745
559,21,210,1330,4,0.0030075187969924814,0.0014562619738385334,0.00036406549345963335,21,210,5409.840285838245,187.15509455928012,5596.995380397524,0.033438493663003076
560,21,210,1330,24,0.01804511278195489,0.00790619165761793,0.0003294246524007471,21,210,5456.597385186238,219.58156631329652,5676.17895149954,0.03868475046145034
561,21,210,1330,22,0.016541353383458645,0.0012684866902258317,5.765848591935598e-05,21,210,5558.523802133472,200.3049862664301,5758.828788399898,0.03478224368640854
562,21,210,1330,21,0.015789473684210527,0.005922855586081354,0.0002820407421943502,21,210,5469.521549648576,201.19770768466407,5670.719257333238,0.035480103767168515
563,21,210,1330,12,0.009022556390977444,0.0020399397141115886,0.00016999497617596572,21,210,5468.301025787144,181.4090796157085,5649.710105402844,0.03210944919850421
564,21,210,1330,28,0.021052631578947368,0.011703273233671154,0.0004179740440596841,21,210,5635.314933389008,220.29932624150223,5855.614259630509,0.03762189865549702
565,21,210,1330,6,0.004511278195488722,0.001534211711461152,0.000255701951910192,21,210,5479.202147946677,202.30503107501573,5681.507179021692,0.035607634506210545
566,21,210,1330,27,0.02030075187969925,0.004867382159248365,0.000180273413305495,21,210,5543.02665790552,215.99674346666683,5759.023401372187,0.03750579367592114
567,21,210,1330,28,0.021052631578947368,0.014137497198862625,0.0005049106142450937,21,210,5307.482553478807,229.50029876664325,5536.982852245445,0.04144862010428164
568,21,210,1330,10,0.007518796992481203,0.005781522068509958,0.0005781522068509958,21,210,5300.344513941212,227.04252278931392,5527.387036730524,0.04107592272453037
569,21,210,1330,8,0.006015037593984963,0.0014046070822310945,0.00017557588527888682,21,210,5427.047161149392,189.4471645756668,5616.494325725059,0.033730500484607934
570,21,210,1330,18,0.013533834586466165,0.007681794134436708,0.0004267663408020394,21,210,5408.849565621365,212.04425514028145,5620.893820761647,0.03772429472997035
571,21,210,1330,28,0.021052631578947368,0.004117233495985314,0.00014704405342804696,21,210,5501.484842295884,180.32239574905316,5681.807238044934,0.031736802780219044
572,21,210,1330,5,0.0037593984962406013,0.0021980458890615423,0.0004396091778123085,21,210,5438.02015644104,207.68273999677808,5645.702896437814,0.036785984634050896
573,21,210,1330,18,0.013533834586466165,0.0037885786206907105,0.00021047659003837284,21,210,5421.175140439593,190.8927578268685,5612.067898266459,0.03401469142699331
574,21,210,1330,12,0.009022556390977444,0.004476271836153809,0.0003730226530128174,21,210,5524.366389130256,202.9298529807041,5727.29624211096,0.03543205107649687
575,21,210,1330,10,0.007518796992481203,0.0026485175776420006,0.00026485175776420005,21,210,5418.423737735151,227.44154012417695,5645.865277859327,0.040284620502034574
576,21,210,1330,23,0.017293233082706767,0.010725627500706518,0.00046633163046550067,21,210,5427.842080463788,193.59582898025957,5621.437909444043,0.03443884502486769
577,21,210,1330,23,0.017293233082706767,0.005436878315311355,0.00023638601370918935,21,210,5396.635786934311,188.3942857371129,5585.030072671423,0.03373200918988077
578,21,210,1330,10,0.007518796992481203,0.005228170811038792,0.0005228170811038792,21,210,5489.057264977641,208.07486758351746,5697.132132561155,0.03652273858882347
579,21,210,1330,33,0.02481203007518797,0.015323871041642035,0.0004643597285346071,21,210,5268.641701395101,239.5994227095183,5508.241124104617,0.04349835406823553
580,21,210,1330,21,0.015789473684210527,0.005301343153161268,0.0002524449120552985,21,210,5490.100128965478,205.56293685944286,5695.66306582492,0.03609113363690002
581,21,210,1330,22,0.016541353383458645,0.005841075170815998,0.0002655034168552726,21,210,5464.328744923001,237.84610224834563,5702.174847171344,0.04171147125843275
582,21,210,1330,14,0.010526315789473684,0.004721794921146573,0.00033727106579618376,21,210,5430.301000458323,186.38837210620204,5616.689372564522,0.03318473921962664
583,21,210,1330,16,0.012030075187969926,0.010657037194441757,0.0006660648246526099,21,210,5250.145047684957,230.71900764326944,5480.864055328226,0.04209537133455733
584,21,210,1330,15,0.011278195488721804,0.0053775052952161825,0.00035850035301441223,21,210,5352.533396136025,205.9776303152774,5558.5110264513005,0.03705626009107316
585,21,210,1330,30,0.022556390977443608,0.005442244481517406,0.00018140814938391356,21,210,5475.765437588972,204.24314452922658,5680.0085821181965,0.03595824576255481
586,21,210,1330,17,0.012781954887218045,0.0025738284230058814,0.00015140167194152243,21,210,5527.384261598321,218.52070201341846,5745.904963611738,0.03803068505262252
587,21,210,1330,14,0.010526315789473684,0.002734792989115707,0.00019534235636540768,21,210,5281.46299000381,183.36901588813427,5464.832005891943,0.0335543738015064
588,21,210,1330,8,0.006015037593984963,0.0018079954249440706,0.00022599942811800882,21,210,5459.789774870478,239.44972055605453,5699.239495426532,0.04201432853422035
589,21,210,1330,18,0.013533834586466165,0.008576382469096847,0.00047646569272760263,21,210,5579.682153411211,203.60729073648724,5783.2894441476965,0.03520613877324163
590,21,210,1330,6,0.004511278195488722,0.0027568834623418297,0.0004594805770569716,21,210,5612.974519518331,194.34224300731813,5807.3167625256465,0.03346506673467511
591,21,210,1330,17,0.012781954887218045,0.002628908804593428,0.0001546416943878487,21,210,5382.2424551140575,224.6940581729748,5606.936513287028,0.0400743004028147
592,21,210,1330,14,0.010526315789473684,0.002925818472947536,0.00020898703378196683,21,210,5320.633557182547,189.18664564405128,5509.820202826593,0.034336264828931554
593,21,210,1330,12,0.009022556390977444,0.005562302660884316,0.00046352522174035964,21,210,5476.296163228677,203.2299790088831,5679.526142237554,0.035782911094906396
594,21,210,1330,17,0.012781954887218045,0.0035604610604052624,0.00020943888590619188,21,210,5478.454164870345,230.02452893927202,5708.478693809617,0.04029524174080128
595,21,210,1330,17,0.012781954887218045,0.003682727868496382,0.0002166310510880224,21,210,5632.832678428161,193.3320929687631,5826.164771396922,0.03318342349634723
596,21,210,1330,11,0.008270676691729323,0.011624407117096277,0.0010567642833723889,21,210,5352.302226904807,193.79505442584008,5546.097281330646,0.03494259920001689
597,21,210,1330,17,0.012781954887218045,0.011497337851773549,0.000676313991280797,21,210,5410.585481289555,210.37538915786857,5620.960870447425,0.03742694425501717
598,21,210,1330,17,0.012781954887218045,0.004995820048756587,0.0002938717675739169,21,210,5580.204879065437,216.09026948374552,5796.295148549179,0.03728075674991002
599,21,210,1330,28,0.021052631578947368,0.0078086622362762105,0.00027888079415272184,21,210,5547.502026302649,205.95722578927905,5753.459252091925,0.03579711209641299
600,21,210,1330,22,0.016541353383458645,0.00948208615454615,0.00043100391611573406,21,210,5520.908694469837,254.25621363707413,5775.164908106914,0.044025792801199636
601,21,210,1330,9,0.006766917293233083,0.0014571095911587344,0.00016190106568430383,21,210,5363.217959025713,183.79365978414228,5547.011618809854,0.03313381554148905
602,21,210,1330,16,0.012030075187969926,0.006084911415254586,0.00038030696345341163,21,210,5375.287507640132,210.08142914416328,5585.368936784296,0.03761281152988883
603,21,210,1330,13,0.009774436090225564,0.004126734482811034,0.00031744111406238726,21,210,5475.713711357828,198.51706108203996,5674.230772439865,0.03498572212576393
604,21,210,1330,22,0.016541353383458645,0.010985614683475932,0.0004993461219761786,21,210,5356.776827196209,194.95330910929454,5551.7301363055,0.035115775501117885
605,21,210,1330,23,0.017293233082706767,0.009592798334607432,0.0004170781884611927,21,210,5377.57380688457,195.10044150267564,5572.67424838724,0.03501020027487497
606,21,210,1330,21,0.015789473684210527,0.009720660743700232,0.0004628886068428681,21,210,5387.6833813979965,215.4539805531998,5603.137361951192,0.038452382412800926
607,21,210,1330,10,0.007518796992481203,0.004648829291496034,0.0004648829291496034,21,210,5687.258962914575,210.09722500310704,5897.356187917681,0.035625663146063254
608,21,210,1330,15,0.011278195488721804,0.005713132393702467,0.0003808754929134977,21,210,5424.13082024351,208.55887398354162,5632.6896942270505,0.03702651580421585
609,21,210,1330,26,0.019548872180451128,0.009910895789446499,0.00038118829959409603,21,210,5574.650495850583,244.89576695703286,5819.546262807609,0.04208159122681915
610,21,210,1330,14,0.010526315789473684,0.0038672178223066707,0.00027622984445047646,21,210,5354.052533909959,184.52534970905594,5538.577883619009,0.0333163771615113
611,21,210,1330,4,0.0030075187969924814,0.0007889064985282017,0.00019722662463205043,21,210,5375.426970034878,214.80297757077392,5590.229947605649,0.03842471232561304
612,21,210,1330,6,0.004511278195488722,0.0015384706579910238,0.00025641177633183726,21,210,5347.339458575476,202.91057235006127,5550.2500309255365,0.03655881648925008
613,21,210,1330,32,0.02406015037593985,0.009647354641457417,0.00030147983254554434,21,210,5404.925365967887,229.264094417302,5634.189460385189,0.04069158412745816
614,21,210,1330,1,0.0007518796992481203,5.240746806419915e-05,5.240746806419915e-05,21,210,5330.29621859518,167.9183133868909,5498.214531982068,0.030540516818713056
615,21,210,1330,4,0.0030075187969924814,0.0028437755113107253,0.0007109438778276813,21,210,5467.730310958339,211.9628990746421,5679.6932100329805,0.03731942751770765
616,21,210,1330,36,0.02706766917293233,0.006843323871517453,0.00019009232976437373,21,210,5519.727115684642,194.04774181785774,5713.774857502495,0.0339613909643399
617,21,210,1330,21,0.015789473684210527,0.010164211205033502,0.0004840100573825477,21,210,5303.3779581189465,244.3326153852496,5547.710573504197,0.04404206242340388
618,21,210,1330,22,0.016541353383458645,0.005402191778242811,0.0002455541717383096,21,210,5405.317861344312,192.54296589357324,5597.860827237886,0.03439581151369538
619,21,210,1330,9,0.006766917293233083,0.0015192984131605783,0.00016881093479561982,21,210,5233.076751068182,182.93514177064435,5416.011892838822,0.033776724532773916
620,21,210,1330,18,0.013533834586466165,0.0046506490391763885,0.0002583693910653549,21,210,5523.886398771295,227.22054675977898,5751.106945531077,0.03950901085856901
621,21,210,1330,17,0.012781954887218045,0.01675209153751509,0.0009854171492655935,21,210,5462.623408632828,217.07989855245268,5679.703307185284,0.03822028842207815
622,21,210,1330,8,0.006015037593984963,0.004382383025906461,0.0005477978782383075,21,210,5447.651433457575,199.76849455535114,5647.419928012923,0.03537340893749348
623,21,210,1330,23,0.017293233082706767,0.005383466882884323,0.0002340637775167097,21,210,5441.881927973325,208.6749695908586,5650.556897564179,0.03692998289793585
624,21,210,1330,31,0.02330827067669173,0.005975306221134211,0.00019275181358497452,21,210,5376.136986200046,208.19126781907107,5584.328254019123,0.037281344926174916
625,21,210,1330,14,0.010526315789473684,0.003647151807431396,0.0002605108433879569,21,210,5398.376711642501,227.49078755269448,5625.867499195192,0.040436570464064105
626,21,210,1330,22,0.016541353383458645,0.005076086847073137,0.00023073122032150626,21,210,5473.950480051801,220.89166590394086,5694.842145955741,0.03878802260758179
627,21,210,1330,17,0.012781954887218045,0.008631773322158887,0.0005077513718916993,21,210,5531.602239610165,238.56136822352147,5770.163607833685,0.04134395217141607
628,21,210,1330,18,0.013533834586466165,0.0060496869218031385,0.00033609371787795216,21,210,5309.4757152934635,190.49761489941142,5499.973330192871,0.03463609793408419
629,21,210,1330,20,0.015037593984962405,0.006033098311986163,0.0003016549155993082,21,210,5347.824384518133,205.22430970253697,5553.048694220668,0.03695705206333307
630,21,210,1330,17,0.012781954887218045,0.011052268726588073,0.0006501334545051808,21,210,5455.325111728612,200.03314514192942,5655.358256870541,0.03537055232511833
631,21,210,1330,11,0.008270676691729323,0.0020919432476939606,0.00019017665888126914,21,210,5417.713209338014,200.06394582561126,5617.777155163625,0.03561265253138795
632,21,210,1330,21,0.015789473684210527,0.015870073127008957,0.0007557177679528076,21,210,5550.502103161485,221.66542329959202,5772.1675264610785,0.03840245839772002
633,21,210,1330,12,0.009022556390977444,0.0018412428850205572,0.00015343690708504644,21,210,5331.107883091339,207.56702673683324,5538.6749098281725,0.03747593605259505
634,21,210,1330,13,0.009774436090225564,0.004205065417753254,0.0003234665705964041,21,210,5457.4334451726445,192.2710749056253,5649.704520078267,0.03403205853019756
635,21,210,1330,18,0.013533834586466165,0.004920127602583985,0.0002733404223657769,21,210,5435.08914685656,211.592044834528,5646.6811916910865,0.037471930440464575
636,21,210,1330,18,0.013533834586466165,0.00685818924499834,0.0003810105136110188,21,210,5696.094028974619,193.83046294352357,5889.924491918138,0.0329088196647492
637,21,210,1330,16,0.012030075187969926,0.0023634563547629724,0.00014771602217268575,21,210,5598.813778711043,215.88721826708283,5814.70099697813,0.03712782796213912
638,21,210,1330,12,0.009022556390977444,0.007592892353636695,0.0006327410294697245,21,210,5474.263991113623,198.72162872115393,5672.985619834773,0.035029461034830144
639,21,210,1330,15,0.011278195488721804,0.0008839283152793772,5.892855435195848e-05,21,210,5401.275585662745,185.70900985487327,5586.98459551762,0.03323957792972361
640,21,210,1330,6,0.004511278195488722,0.0026929858689892314,0.0004488309781648719,21,210,5329.742102694157,188.43374964341598,5518.175852337577,0.0341478333938185
641,21,210,1330,18,0.013533834586466165,0.007044236110761867,0.00039134645059788153,21,210,5302.508306586189,223.16700305340575,5525.675309639599,0.04038728129104665
642,21,210,1330,15,0.011278195488721804,0.0030897458905224133,0.00020598305936816094,21,210,5217.4910526444,197.9455688407253,5415.436621485126,0.036552097767223214
643,21,210,1330,23,0.017293233082706767,0.004752030318467967,0.0002066100138464334,21,210,5300.133374277431,202.67072250853204,5502.804096785958,0.03683044479575543
644,21,210,1330,12,0.009022556390977444,0.006658709982881116,0.0005548924985734263,21,210,5569.4152609096445,198.04653305423483,5767.461793963877,0.03433859471102293
645,21,210,1330,23,0.017293233082706767,0.013275551639178505,0.0005771978973555873,21,210,5521.813257308201,219.3298172282897,5741.143074536494,0.03820316170155663
646,21,210,1330,14,0.010526315789473684,0.0022737941705518495,0.00016241386932513215,21,210,5360.338939674073,209.78734668345282,5570.126286357525,0.03766294261537096
647,21,210,1330,20,0.015037593984962405,0.005722608492822029,0.0002861304246411015,21,210,5498.961464710712,193.80357316335602,5692.765037874062,0.034043838428949307
648,21,210,1330,15,0.011278195488721804,0.000835830183230338,5.5722012215355876e-05,21,210,5539.449855904194,182.76983209603793,5722.21968800023,0.0319403731526273
649,21,210,1330,8,0.006015037593984963,0.005557087478210289,0.0006946359347762861,21,210,5568.45504113145,213.93256651886884,5782.387607650319,0.036997271894369015
650,21,210,1330,10,0.007518796992481203,0.002239613848065434,0.0002239613848065434,21,210,5309.005532403504,194.46114082703872,5503.4666732305395,0.035334299701117275
651,21,210,1330,18,0.013533834586466165,0.0062091696299812005,0.00034495386833228894,21,210,5462.306204271725,216.30536074360896,5678.611565015334,0.03809124083714729
652,21,210,1330,17,0.012781954887218045,0.00794203533959851,0.0004671785493881477,21,210,5347.342386446755,206.38337423676967,5553.725760683524,0.03716124690524313
653,21,210,1330,26,0.019548872180451128,0.0046485540256164986,0.00017879053944678844,21,210,5640.189949179277,229.83130178574982,5870.0212509650255,0.03915340199968881
654,21,210,1330,9,0.006766917293233083,0.0011865856180099702,0.00013184284644555226,21,210,5453.429333934443,187.6586639134213,5641.0879978478615,0.03326639541609973
655,21,210,1330,14,0.010526315789473684,0.005340137362207113,0.00038143838301479377,21,210,5487.519517324212,207.49179119672306,5695.011308520932,0.03643395595830895
656,21,210,1330,12,0.009022556390977444,0.0021568190796986977,0.0001797349233082248,21,210,5387.436900735903,181.6249352431775,5569.061835979079,0.03261320139593074
657,21,210,1330,5,0.0037593984962406013,0.00024038976177303845,4.807795235460769e-05,21,210,5536.267468592592,213.6216347724701,5749.889103365062,0.03715230518923405
658,21,210,1330,10,0.007518796992481203,0.0028281901733854856,0.0002828190173385486,21,210,5537.824278118873,227.9354993179249,5765.759777436799,0.039532604221547175
659,21,210,1330,19,0.014285714285714285,0.008165495084703392,0.00042976289919491534,21,210,5198.111223238019,188.78559341762104,5386.896816655635,0.03504533311904523
660,21,210,1330,26,0.019548872180451128,0.004219376663767005,0.0001622837178371925,21,210,5378.884525924621,218.33925480026633,5597.223780724885,0.039008491236701935
661,21,210,1330,17,0.012781954887218045,0.004471602371020685,0.0002630354335894521,21,210,5344.197786048507,221.10687552665786,5565.304661575159,0.03972951868264433
662,21,210,1330,16,0.012030075187969926,0.005456563564283129,0.0003410352227676956,21,210,5551.4955497987385,192.55057104279692,5744.046120841533,0.03352176618919405
663,21,210,1330,24,0.01804511278195489,0.006964890138701669,0.0002902037557792362,21,210,5389.07717835993,202.69674902119397,5591.773927381122,0.036249095842135724
664,21,210,1330,13,0.009774436090225564,0.0031007379805473544,0.00023851830619595033,21,210,5421.136808939169,228.37374636464062,5649.510555303803,0.04042363389342492
665,21,210,1330,18,0.013533834586466165,0.004108118154395364,0.00022822878635529793,21,210,5353.905791594216,209.30725092047393,5563.213042514688,0.03762344697586176
666,21,210,1330,13,0.009774436090225564,0.0016149012301435856,0.00012422317154950655,21,210,5307.68003746656,182.82959800187874,5490.509635468439,0.03329920356041413
667,21,210,1330,25,0.018796992481203006,0.012765860347357008,0.0005106344138942802,21,210,5489.804022858893,209.47447157570946,5699.278494434602,0.03675455968334645
668,21,210,1330,24,0.01804511278195489,0.007779638325261347,0.00032415159688588946,21,210,5256.693357526665,236.12282993244685,5492.816187459108,0.042987571743534646
669,21,210,1330,16,0.012030075187969926,0.007613872672726243,0.0004758670420453901,21,210,5396.192795441626,205.3882415814324,5601.581037023059,0.03666611983722818
670,21,210,1330,12,0.009022556390977444,0.0017714393005267592,0.00014761994171056325,21,210,5544.190750317775,221.7315362298849,5765.922286547655,0.038455519379302396
671,21,210,1330,20,0.015037593984962405,0.0031103943813113543,0.0001555197190655677,21,210,5717.540051671636,200.2317742605981,5917.771825932232,0.03383566993630333
672,21,210,1330,16,0.012030075187969926,0.0033659107067261773,0.00021036941917038608,21,210,5738.035034494382,227.3726392903553,5965.407673784732,0.03811518872206424
673,21,210,1330,8,0.006015037593984963,0.002847304022567102,0.0003559130028208878,21,210,5481.146631510479,159.81169043645838,5640.958321946938,0.028330592306397413
674,21,210,1330,12,0.009022556390977444,0.0038934948101329507,0.00032445790084441247,21,210,5404.420058122378,196.6189951618548,5601.03905328423,0.035104021466617896
675,21,210,1330,18,0.013533834586466165,0.007045082923961393,0.0003913934957756329,21,210,5401.501123576809,216.89024010615884,5618.39136368296,0.03860361909071127
676,21,210,1330,5,0.0037593984962406013,0.002080263113850173,0.0004160526227700346,21,210,5474.473157524762,203.51063940161157,5677.98379692637,0.03584206061168699
677,21,210,1330,21,0.015789473684210527,0.003378725844077701,0.0001608917068608429,21,210,5269.121445029528,185.00645846852063,5454.127903498045,0.03392044736425513
678,21,210,1330,25,0.018796992481203006,0.004309646928635806,0.00017238587714543224,21,210,5468.98752473396,198.09930116407878,5667.086825898038,0.03495610835866925
679,21,210,1330,22,0.016541353383458645,0.004280654814896207,0.0001945752188589185,21,210,5331.154435816716,185.8725340945096,5517.026969911227,0.0336907060828634
680,21,210,1330,9,0.006766917293233083,0.007950362370235282,0.0008833735966928091,21,210,5351.239880461206,226.2245777200361,5577.464458181237,0.04056046962131714
681,21,210,1330,12,0.009022556390977444,0.003937082375178865,0.0003280901979315721,21,210,5391.747198536701,176.19476240175914,5567.94196093846,0.0316445041341742
682,21,210,1330,25,0.018796992481203006,0.01549094976283135,0.0006196379905132541,21,210,5490.2191465195865,228.88313004173256,5719.102276561311,0.040020814277053236
683,21,210,1330,5,0.0037593984962406013,0.0012913408647122935,0.0002582681729424587,21,210,5412.151018952311,179.39236122955532,5591.543380181859,0.03208279879672878
684,21,210,1330,11,0.008270676691729323,0.0016044722160621727,0.00014586111055110663,21,210,5533.916689055493,194.03067002537304,5727.947359080863,0.03387438079677259
685,21,210,1330,23,0.017293233082706767,0.00795530259871813,0.00034588272168339695,21,210,5357.454372661786,189.73377655394688,5547.188149215735,0.03420359494760811
686,21,210,1330,17,0.012781954887218045,0.0041208595087682135,0.00024240350051577726,21,210,5431.234668752171,198.60734518051783,5629.842013932681,0.03527760542640561
687,21,210,1330,15,0.011278195488721804,0.011442022838522433,0.0007628015225681622,21,210,5529.37207753669,223.80893267178124,5753.181010208471,0.038901771432995697
688,21,210,1330,12,0.009022556390977444,0.00635018634387483,0.0005291821953229025,21,210,5621.448240844696,225.1435339348933,5846.591774779585,0.03850850933463388
689,21,210,1330,5,0.0037593984962406013,0.001512793043279145,0.000302558608655829,21,210,5355.667553025028,159.1986078426396,5514.866160867665,0.028867175231246694
690,21,210,1330,14,0.010526315789473684,0.004733268519302246,0.00033809060852158906,21,210,5399.050314679034,187.57828533029385,5586.628600009326,0.033576294176774296
691,21,210,1330,24,0.01804511278195489,0.004238233768297541,0.0001765930736790642,21,210,5450.815216959025,193.18938780164936,5644.004604760676,0.034229133625917944
692,21,210,1330,9,0.006766917293233083,0.0022466805349346274,0.00024963117054829196,21,210,5605.489118063853,206.013178783569,5811.502296847415,0.03544921231388408
693,21,210,1330,20,0.015037593984962405,0.007400417202887786,0.0003700208601443893,21,210,5385.913989434086,189.91558666511503,5575.829576099201,0.034060507781512615
694,21,210,1330,15,0.011278195488721804,0.0034584989533302385,0.0002305665968886826,21,210,5524.837464051708,194.8246246936896,5719.662088745393,0.03406226131383652
695,21,210,1330,8,0.006015037593984963,0.0028409530258663006,0.0003551191282332875,21,210,5648.968977279203,177.24556223446834,5826.214539513669,0.030422079556525147
696,21,210,1330,6,0.004511278195488722,0.0021402416779009318,0.000356706946316822,21,210,5510.85796630486,179.37376849630522,5690.231734801166,0.031523104305096125
697,21,210,1330,16,0.012030075187969926,0.008135047148022568,0.0005084404467514105,21,210,5578.599095762054,204.69773007943934,5783.296825841492,0.035394643616559494
698,21,210,1330,14,0.010526315789473684,0.0021360961444248363,0.00015257829603034545,21,210,5420.491722795128,157.34403753878058,5577.835760333908,0.02820879715708256
699,21,210,1330,23,0.017293233082706767,0.0033817333324921038,0.00014703188402139582,21,210,5446.897684249948,177.06381629717163,5623.961500547115,0.03148382439672575
700,21,210,1330,18,0.013533834586466165,0.009921404188448337,0.0005511891215804631,21,210,5534.421770069893,188.7027010152067,5723.124471085097,0.03297197221003808
701,21,210,1330,21,0.015789473684210527,0.008165711047744993,0.00038884338322595205,21,210,5485.122247929796,216.1831906181012,5701.305438547893,0.03791819135954984
702,21,210,1330,19,0.014285714285714285,0.014559319707458667,0.0007662799846030877,21,210,5437.766707214242,227.48896227598095,5665.25566949022,0.04015510959215919
703,21,210,1330,17,0.012781954887218045,0.004869833574781601,0.0002864607985165647,21,210,5338.1540985804595,192.96035371339713,5531.114452293854,0.034886342594732056
704,21,210,1330,27,0.02030075187969925,0.008488836931561458,0.0003144013678356096,21,210,5383.567973997713,196.48057002290602,5580.048544020613,0.03521126536317463
705,21,210,1330,16,0.012030075187969926,0.001439114564415765,8.994466027598531e-05,21,210,5677.279562313452,187.81353966845577,5865.093101981902,0.03202226058525666
706,21,210,1330,10,0.007518796992481203,0.0017770415099374918,0.00017770415099374918,21,210,5384.645108858083,228.0580433300412,5612.703152188127,0.04063247906512429
707,21,210,1330,11,0.008270676691729323,0.0032364333777489132,0.00029422121615899213,21,210,5462.258576960874,226.03380371241462,5688.292380673289,0.039736671145877416
708,21,210,1330,15,0.011278195488721804,0.002261109699683846,0.00015074064664558973,21,210,5686.803664054592,209.07933038668682,5895.882994441281,0.03546191988270623
709,21,210,1330,15,0.011278195488721804,0.005700174883946979,0.0003800116589297985,21,210,5267.06734574206,189.78615755831157,5456.85350330037,0.034779412246183014
710,21,210,1330,18,0.013533834586466165,0.006144179758187314,0.00034134331989929523,21,210,5380.444767371483,226.37363859714276,5606.818405968623,0.040374704905042295
711,21,210,1330,26,0.019548872180451128,0.00402551747116978,0.00015482759504499157,21,210,5510.496802743687,213.49482857248302,5723.991631316168,0.037298242611754524
712,21,210,1330,20,0.015037593984962405,0.008676816745778825,0.0004338408372889412,21,210,5475.726176771357,195.35894658086275,5671.085123352215,0.03444824796870353
713,21,210,1330,27,0.02030075187969925,0.010547220134257013,0.00039063778275025973,21,210,5508.842498988321,219.03175767716368,5727.874256665478,0.038239623962114444
714,21,210,1330,21,0.015789473684210527,0.012029552948392643,0.000572835854685364,21,210,5447.039661267909,242.35175002353256,5689.391411291439,0.0425971307831888
715,21,210,1330,15,0.011278195488721804,0.00544859145504594,0.00036323943033639603,21,210,5548.6086836442955,204.3364860727881,5752.945169717082,0.03551858744428759
716,21,210,1330,12,0.009022556390977444,0.0009987304040290624,8.322753366908852e-05,21,210,5263.025391922204,187.40587765801075,5450.431269580215,0.03438367871987578
717,21,210,1330,10,0.007518796992481203,0.0023026651846225652,0.00023026651846225652,21,210,5345.193769618752,199.4595311760204,5544.653300794767,0.0359733098456183
718,21,210,1330,22,0.016541353383458645,0.011072434195657229,0.0005032924634389648,21,210,5430.542225499112,226.93160026407645,5657.473825763186,0.040111825039413886
719,21,210,1330,17,0.012781954887218045,0.0022808567952895637,0.00013416804678173904,21,210,5360.235412522317,202.50077302830283,5562.736185550621,0.0364030876665165
720,21,210,1330,15,0.011278195488721804,0.019397298146165604,0.0012931532097443736,21,210,5476.688019656421,233.82361153355015,5710.511631189969,0.0409461755154197
721,21,210,1330,8,0.006015037593984963,0.002029598341669629,0.0002536997927087036,21,210,5271.042104882928,196.47395254885316,5467.516057431779,0.03593477375924555
722,21,210,1330,18,0.013533834586466165,0.003104250378101564,0.00017245835433897579,21,210,5381.659772536354,196.67635639854592,5578.336128934898,0.03525717200481757
723,21,210,1330,6,0.004511278195488722,0.002489762570609042,0.00041496042843484036,21,210,5584.876244210085,178.2955703387874,5763.171814548872,0.03093705620378836
724,21,210,1330,12,0.009022556390977444,0.004222093431405568,0.00035184111928379734,21,210,5355.994538306628,189.77074676901856,5545.76528507564,0.03421903687119896
725,21,210,1330,18,0.013533834586466165,0.003577107712386175,0.0001987282062436764,21,210,5324.547240235701,191.04157852249182,5515.588818758191,0.03463666070842168
726,21,210,1330,10,0.007518796992481203,0.00450444439839668,0.000450444439839668,21,210,5269.8699772494,225.08441233210374,5494.954389581502,0.04096201649259663
727,21,210,1330,23,0.017293233082706767,0.005884382521533295,0.00025584271832753455,21,210,5385.927664149689,198.84648207979615,5584.774146229481,0.03560510718487083
728,21,210,1330,24,0.01804511278195489,0.007942525272216354,0.00033093855300901474,21,210,5277.422412860706,203.14544545136067,5480.567858312067,0.037066495790807785
729,21,210,1330,30,0.022556390977443608,0.003555594052273704,0.00011851980174245683,21,210,5431.152115646213,208.53013429164164,5639.682249937852,0.03697551121677814
730,21,210,1330,33,0.02481203007518797,0.013718822745590909,0.0004157219013815427,21,210,5467.66208209592,207.0071251351065,5674.669207231026,0.036479152806180276
731,21,210,1330,4,0.0030075187969924814,0.0005887552377107172,0.00014718880942767932,21,210,5485.995986189506,186.62320585827254,5672.6191920477795,0.03289894835879204
732,21,210,1330,19,0.014285714285714285,0.003861123311406306,0.00020321701638980556,21,210,5406.345275308962,187.70369258196436,5594.048967890926,0.033554174026605384
733,21,210,1330,13,0.009774436090225564,0.000804573552767522,6.189027328980938e-05,21,210,5427.344455769069,167.86310442017006,5595.207560189239,0.030001229197383458
734,21,210,1330,8,0.006015037593984963,0.004467699514033159,0.0005584624392541449,21,210,5336.566619699889,198.18089680830215,5534.7475165081905,0.03580667342407197
735,21,210,1330,33,0.02481203007518797,0.005450912142200077,0.00016517915582424475,21,210,5305.438248374574,205.11256239583605,5510.550810770409,0.03722178951602118
736,21,210,1330,14,0.010526315789473684,0.003950707878910074,0.0002821934199221482,21,210,5408.237619763974,179.33107228341566,5587.568692047387,0.032094651925917615
737,21,210,1330,16,0.012030075187969926,0.004239797288418599,0.0002649873305261625,21,210,5524.805983124797,186.32680702740703,5711.1327901522,0.032625192562269506
738,21,210,1330,16,0.012030075187969926,0.0025932913590060187,0.00016208070993787617,21,210,5382.787755213674,189.01325697738727,5571.801012191057,0.03392318867163916
739,21,210,1330,10,0.007518796992481203,0.0016745909911618441,0.0001674590991161844,21,210,5384.860946533008,189.58464726396213,5574.445593796974,0.0340095968422267
740,21,210,1330,11,0.008270676691729323,0.0014535270286904155,0.00013213882079003778,21,210,5382.914775039264,200.9344668384478,5583.849241877708,0.03598493765402567
741,21,210,1330,14,0.010526315789473684,0.004957742187024171,0.0003541244419302979,21,210,5372.8996866039415,198.18044343757816,5571.080130041518,0.0355730735892505
742,21,210,1330,9,0.006766917293233083,0.0047408692722292435,0.000526763252469916,21,210,5369.499845585675,177.99573811060048,5547.495583696276,0.03208578275099817
743,21,210,1330,18,0.013533834586466165,0.006343351301160693,0.00035240840562003855,21,210,5540.027213482783,208.33538701582,5748.3626004986,0.03624256183800052
744,21,210,1330,14,0.010526315789473684,0.0026567504467925923,0.00018976788905661373,21,210,5367.620476953455,187.2627958874446,5554.883272840896,0.033711382704118296
745,21,210,1330,8,0.006015037593984963,0.0048159866791918455,0.0006019983348989806,21,210,5424.224761053178,173.68700366261595,5597.911764715794,0.031027106350154137
746,21,210,1330,13,0.009774436090225564,0.005892736556573332,0.0004532874274287178,21,210,5400.890752940741,237.71407663420842,5638.60482957495,0.04215831465744476
747,21,210,1330,25,0.018796992481203006,0.01790369352671768,0.0007161477410687073,21,210,5317.988333898866,212.7959414303735,5530.784275329235,0.03847482216574181
748,21,210,1330,3,0.002255639097744361,0.0017320066243262894,0.0005773355414420965,21,210,5394.525593956935,204.92214347867355,5599.447737435608,0.03659684902649385
749,21,210,1330,18,0.013533834586466165,0.003448665750511394,0.00019159254169507742,21,210,5391.241011080161,200.37242049703215,5591.613431577192,0.0358344551083379
750,21,210,1330,25,0.018796992481203006,0.005462750834550154,0.00021851003338200622,21,210,5364.451054371753,219.22754586409536,5583.678600235846,0.03926220715046807
751,21,210,1330,30,0.022556390977443608,0.012075801162220066,0.0004025267054073354,21,210,5348.213282519138,203.1736467675127,5551.386929286646,0.03659871836633455
752,21,210,1330,15,0.011278195488721804,0.0018554977462899968,0.00012369984975266646,21,210,5483.9440631531825,196.56000366262407,5680.504066815805,0.034602563672277306
753,21,210,1330,22,0.016541353383458645,0.014943564880532756,0.0006792529491151252,21,210,5561.361555092678,225.05240639547992,5786.413961488154,0.03889324336166242
754,21,210,1330,8,0.006015037593984963,0.0021559644693250235,0.0002694955586656279,21,210,5480.2204845778615,207.03831093219677,5687.258795510059,0.036403884257148286
755,21,210,1330,6,0.004511278195488722,0.004054962043767504,0.000675827007294584,21,210,5444.455573464395,190.68092518790255,5635.136498652302,0.03383785383610596
756,21,210,1330,23,0.017293233082706767,0.012957880362030745,0.000563386102696989,21,210,5518.064410301337,212.89962368340542,5730.964033984743,0.03714900711658736
757,21,210,1330,12,0.009022556390977444,0.0020080259375293823,0.00016733549479411522,21,210,5344.447694071996,203.5360822488501,5547.983776320849,0.03668649557296025
758,21,210,1330,11,0.008270676691729323,0.007946753334273,0.0007224321212975456,21,210,5303.849156165787,181.20835933005736,5485.057515495842,0.03303672911690086
759,21,210,1330,11,0.008270676691729323,0.0048931118641364025,0.0004448283512851276,21,210,5587.648964544331,218.43251002516314,5806.081474569489,0.037621330493189394
760,21,210,1330,21,0.015789473684210527,0.019301676004205355,0.0009191274287716836,21,210,5340.739459971747,247.30821151427372,5588.04767148602,0.04425663953731223
761,21,210,1330,16,0.012030075187969926,0.0066555174707837806,0.0004159698419239863,21,210,5334.962546101613,193.34621289533686,5528.3087589969455,0.03497384486361748
762,21,210,1330,24,0.01804511278195489,0.006517233754717311,0.00027155140644655467,21,210,5452.471529013152,195.0029738992967,5647.474502912445,0.034529234934789384
763,21,210,1330,17,0.012781954887218045,0.0015502318145793107,9.119010673995944e-05,21,210,5519.864826490622,204.6041231912613,5724.468949681879,0.03574202690061435
764,21,210,1330,14,0.010526315789473684,0.0023389893448994446,0.00016707066749281746,21,210,5453.999483872614,194.99932659254716,5648.998810465158,0.03451927202237988
765,21,210,1330,14,0.010526315789473684,0.0018813283882215797,0.00013438059915868428,21,210,5617.58504238347,197.65289459999445,5815.237936983467,0.033988788892535454
766,21,210,1330,14,0.010526315789473684,0.0035406956461575276,0.0002529068318683948,21,210,5365.0177689074335,185.74510869828632,5550.762877605718,0.03346298748369632
767,21,210,1330,10,0.007518796992481203,0.00530317422981408,0.000530317422981408,21,210,5509.997396876743,234.3871895747217,5744.384586451461,0.04080283728348213
768,21,210,1330,15,0.011278195488721804,0.012026254399613018,0.0008017502933075347,21,210,5146.516249823597,214.93478423607485,5361.45103405967,0.04008892049384755
769,21,210,1330,23,0.017293233082706767,0.003548288019950106,0.00015427339217174375,21,210,5370.251422912542,162.47784248177976,5532.729265394317,0.029366671436109028
770,21,210,1330,13,0.009774436090225564,0.009283512771710314,0.0007141163670546394,21,210,5298.745682616496,200.33182378194954,5499.077506398442,0.03643007823564112
771,21,210,1330,11,0.008270676691729323,0.0018139706145091255,0.00016490641950082962,21,210,5594.487775248252,183.31711291231343,5777.804888160565,0.031727812977546684
772,21,210,1330,6,0.004511278195488722,0.0002964046429090234,4.940077381817057e-05,21,210,5466.8548301071605,179.17936036265357,5646.034190469809,0.03173543664774442
773,21,210,1330,30,0.022556390977443608,0.022262576868336156,0.0007420858956112052,21,210,5373.292835447414,195.46206577060616,5568.754901218017,0.03509977889812569
774,21,210,1330,18,0.013533834586466165,0.015622883936455905,0.0008679379964697726,21,210,5276.971289380814,205.21226596761798,5482.183555348427,0.037432578441743816
775,21,210,1330,7,0.005263157894736842,0.0003092012821545526,4.4171611736364656e-05,21,210,5386.672731348044,172.4007268884875,5559.073458236525,0.03101249303209914
776,21,210,1330,14,0.010526315789473684,0.002587460147956696,0.00018481858199690684,21,210,5668.595846277936,225.39648961103433,5893.992335888965,0.03824173442482748
777,21,210,1330,24,0.01804511278195489,0.015736024544647453,0.0006556676893603107,21,210,5580.858846408303,215.79270748479837,5796.651553893098,0.03722713112535969
778,21,210,1330,7,0.005263157894736842,0.007544543780404048,0.0010777919686291496,21,210,5361.821065582439,172.332386015434,5534.153451597875,0.03113979175363786
779,21,210,1330,37,0.027819548872180452,0.014261732071995395,0.00038545221816203775,21,210,5534.05419308861,194.14185373462675,5728.1960468232355,0.03389232005114327
780,21,210,1330,20,0.015037593984962405,0.0080466768281541,0.000402333841407705,21,210,5434.928409455877,244.75929783587105,5679.687707291743,0.04309379502003995
781,21,210,1330,16,0.012030075187969926,0.002285955191612798,0.0001428721994757999,21,210,5557.203775180878,193.74330343660807,5750.947078617486,0.03368893867185151
782,21,210,1330,20,0.015037593984962405,0.003411750723067467,0.00017058753615337336,21,210,5468.915183933119,187.27173658355048,5656.1869205166695,0.033109184546971086
783,21,210,1330,22,0.016541353383458645,0.007989611871904456,0.0003631641759956571,21,210,5454.771262776266,206.22228856269862,5660.993551338959,0.036428638664306935
784,21,210,1330,21,0.015789473684210527,0.008859139545078339,0.00042186378786087324,21,210,5543.092637520427,236.44842647289758,5779.54106399332,0.04091128064578985
785,21,210,1330,19,0.014285714285714285,0.0075977823731384385,0.00039988328279675993,21,210,5402.510606078682,194.70605750060506,5597.216663579282,0.03478622844235144
786,21,210,1330,6,0.004511278195488722,0.0010223070117728675,0.00017038450196214458,21,210,5404.888037375679,166.7696504530707,5571.657687828748,0.029931783285498316
787,21,210,1330,23,0.017293233082706767,0.00577467190431354,0.00025107269149189307,21,210,5496.471284648467,203.03422572262394,5699.505510371084,0.03562312999841363
788,21,210,1330,20,0.015037593984962405,0.0069321110690871955,0.00034660555345435975,21,210,5454.189633117496,223.6100190194415,5677.799652136933,0.03938321757008143
789,21,210,1330,7,0.005263157894736842,0.0005587446977888033,7.98206711126862e-05,21,210,5370.292079881607,166.37954702110767,5536.671626902708,0.030050463208377544
790,21,210,1330,19,0.014285714285714285,0.013149438048062258,0.0006920756867401189,21,210,5410.039215156685,221.3892326697705,5631.428447826453,0.0393131573491304
791,21,210,1330,9,0.006766917293233083,0.0028646349301217075,0.00031829277001352307,21,210,5528.207339969176,195.34663499639225,5723.553974965565,0.03413030362792508
792,21,210,1330,17,0.012781954887218045,0.0029251035024856742,0.00017206491191092203,21,210,5331.095764977124,150.58807301115064,5481.68383798827,0.02747113431963547
793,21,210,1330,14,0.010526315789473684,0.00341705033020576,0.00024407502358612568,21,210,5631.3422028368495,210.10361665038891,5841.445819487239,0.03596774208698075
794,21,210,1330,8,0.006015037593984963,0.0010153336102730675,0.00012691670128413344,21,210,5496.72109036613,180.57571122455465,5677.296801590681,0.031806635716836305
795,21,210,1330,9,0.006766917293233083,0.0029597402161338107,0.0003288600240148679,21,210,5416.723135885919,201.6191485879438,5618.342284473863,0.03588587849927066
796,21,210,1330,18,0.013533834586466165,0.005014947790461994,0.0002786082105812219,21,210,5505.137419675495,228.19566951735715,5733.333089192847,0.03980157195951144
797,21,210,1330,19,0.014285714285714285,0.005733998934659818,0.0003017894176136746,21,210,5510.174276686163,240.0349484973774,5750.209225183538,0.041743689507178904
798,21,210,1330,15,0.011278195488721804,0.004442201227614726,0.00029614674850764845,21,210,5421.237834241641,195.6204703820975,5616.858304623738,0.03482738210096288
799,21,210,1330,17,0.012781954887218045,0.0016260716685204178,9.565127461884811e-05,21,210,5253.946288512234,179.6773178663494,5433.623606378583,0.03306767838232749
800,21,210,1330,13,0.009774436090225564,0.0030046132771727697,0.00023112409824405921,21,210,5468.88856254067,188.81145330311125,5657.700015843781,0.03337247517089366
801,21,210,1330,20,0.015037593984962405,0.0065112154999897075,0.00032556077499948534,21,210,5514.301108708072,186.22380394829463,5700.5249126563685,0.032667834419044195
802,21,210,1330,10,0.007518796992481203,0.004395528602148383,0.00043955286021483833,21,210,5414.141926371809,180.07089702697,5594.212823398777,0.03218878199874554
803,21,210,1330,20,0.015037593984962405,0.010886168386550571,0.0005443084193275285,21,210,5473.906780611529,212.4451861010941,5686.351966712618,0.037360541054216954
804,21,210,1330,18,0.013533834586466165,0.0160726590779114,0.0008929255043284109,21,210,5467.732852896552,229.9559324945941,5697.688785391141,0.04035951087469019
805,21,210,1330,18,0.013533834586466165,0.004493903657306514,0.0002496613142948063,21,210,5369.030266850663,187.32038723518826,5556.35065408585,0.03371284479633096
806,21,210,1330,25,0.018796992481203006,0.01493705728006715,0.0005974822912026861,21,210,5605.314342973728,193.51958495524497,5798.8339279289685,0.03337215505055165
807,21,210,1330,18,0.013533834586466165,0.006747657823028765,0.00037486987905715357,21,210,5534.830099257564,195.1248617300896,5729.954960987654,0.034053472157913184
808,21,210,1330,14,0.010526315789473684,0.0026596150713682825,0.00018997250509773447,21,210,5508.940407033962,202.11062367749366,5711.051030711458,0.03538939200343927
809,21,210,1330,10,0.007518796992481203,0.00939656878329639,0.000939656878329639,21,210,5317.78232916969,204.04506953361366,5521.827398703301,0.036952453381923864
810,21,210,1330,9,0.006766917293233083,0.002093862815540898,0.00023265142394898866,21,210,5461.672833430921,209.6225110859423,5671.295344516861,0.03696201632112321
811,21,210,1330,9,0.006766917293233083,0.0012924158001304377,0.00014360175557004862,21,210,5377.131328910082,167.17476661808595,5544.306095528162,0.03015251390122979
812,21,210,1330,26,0.019548872180451128,0.013461333824357819,0.0005177436086291468,21,210,5512.220669711905,210.00626816039784,5722.2269378723,0.036700094288550644
813,21,210,1330,14,0.010526315789473684,0.004730804243081766,0.00033791458879155477,21,210,5573.598896824991,209.0501922416604,5782.649089066652,0.03615128447564196
814,21,210,1330,16,0.012030075187969926,0.0066942006557687206,0.0004183875409855451,21,210,5359.265848107984,210.7424213165318,5570.008269424515,0.03783520797865986
815,21,210,1330,14,0.010526315789473684,0.005026997138138607,0.0003590712241527576,21,210,5316.27231830165,185.54394589554283,5501.816264197192,0.03372412617683387
816,21,210,1330,16,0.012030075187969926,0.002621331066753475,0.0001638331916720922,21,210,5568.392278152887,181.93955534737518,5750.331833500259,0.03163983585911208
817,21,210,1330,10,0.007518796992481203,0.0014890727975463815,0.00014890727975463812,21,210,5382.899730298876,181.6047614407125,5564.504491739585,0.03263628625159738
818,21,210,1330,10,0.007518796992481203,0.002399762789891646,0.00023997627898916465,21,210,5701.305556446902,192.22284077699967,5893.528397223899,0.032615918312626564
819,21,210,1330,11,0.008270676691729323,0.003577973891332723,0.00032527035375752025,21,210,5442.993459266716,194.82487683920377,5637.818336105915,0.03455678512936457
820,21,210,1330,32,0.02406015037593985,0.009377891657532127,0.0002930591142978789,21,210,5264.304869679239,216.38907128625246,5480.6939409654915,0.0394820571294541
821,21,210,1330,26,0.019548872180451128,0.00465889020581566,0.00017918808483906388,21,210,5482.663479977688,194.17338413709598,5676.836864114786,0.03420450310357373
822,21,210,1330,20,0.015037593984962405,0.009986734953847033,0.0004993367476923516,21,210,5348.044078012001,190.54324001002465,5538.587318022024,0.03440285926160548
823,21,210,1330,32,0.02406015037593985,0.008862142168028452,0.00027694194275088913,21,210,5420.650648843435,233.3597311027928,5654.010379946226,0.041273311405737506
824,21,210,1330,5,0.0037593984962406013,0.0011677524303142118,0.00023355048606284236,21,210,5587.720732129519,208.3149412285035,5796.035673358024,0.03594093497147387
825,21,210,1330,8,0.006015037593984963,0.0043247171150249146,0.0005405896393781143,21,210,5590.902197842266,212.85262658040372,5803.754824422663,0.036674985939223845
826,21,210,1330,12,0.009022556390977444,0.002231920066572461,0.00018599333888103843,21,210,5408.063590921152,209.62846493353038,5617.69205585468,0.037315762923504955
827,21,210,1330,17,0.012781954887218045,0.003044953024692835,0.00017911488380546086,21,210,5423.600878972308,202.9357469798268,5626.536625952131,0.03606761325320365
828,21,210,1330,13,0.009774436090225564,0.005321673795438969,0.0004093595227260745,21,210,5386.798596755523,188.21483020385745,5575.013426959377,0.03376042635049045
829,21,210,1330,6,0.004511278195488722,0.001114097484836946,0.00018568291413949102,21,210,5324.12396324646,169.44261635503068,5493.5665796014855,0.03084382684724327
830,21,210,1330,8,0.006015037593984963,0.0007207471512099137,9.009339390123922e-05,21,210,5454.736128558183,217.05890211214637,5671.79503067033,0.038269877690994936
831,21,210,1330,18,0.013533834586466165,0.004104701789403626,0.00022803898830020146,21,210,5524.035648081353,245.42117128700104,5769.456819368353,0.04253800296470025
832,21,210,1330,12,0.009022556390977444,0.0017042066235105208,0.00014201721862587674,21,210,5495.7229101280645,199.16656541616743,5694.889475544231,0.03497285878355596
833,21,210,1330,15,0.011278195488721804,0.003565775051517987,0.0002377183367678658,21,210,5457.185756949864,212.77701479378467,5669.962771743647,0.037527056765550994
834,21,210,1330,15,0.011278195488721804,0.0033138507724333787,0.00022092338482889188,21,210,5361.0723428488145,211.28282956759574,5572.355172416406,0.03791625318742464
835,21,210,1330,16,0.012030075187969926,0.0059290103751531344,0.0003705631484470709,21,210,5354.360984622034,244.53363048637158,5598.894615108404,0.04367534081218584
836,21,210,1330,22,0.016541353383458645,0.007786965909908816,0.00035395299590494617,21,210,5449.176806093032,206.5797479928591,5655.756554085891,0.03652557284199575
837,21,210,1330,24,0.01804511278195489,0.004229259313188534,0.00017621913804952225,21,210,5505.807216930919,201.14478955529853,5706.952006486213,0.03524557229965983
838,21,210,1330,18,0.013533834586466165,0.004591965816113899,0.00025510921200632775,21,210,5347.157283131135,223.21482477706087,5570.372107908193,0.04007179779967757
839,21,210,1330,20,0.015037593984962405,0.011836221075409268,0.0005918110537704635,21,210,5532.345689130139,210.84407644415174,5743.1897655742905,0.036712016327231416
840,21,210,1330,8,0.006015037593984963,0.002289460036229188,0.0002861825045286485,21,210,5431.793798061524,213.0967519813263,5644.890550042848,0.03775037799089103
841,21,210,1330,17,0.012781954887218045,0.0066868027241619565,0.0003933413367154092,21,210,5296.868924395944,233.87022117124215,5530.739145567186,0.04228552730762687
842,21,210,1330,19,0.014285714285714285,0.004088361247644115,0.00021517690777074288,21,210,5582.344530642477,218.60463733391686,5800.949167976392,0.037684287692211424
843,21,210,1330,29,0.02180451127819549,0.006285174306579475,0.0002167301485027405,21,210,5389.616798563664,238.1593498453735,5627.77614840904,0.042318554179291694
844,21,210,1330,22,0.016541353383458645,0.0065952166971132,0.0002997825771415091,21,210,5339.13238219831,225.16599443826004,5564.298376636569,0.04046619702920484
845,21,210,1330,14,0.010526315789473684,0.0008247216215389061,5.890868725277901e-05,21,210,5418.55110356076,206.94653185642505,5625.497635417182,0.03678724003962328
846,21,210,1330,16,0.012030075187969926,0.007209008644106899,0.0004505630402566812,21,210,5447.134506727815,211.85522985696417,5658.9897365847755,0.0374369348096432
847,21,210,1330,12,0.009022556390977444,0.004140504013010513,0.00034504200108420943,21,210,5228.435956133897,179.02938252719483,5407.465338661086,0.033107818786596854
848,21,210,1330,11,0.008270676691729323,0.003401216463077162,0.0003092014966433784,21,210,5457.526531586931,207.32537131100938,5664.851902897939,0.036598551006240605
849,21,210,1330,13,0.009774436090225564,0.00285432983189829,0.00021956383322294538,21,210,5275.4503626600435,162.1246690275804,5437.575031687624,0.029815619661851887
850,21,210,1330,15,0.011278195488721804,0.005354752189319098,0.0003569834792879399,21,210,5468.477496358425,207.65996692336415,5676.137463281788,0.03658473182982091
851,21,210,1330,7,0.005263157894736842,0.0009091840739657202,0.00012988343913796003,21,210,5479.513366535295,182.67719341375803,5662.190559949053,0.032262636073378946
852,21,210,1330,22,0.016541353383458645,0.006754137542325262,0.0003070062519238756,21,210,5438.853822866051,225.6240163452144,5664.477839211262,0.03983138830262083
853,21,210,1330,17,0.012781954887218045,0.00319635395469795,0.0001880208208645853,21,210,5535.630452505555,209.70311252268436,5745.33356502823,0.03649972802260681
854,21,210,1330,23,0.017293233082706767,0.005186634316368371,0.00022550583984210306,21,210,5290.4949034732745,213.18832103367484,5503.683224506947,0.03873557258607912
855,21,210,1330,13,0.009774436090225564,0.006197356316275028,0.0004767197166365406,21,210,5514.4630524395525,215.2842299461284,5729.747282385681,0.037573075972818656
856,21,210,1330,3,0.002255639097744361,0.0005833838924181389,0.00019446129747271296,21,210,5492.053098471759,228.0655328921203,5720.118631363879,0.03987076974970734
857,21,210,1330,22,0.016541353383458645,0.005494284421338296,0.00024974020096992254,21,210,5563.564761147485,219.93844055598197,5783.503201703463,0.03802858455947629
858,21,210,1330,13,0.009774436090225564,0.0026415712877603495,0.00020319779136618074,21,210,5452.211153083359,195.73347125976244,5647.944624343121,0.03465569942313785
859,21,210,1330,29,0.02180451127819549,0.009926943340235913,0.00034230839104261776,21,210,5530.158295367023,265.8079037831691,5795.966199150193,0.045860844361401205
860,21,210,1330,20,0.015037593984962405,0.005168968801078167,0.0002584484400539083,21,210,5573.436396825053,204.8132954182655,5778.249692243316,0.03544555987139246
861,21,210,1330,30,0.022556390977443608,0.007332887429565568,0.0002444295809855189,21,210,5408.03296557746,219.36410750648673,5627.3970730839455,0.038981451754260175
862,21,210,1330,5,0.0037593984962406013,0.0006248888204372739,0.00012497776408745476,21,210,5614.754613056583,204.42226283736906,5819.176875893951,0.03512906845712013
863,21,210,1330,18,0.013533834586466165,0.004380321739475806,0.00024335120774865587,21,210,5558.6315449345875,204.46617618100268,5763.09772111559,0.03547851972591976
864,21,210,1330,11,0.008270676691729323,0.0023073648980388977,0.00020976044527626342,21,210,5565.143238664343,206.41840940216696,5771.561648066512,0.035764741328080184
865,21,210,1330,16,0.012030075187969926,0.0030383670788194208,0.0001898979424262138,21,210,5449.453825002148,182.18301379066037,5631.636838792807,0.032349922234991446
866,21,210,1330,18,0.013533834586466165,0.00935038625713927,0.000519465903174404,21,210,5379.590861220088,226.27108032322292,5605.861941543306,0.04036329875454086
867,21,210,1330,15,0.011278195488721804,0.0034397073656204317,0.00022931382437469547,21,210,5382.260538071054,220.9190187262069,5603.1795567972595,0.03942743874024318
868,21,210,1330,5,0.0037593984962406013,0.0020376008637977127,0.00040752017275954254,21,210,5516.623492337601,203.3111833771351,5719.9346757147405,0.03554431910566009
869,21,210,1330,26,0.019548872180451128,0.004250901164165788,0.00016349619862176108,21,210,5272.206570124593,231.82484242507894,5504.031412549673,0.04211909872034851
870,21,210,1330,26,0.019548872180451128,0.006085197694793033,0.0002340460651843474,21,210,5336.362816228726,207.0280919413825,5543.390908170111,0.0373468325382312
871,21,210,1330,16,0.012030075187969926,0.003073992294743226,0.00019212451842145163,21,210,5594.102392339308,181.42004545198444,5775.522437791284,0.03141188479589119
872,21,210,1330,20,0.015037593984962405,0.007180525129834173,0.00035902625649170865,21,210,5463.7575595710605,207.5978902843002,5671.3554498553585,0.03660463395740691
873,21,210,1330,11,0.008270676691729323,0.0073071801889119355,0.0006642891080829033,21,210,5429.99032245896,217.70704800304813,5647.697370462005,0.03854793090396039
874,21,210,1330,12,0.009022556390977444,0.0016350775800513776,0.00013625646500428146,21,210,5557.691877307602,219.1805359631377,5776.872413270736,0.03794103803636587
875,21,210,1330,19,0.014285714285714285,0.007094598879811568,0.00037339994104271403,21,210,5393.369998002905,237.15057168993485,5630.520569692841,0.04211876482015446
876,21,210,1330,6,0.004511278195488722,0.0007907821659959643,0.00013179702766599407,21,210,5560.355317465267,227.25648592542686,5787.6118033906905,0.03926602088140879
877,21,210,1330,22,0.016541353383458645,0.009190959418579612,0.00041777088266270967,21,210,5428.7939484354865,199.8761092063909,5628.670057641873,0.03551036162352867
878,21,210,1330,22,0.016541353383458645,0.012571018873712732,0.0005714099488051241,21,210,5320.6379983284105,204.23023696028918,5524.868235288701,0.03696563035762918
879,21,210,1330,35,0.02631578947368421,0.006882683577373779,0.00019664810221067938,21,210,5458.639341435691,182.16602899211142,5640.805370427799,0.0322943298038833
880,21,210,1330,16,0.012030075187969926,0.008303931930977105,0.0005189957456860692,21,210,5292.417476092874,216.72119000702338,5509.138666099895,0.039338488853185395
881,21,210,1330,26,0.019548872180451128,0.007792857055381833,0.00029972527136083976,21,210,5486.546092645867,182.1228650773062,5668.66895772317,0.03212797685586779
882,21,210,1330,15,0.011278195488721804,0.009793482023331143,0.0006528988015554096,21,210,5444.983933048251,208.52343200107964,5653.507365049332,0.036883905607021365
883,21,210,1330,14,0.010526315789473684,0.0038099731547438847,0.0002721409396245632,21,210,5449.3014561818445,219.8481853543887,5669.149641536234,0.03877974639152653
884,21,210,1330,11,0.008270676691729323,0.007406690162068103,0.0006733354692789185,21,210,5305.938866431168,178.46804469597487,5484.406911127142,0.032540992597373954
885,21,210,1330,24,0.01804511278195489,0.004547620631667898,0.00018948419298616241,21,210,5515.599569290496,201.15905840151981,5716.758627692017,0.03518760743668693
886,21,210,1330,22,0.016541353383458645,0.016447798135158335,0.0007476271879617427,21,210,5274.14698072359,225.8690865630446,5500.016067286633,0.041066986677817906
887,21,210,1330,27,0.02030075187969925,0.005524325802722127,0.00020460465936007877,21,210,5571.268451917136,207.09928736090853,5778.36773927804,0.03584044780555692
888,21,210,1330,8,0.006015037593984963,0.005138759496231511,0.0006423449370289388,21,210,5314.96355514013,185.715394098355,5500.67894923848,0.033762267496827036
889,21,210,1330,21,0.015789473684210527,0.00452575392613063,0.0002155120917205062,21,210,5547.215700913773,228.92331139630497,5776.1390123100755,0.03963258344517417
890,21,210,1330,14,0.010526315789473684,0.005961753247631102,0.00042583951768793594,21,210,5421.602357565335,227.28272527958399,5648.885082844916,0.040234970608592886
891,21,210,1330,24,0.01804511278195489,0.004948452227035663,0.00020618550945981925,21,210,5318.429456070562,210.87489007387933,5529.304346144441,0.038137689096625946
892,21,210,1330,12,0.009022556390977444,0.005351985466299268,0.00044599878885827235,21,210,5471.70787439307,214.6396231946183,5686.347497587685,0.03774648371132343
893,21,210,1330,41,0.030827067669172932,0.010716334431735095,0.0002613740105301242,21,210,5462.134668806392,222.62327047360114,5684.757939279989,0.03916143358283392
894,21,210,1330,15,0.011278195488721804,0.006313183288324114,0.0004208788858882742,21,210,5460.758111295607,207.96804624842878,5668.726157544032,0.036686909980941936
895,21,210,1330,28,0.021052631578947368,0.014247439963840145,0.0005088371415657196,21,210,5423.885095246267,238.84715901061307,5662.7322542568745,0.042178783718948266
896,21,210,1330,25,0.018796992481203006,0.022572190345271085,0.0009028876138108433,21,210,5553.306274620329,265.7201474814575,5819.026422101782,0.04566402147139274
897,21,210,1330,18,0.013533834586466165,0.007991831702380263,0.00044399065013223685,21,210,5443.5246790750825,206.73329533989715,5650.257974414976,0.03658829318519783
898,21,210,1330,8,0.006015037593984963,0.0049449195520081205,0.0006181149440010151,21,210,5346.42081944832,214.2272612733109,5560.648080721625,0.038525592370432814
899,21,210,1330,17,0.012781954887218045,0.005888128732764264,0.0003463605136920155,21,210,5508.5874205440505,206.96950073367304,5715.55692127772,0.036211606950002126
900,21,210,1330,18,0.013533834586466165,0.010714988860251592,0.0005952771589028662,21,210,5524.679808028194,226.32558936449152,5751.005397392684,0.03935409093288281
901,21,210,1330,20,0.015037593984962405,0.003973101035932666,0.0001986550517966333,21,210,5510.787741086596,221.5498026966236,5732.337543783215,0.03864912018952842
902,21,210,1330,16,0.012030075187969926,0.001638186118625328,0.00010238663241408301,21,210,5573.114944475115,219.94040828314894,5793.055352758258,0.037966219014017935
903,21,210,1330,27,0.02030075187969925,0.004871662465850889,0.00018043194317966254,21,210,5202.249493338644,193.4548212442061,5395.704314582847,0.035853488250154886
904,21,210,1330,17,0.012781954887218045,0.008788567422907814,0.000516974554288695,21,210,5499.342726016509,224.23166595620916,5723.574391972719,0.03917685882980621
905,21,210,1330,19,0.014285714285714285,0.005664242970128246,0.0002981180510593814,21,210,5440.9355315682005,218.45256202561268,5659.388093593812,0.03860003209055264
906,21,210,1330,13,0.009774436090225564,0.004189040049300239,0.00032223384994617226,21,210,5293.373368899887,191.8189823035562,5485.192351203437,0.034970329210327805
907,21,210,1330,23,0.017293233082706767,0.007237144096022412,0.00031465843895749616,21,210,5474.1574021343295,226.02594920301036,5700.183351337337,0.03965239980394346
908,21,210,1330,10,0.007518796992481203,0.0029221586457028378,0.0002922158645702839,21,210,5478.452060270694,194.39956303727394,5672.851623307966,0.03426840255058799
909,21,210,1330,11,0.008270676691729323,0.005291637291394711,0.0004810579355813373,21,210,5525.622287387021,198.2852943622064,5723.907581749225,0.03464159606532474
910,21,210,1330,14,0.010526315789473684,0.002268636683594337,0.00016204547739959548,21,210,5474.247902116285,166.88604856840766,5641.133950684687,0.029583776954658563
911,21,210,1330,22,0.016541353383458645,0.0073775145083344405,0.00033534156856065636,21,210,5518.391190082793,206.91696312730107,5725.308153210086,0.03614075567465939
912,21,210,1330,18,0.013533834586466165,0.006668210123725466,0.000370456117984748,21,210,5543.006357471536,227.40681679130387,5770.413174262836,0.03940910467305573
913,21,210,1330,23,0.017293233082706767,0.013285485128675582,0.0005776297882032861,21,210,5412.055273572859,202.49365364902604,5614.548927221885,0.036065881030485775
914,21,210,1330,10,0.007518796992481203,0.004525647967673231,0.00045256479676732304,21,210,5269.745977789944,190.47686495793909,5460.222842747881,0.03488444893983132
915,21,210,1330,12,0.009022556390977444,0.0041075476449385145,0.00034229563707820947,21,210,5493.549211581847,197.88489583129981,5691.434107413141,0.034768898681187065
916,21,210,1330,10,0.007518796992481203,0.0050887981111399465,0.0005088798111139946,21,210,5366.84931308219,222.28456004288637,5589.133873125076,0.039770841974590146
917,21,210,1330,25,0.018796992481203006,0.0074097667443423915,0.00029639066977369565,21,210,5557.64744050049,216.58368006370193,5774.23112056419,0.037508661420282724
918,21,210,1330,18,0.013533834586466165,0.0058684317020410055,0.00032602398344672254,21,210,5355.6446576508315,204.66882880757373,5560.313486458403,0.03680886505878213
919,21,210,1330,9,0.006766917293233083,0.0029535763583136442,0.0003281751509237382,21,210,5494.422389913358,210.82594560784543,5705.248335521202,0.03695298314978352
920,21,210,1330,26,0.019548872180451128,0.013430316568779592,0.0005165506372607536,21,210,5189.173720909745,201.47962990453908,5390.653350814281,0.037375734775100075
921,21,210,1330,9,0.006766917293233083,0.0024915733856935803,0.0002768414872992867,21,210,5314.099455386522,225.2647563437123,5539.364211730231,0.040666175346746235
922,21,210,1330,12,0.009022556390977444,0.0022403615318442234,0.00018669679432035195,21,210,5402.5504300778175,166.05552361637416,5568.605953694188,0.029819945062949493
923,21,210,1330,15,0.011278195488721804,0.004343179660795421,0.00028954531071969465,21,210,5491.552908359048,191.61158550296255,5683.164493862014,0.03371565009422282
924,21,210,1330,12,0.009022556390977444,0.006222044559973188,0.0005185037133310991,21,210,5501.306121380689,206.59220811081457,5707.8983294915015,0.036194093900270854
925,21,210,1330,23,0.017293233082706767,0.020384716104069035,0.0008862920045247406,21,210,5530.42320100084,252.06014517139027,5782.48334617223,0.043590293318915285
926,21,210,1330,20,0.015037593984962405,0.008452436566217398,0.0004226218283108699,21,210,5358.047213575941,232.62898622736282,5590.676199803302,0.04161016984592087
927,21,210,1330,10,0.007518796992481203,0.0017611981842798224,0.00017611981842798223,21,210,5597.964335599822,185.7203769260206,5783.684712525843,0.03211108249448699
928,21,210,1330,17,0.012781954887218045,0.0031408196240417592,0.0001847540955318682,21,210,5349.7073846279745,181.78375231147447,5531.491136939449,0.032863426481426976
929,21,210,1330,9,0.006766917293233083,0.000740142797873356,8.22380886525951e-05,21,210,5400.324948192862,214.89422485384296,5615.219173046704,0.03826996208542394
930,21,210,1330,14,0.010526315789473684,0.0012859976281535093,9.185697343953639e-05,21,210,5407.5956065654245,205.18422570010335,5612.779832265529,0.036556613983072146
931,21,210,1330,29,0.02180451127819549,0.006455540215082254,0.00022260483500283632,21,210,5423.6393355701875,209.36230233685285,5633.00163790704,0.037167094170177106
932,21,210,1330,19,0.014285714285714285,0.012531775712328002,0.0006595671427541054,21,210,5436.933221787047,206.46113426237798,5643.39435604942,0.03658456617355875
933,21,210,1330,23,0.017293233082706767,0.0017156538121615758,7.459364400702503e-05,21,210,5390.338733491675,191.76564984664122,5582.104383338315,0.03435364813653985
934,21,210,1330,26,0.019548872180451128,0.02069083683397988,0.0007958014166915338,21,210,5454.775387139487,179.629071312885,5634.404458452366,0.031880755568304504
935,21,210,1330,9,0.006766917293233083,0.0023272841774555726,0.00025858713082839695,21,210,5420.362395169859,229.28645993678163,5649.648855106634,0.0405841966141901
936,21,210,1330,15,0.011278195488721804,0.013827702899996151,0.0009218468599997434,21,210,5492.436313182544,243.4862346368045,5735.922547819351,0.04244935886196226
937,21,210,1330,15,0.011278195488721804,0.006434163136559522,0.0004289442091039681,21,210,5511.840557405929,205.47026305482603,5717.310820460749,0.03593827054486912
938,21,210,1330,15,0.011278195488721804,0.009390365757269365,0.0006260243838179578,21,210,5504.77989347167,196.74657888753006,5701.526472359197,0.03450770242694665
939,21,210,1330,33,0.02481203007518797,0.0144251488401727,0.0004371257224294757,21,210,5512.333526052047,220.20335386530655,5732.536879917352,0.03841289789809103
940,21,210,1330,29,0.02180451127819549,0.009924502546131092,0.0003422242257286583,21,210,5453.274057698834,195.73777213118507,5649.0118298300185,0.034649913653495554
941,21,210,1330,9,0.006766917293233083,0.00046147360569933016,5.127484507770334e-05,21,210,5443.285527743165,189.70787172944262,5632.993399472606,0.03367798580186587
942,21,210,1330,25,0.018796992481203006,0.005834724773720908,0.00023338899094883632,21,210,5432.902535449248,268.86249646801195,5701.765031917258,0.047154257490965926
943,21,210,1330,32,0.02406015037593985,0.016926720815504684,0.0005289600254845214,21,210,5623.58632031916,197.97559551307623,5821.561915832229,0.03400729879290039
944,21,210,1330,6,0.004511278195488722,0.0011666534767797638,0.00019444224612996064,21,210,5529.086770593893,180.95509883848734,5710.041869432378,0.03169067810293932
945,21,210,1330,23,0.017293233082706767,0.0051354363311318825,0.0002232798404839949,21,210,5470.679629550273,182.77476166415119,5653.454391214418,0.03232974903771875
946,21,210,1330,14,0.010526315789473684,0.0017837523152048301,0.00012741087965748786,21,210,5425.411260937998,185.0915909074885,5610.502851845484,0.03299019638615915
947,21,210,1330,11,0.008270676691729323,0.002912596089506841,0.0002647814626824401,21,210,5466.095745198335,167.56508514956897,5633.660830347899,0.02974355222929195
948,21,210,1330,20,0.015037593984962405,0.003760601565215124,0.00018803007826075617,21,210,5346.940100745713,224.13473571846757,5571.074836464177,0.040231865896226286
949,21,210,1330,19,0.014285714285714285,0.011690277082396833,0.0006152777411787807,21,210,5395.607711895733,229.88216775457022,5625.4898796503,0.04086438206673309
950,21,210,1330,29,0.02180451127819549,0.011627234877431834,0.000400939133704546,21,210,5224.323755002541,206.78148236309147,5431.1052373656275,0.03807355470493357
951,21,210,1330,15,0.011278195488721804,0.005568506864019931,0.0003712337909346621,21,210,5381.713712649769,197.31604588046022,5579.029758530226,0.035367448180172886
952,21,210,1330,32,0.02406015037593985,0.006808794760662589,0.00021277483627070592,21,210,5414.3137545568825,192.24378649816086,5606.557541055037,0.03428909541914459
953,21,210,1330,8,0.006015037593984963,0.0020565680683467618,0.0002570710085433452,21,210,5446.933144964217,176.9353497923151,5623.8684947565325,0.031461501981648834
954,21,210,1330,8,0.006015037593984963,0.0033514192019919293,0.00041892740024899116,21,210,5316.900293824922,185.03233291873863,5501.932626743657,0.03363042506542848
955,21,210,1330,14,0.010526315789473684,0.00515226164817755,0.0003680186891555393,21,210,5339.898839542033,209.18245711831645,5549.081296660346,0.03769677284133693
956,21,210,1330,14,0.010526315789473684,0.00652659378767678,0.0004661852705483413,21,210,5452.559695458727,222.31926647768339,5674.878961936409,0.03917603669943694
957,21,210,1330,13,0.009774436090225564,0.004948443674270349,0.00038064951340541144,21,210,5276.843116699847,194.4837566218309,5471.3268733216755,0.03554599480614812
958,21,210,1330,12,0.009022556390977444,0.007583122319913617,0.0006319268599928014,21,210,5398.059676321331,276.7245438961979,5674.78422021753,0.04876388830967573
959,21,210,1330,4,0.0030075187969924814,0.0017681540240630763,0.0004420385060157691,21,210,5388.235488851333,214.90074056311153,5603.136229414439,0.038353652626712934
960,21,210,1330,16,0.012030075187969926,0.004911414721637114,0.0003069634201023196,21,210,5409.307741560786,174.35488936602047,5583.662630926803,0.03122589971684593
961,21,210,1330,27,0.02030075187969925,0.007267336151235957,0.00026916059819392436,21,210,5344.856500935257,201.71665509931285,5546.57315603457,0.03636779853518182
962,21,210,1330,11,0.008270676691729323,0.0016414685236471006,0.0001492244112406455,21,210,5333.650064331399,190.81388365871612,5524.463947990114,0.0345398006856642
963,21,210,1330,12,0.009022556390977444,0.005811101283183579,0.0004842584402652981,21,210,5396.215655184411,198.7043314151183,5594.919986599525,0.0355151337089785
964,21,210,1330,18,0.013533834586466165,0.0069300141307942825,0.0003850007850441268,21,210,5333.605296090353,186.446752765327,5520.052048855678,0.03377626716472319
965,21,210,1330,25,0.018796992481203006,0.014440415830895535,0.0005776166332358214,21,210,5560.294281245012,234.2630375925434,5794.55731883755,0.04042811636895484
966,21,210,1330,7,0.005263157894736842,0.0022128162586668803,0.000316116608380983,21,210,5566.3518343863725,208.20772613572848,5774.5595605221,0.0360560357813512
967,21,210,1330,12,0.009022556390977444,0.004935443306197346,0.00041128694218311226,21,210,5437.819696371913,180.4624032812897,5618.282099653199,0.03212056640808925
968,21,210,1330,17,0.012781954887218045,0.008254438075125983,0.0004855551808897638,21,210,5256.6438457491295,209.56633298242724,5466.210178731554,0.03833850622828732
969,21,210,1330,30,0.022556390977443608,0.008450958271267878,0.00028169860904226257,21,210,5351.7779532893055,234.75569747324528,5586.533650762551,0.04202171008872409
970,21,210,1330,29,0.02180451127819549,0.005562285096972125,0.0001918029343783491,21,210,5337.26620865581,207.34451866729967,5544.610727323109,0.037395685443801
971,21,210,1330,16,0.012030075187969926,0.005220716196371135,0.00032629476227319593,21,210,5477.56273418745,219.66316365752624,5697.225897844974,0.03855616182265404
972,21,210,1330,14,0.010526315789473684,0.005508989298925738,0.00039349923563755266,21,210,5283.119522675095,233.9310339331976,5517.05055660829,0.04240146642357598
973,21,210,1330,11,0.008270676691729323,0.003474674622976358,0.00031587951117966894,21,210,5327.179430342906,232.48361333475427,5559.663043677659,0.04181613373118541
974,21,210,1330,30,0.022556390977443608,0.008955254207550537,0.00029850847358501794,21,210,5652.420981775644,206.72971308825686,5859.150694863896,0.03528322172520245
975,21,210,1330,19,0.014285714285714285,0.010781869361556638,0.000567466808502981,21,210,5546.7070548994125,220.6892288191392,5767.396283718548,0.038264967060118345
976,21,210,1330,3,0.002255639097744361,0.007104800562181538,0.002368266854060513,21,210,5446.205424133823,234.46833616029022,5680.673760294113,0.04127474064769225
977,21,210,1330,12,0.009022556390977444,0.003260962872631985,0.00027174690605266536,21,210,5377.152034962998,194.41831139280941,5571.5703463558075,0.034894706394575536
978,21,210,1330,14,0.010526315789473684,0.0076028653848040795,0.0005430618132002913,21,210,5420.297985377856,224.05121373088377,5644.34919910874,0.039694782485509957
979,21,210,1330,14,0.010526315789473684,0.004999565715557493,0.0003571118368255352,21,210,5499.502256667285,210.26105713559065,5709.763313802876,0.03682482890793426
980,21,210,1330,4,0.0030075187969924814,0.00024340274834333317,6.085068708583329e-05,21,210,5534.485471913062,175.7806732073555,5710.2661451204185,0.030783271521865052
981,21,210,1330,27,0.02030075187969925,0.015058705415835242,0.0005577298302161201,21,210,5293.792723851939,224.69402502402926,5518.486748875965,0.04071660135267991
982,21,210,1330,11,0.008270676691729323,0.003108026019177655,0.0002825478199252414,21,210,5450.749460778146,205.8326493992115,5656.582110177357,0.03638816610279132
983,21,210,1330,16,0.012030075187969926,0.005035359605651871,0.0003147099753532419,21,210,5338.006450329647,202.89914692168108,5540.905597251325,0.036618408915382566
984,21,210,1330,10,0.007518796992481203,0.002929116417221459,0.0002929116417221459,21,210,5364.106768422722,188.22400467634967,5552.3307730990655,0.033899998463400506
985,21,210,1330,17,0.012781954887218045,0.004776121667220135,0.00028094833336589033,21,210,5622.113179608879,196.62429029208533,5818.737469900967,0.03379157270957472
986,21,210,1330,31,0.02330827067669173,0.016810111885564298,0.0005422616737278807,21,210,5560.32290641401,209.82172144285184,5770.144627856855,0.036363338352020436
987,21,210,1330,19,0.014285714285714285,0.011175220641838252,0.0005881695074651712,21,210,5679.724095807736,211.6306586642589,5891.354754471997,0.03592223987252079
988,21,210,1330,11,0.008270676691729323,0.0013997391559845492,0.00012724901418041356,21,210,5352.154012366799,205.8751174819942,5558.029129848794,0.037041028874131694
989,21,210,1330,10,0.007518796992481203,0.003230200154154017,0.0003230200154154017,21,210,5529.872868717772,195.7012724330623,5725.574141150831,0.03418020055430226
990,21,210,1330,16,0.012030075187969926,0.010526667733415419,0.0006579167333384637,21,210,5480.551081145471,218.09498212045426,5698.646063265924,0.03827136826873977
991,21,210,1330,9,0.006766917293233083,0.005369509479170402,0.0005966121643522669,21,210,5527.116629990982,209.25005914094146,5736.366689131922,0.03647780389238106
992,21,210,1330,7,0.005263157894736842,0.0012189955437618186,0.00017414222053740267,21,210,5431.378030019593,197.59891984040445,5628.976949859995,0.03510387795162657
993,21,210,1330,19,0.014285714285714285,0.004029022240238309,0.0002120538021178057,21,210,5299.297231716986,184.10261037127867,5483.399842088265,0.03357453690649816
994,21,210,1330,16,0.012030075187969926,0.008462487467881662,0.0005289054667426039,21,210,5328.587268400528,194.25872125021635,5522.845989650747,0.03517366256713251
995,21,210,1330,17,0.012781954887218045,0.004442089675719012,0.00026129939268935363,21,210,5499.170903489184,200.28891898528525,5699.45982247447,0.03514173715121095
996,21,210,1330,17,0.012781954887218045,0.005028083105054113,0.00029576959441494785,21,210,5395.042984419828,200.66791815694995,5595.710902576779,0.03586102313908748
997,21,210,1330,27,0.02030075187969925,0.010069650189866112,0.0003729500070320782,21,210,5461.921449457415,212.87069047679387,5674.7921399342085,0.03751162777906819
998,21,210,1330,8,0.006015037593984963,0.006161336749494324,0.0007701670936867905,21,210,5407.223903844361,215.12865795530053,5622.3525617996565,0.03826310349460548
999,21,210,1330,16,0.012030075187969926,0.0041789575292943935,0.0002611848455808996,21,210,5434.260039603145,183.16406737806716,5617.42410698121,0.03260641601734057
1000,21,210,1330,18,0.013533834586466165,0.009368002989615428,0.0005204446105341905,21,210,5332.80190968971,202.86508448554446,5535.66699417525,0.036646908981158646
1001,21,210,1330,19,0.014285714285714285,0.005282679131041009,0.00027803574373900044,21,210,5355.135971124833,188.43144398561918,5543.567415110453,0.03399100793326688
1002,21,210,1330,11,0.008270676691729323,0.005676300906107535,0.000516027355100685,21,210,5532.190713987657,213.05535178010885,5745.2460657677675,0.037083764444758756
1003,21,210,1330,14,0.010526315789473684,0.007681945045779789,0.0005487103604128421,21,210,5400.609740805147,201.5011813242309,5602.1109221293755,0.03596879535681165
1004,21,210,1330,30,0.022556390977443608,0.004280048544097021,0.000142668284803234,21,210,5628.957291512643,200.19695935912387,5829.154250871765,0.034344083334076105
1005,21,210,1330,26,0.019548872180451128,0.007908684875782867,0.0003041801875301103,21,210,5232.27413904233,220.98787509311694,5453.262014135444,0.04052397895430158
1006,21,210,1330,20,0.015037593984962405,0.008602851614915674,0.0004301425807457836,21,210,5490.442521515615,224.60637160006013,5715.048893115669,0.03930086615192747
1007,21,210,1330,32,0.02406015037593985,0.012059512913753689,0.00037685977855480277,21,210,5417.515258681982,209.0410553241604,5626.556314006142,0.03715257497801917
1008,21,210,1330,22,0.016541353383458645,0.0035873039664143596,0.00016305927120065274,21,210,5267.936794788648,206.59144631926085,5474.528241107902,0.03773684913486757
1009,21,210,1330,34,0.02556390977443609,0.015372263194035127,0.0004521253880598567,21,210,5389.184633488578,213.54721979477085,5602.731853283345,0.03811483850857982
1010,21,210,1330,17,0.012781954887218045,0.005830011575345182,0.000342941857373246,21,210,5419.330956580114,222.86819469624592,5642.199151276356,0.03950023540835661
1011,21,210,1330,10,0.007518796992481203,0.002268628477561881,0.00022686284775618815,21,210,5397.020667990701,193.837905159039,5590.858573149741,0.0346705076908851
1012,21,210,1330,13,0.009774436090225564,0.002695575557266228,0.000207351965943556,21,210,5529.80042837569,197.13561157446242,5726.936039950149,0.034422527194171076
1013,21,210,1330,30,0.022556390977443608,0.010389428183776065,0.00034631427279253554,21,210,5282.996239167895,242.86514332735135,5525.8613824952445,0.04395063982181974
1014,21,210,1330,26,0.019548872180451128,0.0064521910388632515,0.0002481611938024327,21,210,5560.0212288326575,206.86079477617594,5766.882023608835,0.0358704745353409
1015,21,210,1330,10,0.007518796992481203,0.007431757456857601,0.0007431757456857601,21,210,5554.467147392255,205.56295620273158,5760.030103594982,0.0356878267136893
1016,21,210,1330,10,0.007518796992481203,0.002181400421668414,0.0002181400421668414,21,210,5373.6960433080885,174.7121728492437,5548.4082161573315,0.031488701992126375
1017,21,210,1330,18,0.013533834586466165,0.005583566847978374,0.0003101981582210208,21,210,5651.38127827278,198.74010239881716,5850.121380671591,0.03397196219815902
1018,21,210,1330,19,0.014285714285714285,0.0027087967804319906,0.00014256825160168372,21,210,5382.967076851075,190.22868722181374,5573.195764072889,0.034132784003050115
1019,21,210,1330,15,0.011278195488721804,0.004989473866256053,0.00033263159108373687,21,210,5409.012614469305,204.3430360996806,5613.355650568978,0.03640300897003882
1020,21,210,1330,14,0.010526315789473684,0.00388377493434412,0.0002774124953102943,21,210,5465.159973760594,249.7966287050067,5714.9566024656,0.04370927831669572
1021,21,210,1330,15,0.011278195488721804,0.0052668837454103975,0.0003511255830273598,21,210,5362.470112472302,181.31020238355933,5543.780314855858,0.03270515642506543
1022,21,210,1330,10,0.007518796992481203,0.010617267702939288,0.001061726770293929,21,210,5545.729475923991,191.77387305818934,5737.50334898218,0.0334246206744628
1023,21,210,1330,11,0.008270676691729323,0.0020708575600261133,0.00018825977818419216,21,210,5417.849933515679,215.6571471141043,5633.50708062978,0.0382811531125289
1024,21,210,1330,24,0.01804511278195489,0.00782566200477134,0.00032606925019880586,21,210,5473.20991857353,213.01448729815212,5686.22440587168,0.03746149854342544
1025,21,210,1330,11,0.008270676691729323,0.006657054462677015,0.0006051867693342741,21,210,5515.92684987676,188.79295555704948,5704.719805433808,0.033094167986519187
1026,21,210,1330,17,0.012781954887218045,0.005055094126148421,0.00029735847800873064,21,210,5494.0074622803,154.39665708408347,5648.4041193643825,0.027334562793544914
1027,21,210,1330,9,0.006766917293233083,0.0019593082150302296,0.00021770091278113662,21,210,5397.102317461107,223.39909838390756,5620.50141584501,0.039747183010062595
1028,21,210,1330,20,0.015037593984962405,0.013849361292937795,0.0006924680646468897,21,210,5492.695515086596,212.79256234070291,5705.488077427293,0.037296119009095345
1029,21,210,1330,17,0.012781954887218045,0.010180657495723045,0.0005988622056307673,21,210,5469.342046284579,214.95961216856136,5684.30165845314,0.03781636251638658
1030,21,210,1330,9,0.006766917293233083,0.001652758374964515,0.00018363981944050165,21,210,5675.277662601132,200.2751656578963,5875.552828259029,0.03408618244306372
1031,21,210,1330,12,0.009022556390977444,0.0030289542880410306,0.00025241285733675257,21,210,5431.321182206622,179.11681898668516,5610.438001193307,0.03192563912988399
1032,21,210,1330,6,0.004511278195488722,0.001377961715657657,0.00022966028594294285,21,210,5373.249269787542,200.35359121780448,5573.602861005346,0.03594687246548194
1033,21,210,1330,15,0.011278195488721804,0.004743228672024854,0.0003162152448016569,21,210,5358.867787454181,202.724367471715,5561.5921549258965,0.036450779169803424
1034,21,210,1330,15,0.011278195488721804,0.004038786362364101,0.00026925242415760676,21,210,5579.412358511116,186.55248652623766,5765.964845037349,0.03235407976633775
1035,21,210,1330,22,0.016541353383458645,0.005306221729448953,0.00024119189679313425,21,210,5363.63855008739,213.24448191691772,5576.883032004306,0.03823721614621683
1036,21,210,1330,27,0.02030075187969925,0.011486947712020702,0.0004254425078526187,21,210,5414.847046348567,197.01691758559804,5611.8639639341645,0.03510721550838885
1037,21,210,1330,9,0.006766917293233083,0.0012171125302056958,0.00013523472557841064,21,210,5489.41793478436,170.9650849774991,5660.38301976186,0.03020380147078666
1038,21,210,1330,22,0.016541353383458645,0.018141511027020444,0.0008246141375918384,21,210,5615.237032039062,245.7372124803174,5860.974244519379,0.04192770727667116
1039,21,210,1330,15,0.011278195488721804,0.005175370146340652,0.0003450246764227102,21,210,5366.859079744496,221.36693929730305,5588.226019041794,0.039613096990529485
1040,21,210,1330,9,0.006766917293233083,0.0068616321181920615,0.0007624035686880068,21,210,5313.847128069217,198.56834170216325,5512.41546977138,0.036022020254289466
1041,21,210,1330,17,0.012781954887218045,0.005371722015458877,0.0003159836479681692,21,210,5360.679308053843,181.80343741389518,5542.482745467738,0.032801804852267975
1042,21,210,1330,14,0.010526315789473684,0.0045566398507724945,0.0003254742750551781,21,210,5686.884848519447,223.31807527023693,5910.20292378968,0.03778517897775381
1043,21,210,1330,14,0.010526315789473684,0.002193250639533142,0.000156660759966653,21,210,5396.104144368155,187.04899837708524,5583.153142745237,0.03350239436296623
1044,21,210,1330,21,0.015789473684210527,0.001865770659232232,8.884622186820151e-05,21,210,5411.213846309392,197.99427926739196,5609.208125576779,0.03529808037690396
1045,21,210,1330,16,0.012030075187969926,0.0031206356828386472,0.00019503973017741545,21,210,5446.735841902084,196.4587495642484,5643.19459146633,0.03481339272995023
1046,21,210,1330,21,0.015789473684210527,0.0032766514354848454,0.00015603102073737362,21,210,5328.742645264203,188.43658431949387,5517.179229583694,0.034154515646161565
1047,21,210,1330,20,0.015037593984962405,0.004746162285674937,0.00023730811428374684,21,210,5517.820026737101,167.68787834947304,5685.507905086566,0.029493913498818688
1048,21,210,1330,11,0.008270676691729323,0.006250369584144712,0.0005682154167404285,21,210,5283.117440256165,180.12491247291766,5463.2423527290775,0.032970331690106894
1049,21,210,1330,14,0.010526315789473684,0.010373236157125591,0.0007409454397946852,21,210,5359.350179265999,239.54584772853354,5598.896026994529,0.04278447868536702
1050,21,210,1330,7,0.005263157894736842,0.008048798394726997,0.0011498283421038566,21,210,5345.221911569978,199.66404933146723,5544.8859609014435,0.03600868453190107
1051,21,210,1330,24,0.01804511278195489,0.00798974598564003,0.0003329060827350013,21,210,5517.602935743838,199.37313334775385,5716.976069091586,0.0348738792918253
1052,21,210,1330,19,0.014285714285714285,0.015007751808545829,0.0007898816741339911,21,210,5628.117012321341,217.16910424457535,5845.286116565914,0.037152861282376624
1053,21,210,1330,14,0.010526315789473684,0.0009169720037412375,6.549800026723125e-05,21,210,5259.787566375322,151.48125700122392,5411.268823376546,0.027993666909843527
1054,21,210,1330,12,0.009022556390977444,0.0018101194129845355,0.00015084328441537797,21,210,5455.345880135745,200.91128890109064,5656.257169036833,0.035520182851817274
1055,21,210,1330,16,0.012030075187969926,0.001634935746932321,0.00010218348418327006,21,210,5553.332026384838,179.25205618031274,5732.584082565149,0.03126897985246876
1056,21,210,1330,9,0.006766917293233083,0.0018702250709922564,0.00020780278566580624,21,210,5491.001742216316,230.7399002056236,5721.741642421937,0.04032686455027607
1057,21,210,1330,14,0.010526315789473684,0.0031010354100291272,0.0002215025292877948,21,210,5714.3497478533245,221.59722377768708,5935.946971631006,0.0373314021902051
1058,21,210,1330,19,0.014285714285714285,0.005660235587008321,0.00029790713615833263,21,210,5448.484302515067,189.01028624931,5637.494588764375,0.03352735568491911
1059,21,210,1330,14,0.010526315789473684,0.013448898403950207,0.0009606356002821578,21,210,5544.716203839698,202.60668318927674,5747.322887028975,0.03525235786674452
1060,21,210,1330,18,0.013533834586466165,0.00865352733213848,0.00048075151845213785,21,210,5509.335441196026,203.47541196787668,5712.810853163898,0.03561738996753006
1061,21,210,1330,13,0.009774436090225564,0.002260804328094125,0.00017390802523800967,21,210,5272.509558556421,183.95497225355885,5456.464530809977,0.03371321690351974
1062,21,210,1330,21,0.015789473684210527,0.013228706444551631,0.0006299384021215064,21,210,5379.509759917884,252.92613253002548,5632.4358924479075,0.04490528385225908
1063,21,210,1330,11,0.008270676691729323,0.004971907623022538,0.000451991602092958,21,210,5347.445530423075,230.96604966941993,5578.411580092496,0.04140355123556342
1064,21,210,1330,30,0.022556390977443608,0.008801652573221401,0.00029338841910738004,21,210,5470.913337243728,201.52402798676854,5672.437365230489,0.03552688465491412
1065,21,210,1330,14,0.010526315789473684,0.0030940643531087333,0.00022100459665062383,21,210,5438.8273020865,195.77996171395785,5634.607263800459,0.03474598184894739
1066,21,210,1330,15,0.011278195488721804,0.00538769507417925,0.00035917967161194997,21,210,5378.966425135088,219.40041669523407,5598.36684183032,0.03919007505115612
1067,21,210,1330,21,0.015789473684210527,0.005972331626876954,0.00028439674413699786,21,210,5401.081653739779,214.11512933531196,5615.196783075093,0.0381313670040348
1068,21,210,1330,12,0.009022556390977444,0.002954812697656363,0.00024623439147136353,21,210,5508.012326823373,176.18208336494175,5684.194410188316,0.03099508402618215
1069,21,210,1330,23,0.017293233082706767,0.016258743954391235,0.0007069019110604885,21,210,5598.972015168056,205.62856977123818,5804.600584939293,0.03542510234119558
1070,21,210,1330,16,0.012030075187969926,0.0010303213106759403,6.439508191724627e-05,21,210,5197.626260070439,193.3905591442169,5391.016819214647,0.03587274268092335
1071,21,210,1330,16,0.012030075187969926,0.007045421875108084,0.00044033886719425523,21,210,5402.72908021517,172.51291757154098,5575.241997786705,0.030942677939365906
1072,21,210,1330,10,0.007518796992481203,0.0011779803305792022,0.00011779803305792021,21,210,5351.445072974577,189.40955650821635,5540.85462948279,0.03418417720262348
1073,21,210,1330,16,0.012030075187969926,0.009280362963172018,0.0005800226851982511,21,210,5406.138818683485,214.4944644024493,5620.633283085932,0.038161974567514224
1074,21,210,1330,30,0.022556390977443608,0.007457796716220523,0.00024859322387401744,21,210,5244.22375446759,190.88564554212326,5435.109400009713,0.035120846977207514
1075,21,210,1330,18,0.013533834586466165,0.0036299053668561085,0.0002016614092697838,21,210,5483.421628911785,219.1579538433232,5702.579582755109,0.03843137139305658
1076,21,210,1330,17,0.012781954887218045,0.009744355509375642,0.0005731973829044495,21,210,5420.822237188597,225.48845611266552,5646.310693301264,0.0399355381524051
1077,21,210,1330,28,0.021052631578947368,0.010280469795136802,0.0003671596355406,21,210,5390.4398512495845,202.89937467091517,5593.339225920497,0.036275177756186244
1078,21,210,1330,19,0.014285714285714285,0.005885388134596323,0.0003097572702419117,21,210,5467.701875845471,180.23776340650357,5647.939639251976,0.03191212635381044
1079,21,210,1330,17,0.012781954887218045,0.004889195040338215,0.0002875997082551891,21,210,5226.046609308567,180.93056214725254,5406.977171455819,0.033462423903398375
1080,21,210,1330,18,0.013533834586466165,0.007805420042149939,0.00043363444678610775,21,210,5311.329797117641,233.69338441040483,5545.023181528044,0.04214470828343875
1081,21,210,1330,13,0.009774436090225564,0.005610138915061805,0.0004315491473124465,21,210,5389.836420421965,224.37920980852095,5614.215630230485,0.03996626146675263
1082,21,210,1330,14,0.010526315789473684,0.008829515366983808,0.000630679669070272,21,210,5672.882569331551,225.00299315622777,5897.885562487772,0.03814977262144771
1083,21,210,1330,11,0.008270676691729323,0.003770247552436011,0.00034274977749418285,21,210,5298.648397414228,194.974954630634,5493.623352044864,0.03549113984271591
1084,21,210,1330,8,0.006015037593984963,0.0021355943597789902,0.0002669492949723738,21,210,5531.1982690188115,189.37845463290654,5720.576723651715,0.03310478362258855
1085,21,210,1330,11,0.008270676691729323,0.005198300982305552,0.00047257281657323203,21,210,5520.013127624641,239.1919288186872,5759.205056443331,0.041532108420255336
1086,21,210,1330,23,0.017293233082706767,0.016461495710092228,0.0007157172047866187,21,210,5363.066816423316,221.39963544511514,5584.466451868435,0.03964562010593507
1087,21,210,1330,17,0.012781954887218045,0.008299504298984978,0.0004882061352344105,21,210,5497.5424327574,214.37721034878473,5711.919643106185,0.03753155221774177
1088,21,210,1330,20,0.015037593984962405,0.005300062388583148,0.0002650031194291574,21,210,5586.176480109771,239.1095459123171,5825.286026022084,0.04104683355361315
1089,21,210,1330,8,0.006015037593984963,0.001665143602197695,0.00020814295027471187,21,210,5458.230086984611,193.61973987285972,5651.8498268574685,0.0342577644141893
1090,21,210,1330,25,0.018796992481203006,0.005599906668207749,0.00022399626672830997,21,210,5444.832133366369,193.83801643524092,5638.67014980161,0.03437654824374873
1091,21,210,1330,11,0.008270676691729323,0.002821159143057063,0.0002564690130051875,21,210,5390.094958469563,214.77261033305774,5604.867568802618,0.03831894468452895
1092,21,210,1330,14,0.010526315789473684,0.01276804760189609,0.000912003400135435,21,210,5564.211075866493,240.40851048552327,5804.619586352019,0.041416755552901065
1093,21,210,1330,19,0.014285714285714285,0.006721703947962048,0.0003537738919980025,21,210,5313.929521490276,212.00123211526912,5525.930753605542,0.0383648007128832
1094,21,210,1330,10,0.007518796992481203,0.00441691435493662,0.000441691435493662,21,210,5494.919322390619,200.6367570897714,5695.556079480396,0.03522689519511771
1095,21,210,1330,32,0.02406015037593985,0.011554845342461212,0.00036108891695191286,21,210,5370.6438746577005,187.6060176932562,5558.249892350951,0.03375271377262695
1096,21,210,1330,21,0.015789473684210527,0.009972864157658719,0.0004748982932218437,21,210,5416.477710414749,228.65281677114723,5645.130527185893,0.040504433984298156
1097,21,210,1330,10,0.007518796992481203,0.003952954493825536,0.00039529544938255356,21,210,5479.812943419709,194.68651051165062,5674.499453931361,0.034309019164107855
1098,21,210,1330,17,0.012781954887218045,0.004326428626722076,0.0002544958015718868,21,210,5580.804357172645,204.1798551106397,5784.984212283291,0.03529479902073085
1099,21,210,1330,18,0.013533834586466165,0.026667918066554244,0.001481551003697458,21,210,5433.137995316296,229.13725442009738,5662.275249736393,0.040467346484218486
1100,21,210,1330,9,0.006766917293233083,0.002461883061076361,0.0002735425623418179,21,210,5282.45424440424,203.24083173418114,5485.695076138425,0.03704923968855549
1101,21,210,1330,18,0.013533834586466165,0.009631428752100343,0.0005350793751166857,21,210,5453.21340487434,188.5745255535927,5641.787930427933,0.03342460366802359
1102,21,210,1330,15,0.011278195488721804,0.002867597238396066,0.00019117314922640442,21,210,5444.877094964343,242.78096533334053,5687.658060297681,0.04268557686828203
1103,21,210,1330,7,0.005263157894736842,0.0019408464948420547,0.0002772637849774364,21,210,5355.706567965437,195.9064260505083,5551.612994015943,0.035288199350652666
1104,21,210,1330,26,0.019548872180451128,0.003001327965376181,0.00011543569097600697,21,210,5313.973754579023,216.2836520978321,5530.257406676852,0.03910914740364636
1105,21,210,1330,30,0.022556390977443608,0.005019760937770145,0.0001673253645923382,21,210,5237.5132458897715,186.41060496251487,5423.923850852286,0.03436821940876315
1106,21,210,1330,17,0.012781954887218045,0.0031722919024283897,0.0001866054060251994,21,210,5339.145023492963,156.00877458203504,5495.1537980749945,0.028390247173188568
1107,21,210,1330,11,0.008270676691729323,0.002010520431413418,0.00018277458467394708,21,210,5500.854829612352,194.21247763755548,5695.0673072499085,0.03410187573908389
1108,21,210,1330,19,0.014285714285714285,0.0065994829913148,0.0003473412100692,21,210,5582.7816201424575,235.10633504777806,5817.8879551902355,0.04041094240016014
1109,21,210,1330,22,0.016541353383458645,0.009621532190918533,0.0004373423723144787,21,210,5329.621704193394,192.96927346723166,5522.590977660622,0.03494180073226675
1110,21,210,1330,29,0.02180451127819549,0.007022080067159547,0.00024214069197101885,21,210,5328.310425936467,218.99475141439663,5547.305177350861,0.03947768230032343
1111,21,210,1330,24,0.01804511278195489,0.00976950944435495,0.0004070628935147895,21,210,5386.086395025191,211.16323588027922,5597.249630905471,0.03772624946265246
1112,21,210,1330,15,0.011278195488721804,0.00543002108430479,0.0003620014056203194,21,210,5525.941626082891,216.07548311866765,5742.017109201554,0.037630588521306865
1113,21,210,1330,18,0.013533834586466165,0.00873731011150454,0.0004854061173058078,21,210,5613.475116362135,184.1428360837984,5797.617952445931,0.031761809348977744
1114,21,210,1330,13,0.009774436090225564,0.0030529625256179526,0.00023484327120138095,21,210,5588.48582667924,189.0602724110458,5777.546099090281,0.0327232823708347
1115,21,210,1330,11,0.008270676691729323,0.0016707369846950153,0.0001518851804268196,21,210,5393.998215554884,248.73441119684108,5642.73262675172,0.04408048859476563
1116,21,210,1330,12,0.009022556390977444,0.005234619830528586,0.0004362183192107155,21,210,5410.1695469137685,207.57221197688054,5617.741758890643,0.03694940438448894
1117,21,210,1330,20,0.015037593984962405,0.008739561250456185,0.0004369780625228093,21,210,5411.425658829073,224.45302367790072,5635.878682506973,0.039825737266945334
1118,21,210,1330,18,0.013533834586466165,0.004936154619595351,0.0002742308121997417,21,210,5353.582392339014,253.303340605669,5606.8857329446855,0.045177189739630454
1119,21,210,1330,11,0.008270676691729323,0.0021797333472083668,0.00019815757701894244,21,210,5500.210367315538,197.34666907774516,5697.557036393282,0.034637067749772155
1120,21,210,1330,22,0.016541353383458645,0.005777497840831927,0.00026261353821963306,21,210,5346.077012001664,190.63135521924207,5536.708367220906,0.03443044902777271
1121,21,210,1330,8,0.006015037593984963,0.003208223049955278,0.00040102788124440973,21,210,5440.490328338816,191.34831566193475,5631.83864400075,0.03397617150586626
1122,21,210,1330,17,0.012781954887218045,0.004306643888516896,0.00025333199344217036,21,210,5539.021649657276,210.4115791360862,5749.433228793358,0.03659692542950805
1123,21,210,1330,21,0.015789473684210527,0.005780131760280344,0.00027524436953715924,21,210,5371.472852392952,193.58736882202362,5565.0602212149715,0.03478621275004987
1124,21,210,1330,29,0.02180451127819549,0.01730546498210147,0.0005967401717966022,21,210,5395.370014498825,218.46943241613226,5613.839446914957,0.038916223821860545
1125,21,210,1330,27,0.02030075187969925,0.014591562630010954,0.0005404282455559612,21,210,5394.682260200783,237.08805970694104,5631.770319907722,0.04209831833319967
1126,21,210,1330,21,0.015789473684210527,0.003510478914076073,0.00016716566257505113,21,210,5401.057002351472,209.79563279331876,5610.852635144787,0.0373910431151263
1127,21,210,1330,12,0.009022556390977444,0.0024067164471728,0.00020055970393106665,21,210,5362.780487350678,188.4810523638551,5551.26153971453,0.03395283234548297
1128,21,210,1330,17,0.012781954887218045,0.007503457405009811,0.0004413798473535182,21,210,5556.105914074658,228.56063975304073,5784.666553827695,0.03951146321507554
1129,21,210,1330,19,0.014285714285714285,0.007219799832378908,0.00037998946486204785,21,210,5380.640910719983,228.57100461036018,5609.211915330341,0.040749218974177236
1130,21,210,1330,17,0.012781954887218045,0.0030132751462345593,0.0001772514791902682,21,210,5475.374646964376,211.2298823770052,5686.604529341377,0.037145168313905914
1131,21,210,1330,24,0.01804511278195489,0.01221782770171402,0.0005090761542380842,21,210,5502.507336269388,219.17500449687805,5721.682340766263,0.03830604207704504
1132,21,210,1330,18,0.013533834586466165,0.008802875029985202,0.0004890486127769557,21,210,5401.280033554304,206.84376259648604,5608.1237961507895,0.03688288099817911
1133,21,210,1330,26,0.019548872180451128,0.009200796645029808,0.000353876794039608,21,210,5521.284348465419,192.35946948194908,5713.643817947364,0.03366668900111007
1134,21,210,1330,9,0.006766917293233083,0.002300380125436904,0.00025559779171521155,21,210,5590.741747694345,190.80806709891942,5781.54981479326,0.033002927106274955
1135,21,210,1330,16,0.012030075187969926,0.007315868491217014,0.00045724178070106336,21,210,5340.981020012113,214.46782353658875,5555.4488435487,0.03860494976668553
1136,21,210,1330,16,0.012030075187969926,0.005199516823766619,0.00032496980148541367,21,210,5417.469352091138,225.17451832122316,5642.643870412361,0.03990585326533598
1137,21,210,1330,24,0.01804511278195489,0.012093690133452946,0.0005039037555605394,21,210,5433.191104241595,201.90746678446754,5635.098571026063,0.035830334507831574
1138,21,210,1330,9,0.006766917293233083,0.002678447553784213,0.0002976052837538015,21,210,5482.549825275446,171.08451323229872,5653.634338507743,0.030260979573266115
1139,21,210,1330,11,0.008270676691729323,0.003834585139368981,0.00034859864903354375,21,210,5447.711168107624,209.8127809601812,5657.5239490678,0.03708561958359052
1140,21,210,1330,24,0.01804511278195489,0.00754838526113909,0.00031451605254746213,21,210,5460.9161198901575,222.5655211535737,5683.481641043732,0.0391600668763137
1141,21,210,1330,33,0.02481203007518797,0.027345640842308425,0.0008286557831002553,21,210,5426.341635593753,254.0172003370453,5680.3588359308,0.04471851298024931
1142,21,210,1330,18,0.013533834586466165,0.0024637367111319613,0.00013687426172955344,21,210,5445.200216641697,194.4690224945807,5639.669239136276,0.034482345373212694
1143,21,210,1330,10,0.007518796992481203,0.0007675628154690064,7.675628154690066e-05,21,210,5452.566787081691,252.70637316819438,5705.273160249884,0.04429347483813135
1144,21,210,1330,18,0.013533834586466165,0.012960541151498261,0.0007200300639721255,21,210,5197.556675445738,183.33343185014934,5380.890107295883,0.03407120907404702
1145,21,210,1330,14,0.010526315789473684,0.005758188430200447,0.00041129917358574626,21,210,5505.398591749987,189.9781485340413,5695.376740284024,0.03335655518454206
1146,21,210,1330,30,0.022556390977443608,0.01772560375351246,0.0005908534584504155,21,210,5364.167612333311,228.95148901579944,5593.119101349109,0.04093449198329682
1147,21,210,1330,7,0.005263157894736842,0.0008285335514251721,0.00011836193591788172,21,210,5528.561766852227,165.46208908727363,5694.0238559395,0.0290589033824785
1148,21,210,1330,14,0.010526315789473684,0.01133354221115465,0.0008095387293681892,21,210,5496.176902680303,193.83047944490357,5690.007382125207,0.03406506642747241
1149,21,210,1330,10,0.007518796992481203,0.003877696274319007,0.0003877696274319007,21,210,5544.590024045698,174.72115478376116,5719.311178829457,0.030549335281931708
1150,21,210,1330,15,0.011278195488721804,0.0038766003992108723,0.0002584400266140582,21,210,5387.329439603347,198.7465247452596,5586.0759643486035,0.03557891550592896
1151,21,210,1330,22,0.016541353383458645,0.01668746000063242,0.0007585209091196554,21,210,5257.84518877904,226.7021621325626,5484.547350911603,0.04133470779405009
1152,21,210,1330,21,0.015789473684210527,0.006541043908249138,0.00031147828134519705,21,210,5301.063071719704,237.61124420667983,5538.674315926384,0.042900382050526396
1153,21,210,1330,7,0.005263157894736842,0.0009807863384991863,0.00014011233407131232,21,210,5506.79596674299,199.2697958890937,5706.065762632083,0.03492244992934938
1154,21,210,1330,22,0.016541353383458645,0.0015374822327324969,6.988555603329532e-05,21,210,5442.187361020709,206.3647778898595,5648.552138910567,0.036534101627264254
1155,21,210,1330,8,0.006015037593984963,0.0030623962966135026,0.00038279953707668783,21,210,5533.692586404286,228.56089423947188,5762.253480643756,0.03966519262077606
1156,21,210,1330,26,0.019548872180451128,0.005989875527980511,0.00023037982799925047,21,210,5356.007099451823,203.5802416758986,5559.587341127722,0.036617869130302
1157,21,210,1330,22,0.016541353383458645,0.006920535450843112,0.0003145697932201415,21,210,5381.457571034558,200.6985384187127,5582.15610945327,0.03595358755353218
1158,21,210,1330,11,0.008270676691729323,0.0034477425548156628,0.00031343114134687846,21,210,5146.267234554054,172.41532852488524,5318.682563078939,0.03241692401831846
1159,21,210,1330,23,0.017293233082706767,0.01468547598163715,0.0006384989557233543,21,210,5403.405090680928,254.32532327085175,5657.730413951776,0.04495182779364918
1160,21,210,1330,9,0.006766917293233083,0.0023449440141062854,0.0002605493349006984,21,210,5446.313134099573,179.32841892730096,5625.641553026873,0.031876972117218065
1161,21,210,1330,22,0.016541353383458645,0.008497651981685967,0.0003862569082584531,21,210,5346.045973115984,230.04599542141668,5576.091968537401,0.04125577496200396
1162,21,210,1330,13,0.009774436090225564,0.007397231134505526,0.000569017779577348,21,210,5409.9525679303715,218.14736121827542,5628.099929148642,0.0387603923108157
1163,21,210,1330,14,0.010526315789473684,0.004357762608892916,0.00031126875777806546,21,210,5530.896795653226,167.43512873307566,5698.331924386299,0.029383182825227956
1164,21,210,1330,13,0.009774436090225564,0.007039629881259598,0.0005415099908661229,21,210,5329.5144080514165,184.25653237904575,5513.7709404304605,0.03341751668136232
1165,21,210,1330,22,0.016541353383458645,0.004753357242907674,0.00021606169285943964,21,210,5444.70964476374,172.4444916363698,5617.154136400104,0.03069961896165542
1166,21,210,1330,21,0.015789473684210527,0.011969881809423285,0.0005699943718772993,21,210,5234.713207991579,218.10720144579417,5452.82040943737,0.03999897027019432
1167,21,210,1330,20,0.015037593984962405,0.003912820930700952,0.0001956410465350476,21,210,5410.058407258044,211.97198417065147,5622.030391428696,0.03770381328671263
1168,21,210,1330,18,0.013533834586466165,0.0032881495495633048,0.00018267497497573916,21,210,5403.148268420438,191.72117491908523,5594.86944333952,0.034267318810686814
1169,21,210,1330,22,0.016541353383458645,0.005461443099413962,0.0002482474136097256,21,210,5449.762684090914,203.75614598939706,5653.518830080311,0.03604058854554175
1170,21,210,1330,11,0.008270676691729323,0.002474134017725816,0.00022492127433871057,21,210,5358.686104091643,232.26724898530682,5590.953353076946,0.04154340669958908
1171,21,210,1330,7,0.005263157894736842,0.0008560266652385839,0.00012228952360551198,21,210,5546.490635976198,188.73764987767942,5735.2282858538765,0.0329084807911146
1172,21,210,1330,16,0.012030075187969926,0.0037487044776742485,0.00023429402985464053,21,210,5389.510697247666,201.3617077623173,5590.872405009981,0.036016151536900944
1173,21,210,1330,19,0.014285714285714285,0.006896047257089724,0.00036294985563630123,21,210,5414.766448324817,221.83010262203842,5636.596550946851,0.03935532738896751
1174,21,210,1330,14,0.010526315789473684,0.004284459396315348,0.00030603281402252476,21,210,5563.72473825684,232.5104645904847,5796.235202847323,0.04011404928431252
1175,21,210,1330,18,0.013533834586466165,0.003322215344803861,0.00018456751915577006,21,210,5347.658729330911,198.56490139477833,5546.223630725688,0.03580182023219237
1176,21,210,1330,20,0.015037593984962405,0.006587216426805407,0.0003293608213402703,21,210,5477.717133502905,215.15035207550463,5692.867485578404,0.037792966834471295
1177,21,210,1330,21,0.015789473684210527,0.006792026950725802,0.0003234298547964668,21,210,5585.529431669549,225.0087447797326,5810.538176449283,0.03872425203085603
1178,21,210,1330,21,0.015789473684210527,0.007947020147637393,0.00037842953083987586,21,210,5463.045195828805,208.22723321710242,5671.272429045905,0.03671614012944413
1179,21,210,1330,5,0.0037593984962406013,0.005265335554140597,0.0010530671108281192,21,210,5512.08312220246,226.04389620528616,5738.127018407742,0.039393323898223934
1180,21,210,1330,16,0.012030075187969926,0.003930893229039638,0.00024568082681497734,21,210,5375.439027075126,198.5217308508682,5573.960757925997,0.03561591828011644
1181,21,210,1330,14,0.010526315789473684,0.004537727668686182,0.00032412340490615586,21,210,5555.372611096067,226.5128828213964,5781.88549391746,0.03917630037116574
1182,21,210,1330,19,0.014285714285714285,0.009228676148601884,0.0004857197972948361,21,210,5483.176395392594,196.92486202919508,5680.101257421788,0.0346692520264295
1183,21,210,1330,13,0.009774436090225564,0.005313206327995084,0.00040870817907654497,21,210,5519.01302059461,196.33861023504704,5715.351630829657,0.034352848768912224
1184,21,210,1330,33,0.02481203007518797,0.011365747303107064,0.00034441658494263833,21,210,5544.098650813128,217.58262071653832,5761.681271529667,0.03776373778113769
1185,21,210,1330,13,0.009774436090225564,0.0017589784103168961,0.00013530603156283817,21,210,5379.8797250546995,198.52932794967302,5578.409053004369,0.03558887956464055
1186,21,210,1330,9,0.006766917293233083,0.0034757565795588328,0.0003861951755065369,21,210,5343.823451140601,198.67287666795255,5542.49632780855,0.03584537813243909
1187,21,210,1330,23,0.017293233082706767,0.007337217126021492,0.000319009440261804,21,210,5498.412074347785,200.53842178546319,5698.950496133248,0.03518865831902365
1188,21,210,1330,31,0.02330827067669173,0.005854124408902885,0.00018884272286783497,21,210,5358.859868031155,202.80236894243285,5561.662236973587,0.03646434470511626
1189,21,210,1330,32,0.02406015037593985,0.015417775107895144,0.0004818054721217233,21,210,5367.477533197734,224.3721555869859,5591.849688784714,0.04012485457844077
1190,21,210,1330,18,0.013533834586466165,0.004483332542420545,0.0002490740301344747,21,210,5471.878901601455,188.1289219972001,5660.007823598654,0.03323827949721579
1191,21,210,1330,12,0.009022556390977444,0.009670536918329175,0.0008058780765274313,21,210,5326.8649159314355,192.27224324554794,5519.137159176982,0.0348373736147952
1192,21,210,1330,21,0.015789473684210527,0.00935639222929213,0.0004455424871091491,21,210,5499.411670796593,223.96199035852084,5723.373661155114,0.039131114551993085
1193,21,210,1330,17,0.012781954887218045,0.004464197015396518,0.0002625998244350893,21,210,5564.237707813292,165.4872925451356,5729.725000358423,0.02888223999141033
1194,21,210,1330,10,0.007518796992481203,0.017644296395481963,0.0017644296395481964,21,210,5499.182655590077,215.61820864267875,5714.800864232748,0.03772978512552721
1195,21,210,1330,22,0.016541353383458645,0.03763694473392765,0.0017107702151785296,21,210,5533.81837769727,202.76901204143968,5736.587389738708,0.03534662653342329
1196,21,210,1330,22,0.016541353383458645,0.012051037489172724,0.0005477744313260329,21,210,5472.230006521136,203.96236426827159,5676.1923707894075,0.035932954865641006
1197,21,210,1330,14,0.010526315789473684,0.003872946119590326,0.0002766390085421661,21,210,5530.709873896998,196.5030154778587,5727.212889374856,0.03431040879280247
1198,21,210,1330,13,0.009774436090225564,0.010184665268639113,0.0007834357898953164,21,210,5655.380768896273,211.70427643725867,5867.085045333533,0.03608338294084225
1199,21,210,1330,15,0.011278195488721804,0.004110999546617051,0.0002740666364411367,21,210,5457.629746557147,203.20205146708594,5660.831798024234,0.035896147194835984
1200,21,210,1330,13,0.009774436090225564,0.004094482774261126,0.000314960213404702,21,210,5363.584526707239,206.13058371628688,5569.715110423525,0.03700917903871255
1201,21,210,1330,20,0.015037593984962405,0.0023964161092645164,0.00011982080546322585,21,210,5311.076075174275,172.04605960373033,5483.1221347780065,0.031377389628527014
1202,21,210,1330,15,0.011278195488721804,0.004844322917867491,0.00032295486119116604,21,210,5508.6753602098215,231.90682815915858,5740.582188368977,0.04039778903070602
1203,21,210,1330,23,0.017293233082706767,0.004937146034795452,0.00021465852325197618,21,210,5643.66972708097,216.28203388328777,5859.951760964255,0.03690850073613892
1204,21,210,1330,26,0.019548872180451128,0.0037865720188309756,0.00014563738533965287,21,210,5395.759415565537,206.66866660120945,5602.428082166742,0.0368891244242943
1205,21,210,1330,33,0.02481203007518797,0.014529738467265053,0.000440295105068638,21,210,5524.8534933774245,227.60834116527468,5752.461834542696,0.03956711886353069
1206,21,210,1330,16,0.012030075187969926,0.001675486069083713,0.00010471787931773207,21,210,5428.513884741304,200.21168231188835,5628.7255670531795,0.03556962938179018
1207,21,210,1330,29,0.02180451127819549,0.007665979378627758,0.0002643441165044055,21,210,5386.659271137834,204.63156491788186,5591.290836055714,0.0365982687930138
1208,21,210,1330,16,0.012030075187969926,0.005017317863318293,0.00031358236645739326,21,210,5181.07591191358,229.21782803927726,5410.293739952857,0.0423669839488742
1209,21,210,1330,21,0.015789473684210527,0.00924453781205615,0.0004402160862883881,21,210,5693.653148947709,239.18267952538548,5932.835828473097,0.04031506794398231
1210,21,210,1330,20,0.015037593984962405,0.010547634111836835,0.0005273817055918416,21,210,5391.4022651526375,190.99890722959412,5582.401172382231,0.0342144717535747
1211,21,210,1330,18,0.013533834586466165,0.008185488308438628,0.00045474935046881256,21,210,5390.193657864942,241.91510798525218,5632.108765850191,0.04295284733350387
1212,21,210,1330,16,0.012030075187969926,0.010895176106417664,0.000680948506651104,21,210,5410.63010224625,233.68872735339772,5644.318829599648,0.04140246757994946
1213,21,210,1330,17,0.012781954887218045,0.007128940754537166,0.000419349456149245,21,210,5498.611975596323,212.5308305294127,5711.142806125737,0.037213363024551485
1214,21,210,1330,28,0.021052631578947368,0.013127825505636017,0.00046885091091557207,21,210,5363.823246944859,202.7212227719365,5566.544469716793,0.036417785553458495
1215,21,210,1330,21,0.015789473684210527,0.010717570646520269,0.0005103605069771555,21,210,5367.623178835574,236.0499599994467,5603.673138835021,0.04212414859881004
1216,21,210,1330,14,0.010526315789473684,0.0021524232767548765,0.00015374451976820546,21,210,5491.017640166036,193.53759661415324,5684.555236780185,0.034046216203851294
1217,21,210,1330,17,0.012781954887218045,0.0024528603651787165,0.0001442859038340422,21,210,5317.285239005411,206.6899740285881,5523.975213033997,0.03741689020271063
1218,21,210,1330,15,0.011278195488721804,0.004176821946510445,0.0002784547964340297,21,210,5463.210512005971,195.03595013616717,5658.246462142138,0.03446932745703147
1219,21,210,1330,10,0.007518796992481203,0.010593353257000998,0.0010593353257001,21,210,5444.20110232962,173.3710297252229,5617.572132054843,0.030862270327769836
1220,21,210,1330,10,0.007518796992481203,0.0043313706209514085,0.0004331370620951409,21,210,5441.333201168291,201.081013890362,5642.41421505865,0.03563740736256313
1221,21,210,1330,22,0.016541353383458645,0.008473591177033783,0.0003851632353197174,21,210,5458.548695353317,183.4955488188024,5642.044244172118,0.03252288370626337
1222,21,210,1330,19,0.014285714285714285,0.003710143725778581,0.000195270722409399,21,210,5292.643963386852,211.83071914209876,5504.474682528954,0.038483366962235914
1223,21,210,1330,33,0.02481203007518797,0.015119948016601527,0.00045818024292731903,21,210,5341.454080416775,207.718199063052,5549.172279479824,0.03743228514118566
1224,21,210,1330,11,0.008270676691729323,0.0029641151454460023,0.0002694650132223638,21,210,5248.508544275208,222.5382212490106,5471.046765524215,0.040675620367812346
1225,21,210,1330,10,0.007518796992481203,0.007751916333273699,0.0007751916333273699,21,210,5555.743461255468,181.65996638354338,5737.403427639014,0.031662400713958136
1226,21,210,1330,12,0.009022556390977444,0.002358175283110862,0.0001965146069259052,21,210,5627.731063442849,185.65228807429963,5813.383351517143,0.03193532523979331
1227,21,210,1330,11,0.008270676691729323,0.0036349184942914285,0.00033044713584467534,21,210,5196.927536790976,171.82701429677707,5368.754551087744,0.032005004635938104
1228,21,210,1330,12,0.009022556390977444,0.00397761049554595,0.00033146754129549584,21,210,5259.550084921033,192.50010580113732,5452.050190722165,0.03530783816493795
1229,21,210,1330,12,0.009022556390977444,0.0031498263628092237,0.0002624855302341019,21,210,5327.80921396976,179.83153235437078,5507.640746324132,0.03265128221632694
1230,21,210,1330,10,0.007518796992481203,0.0014985421919823186,0.00014985421919823182,21,210,5690.224183975901,181.7667911154142,5871.990975091308,0.030954882575000512
1231,21,210,1330,19,0.014285714285714285,0.004014258261405689,0.00021127675060029949,21,210,5368.45169210996,202.35177646843317,5570.803468578388,0.0363236250587155
1232,21,210,1330,15,0.011278195488721804,0.003151449541023296,0.00021009663606821972,21,210,5475.514598046213,202.9313122985136,5678.445910344721,0.035737121653095796
1233,21,210,1330,16,0.012030075187969926,0.005996562957127114,0.00037478518482044463,21,210,5255.4697393097995,195.37427810205014,5450.844017411846,0.03584294055708774
1234,21,210,1330,17,0.012781954887218045,0.0011417429489084408,6.716134993579063e-05,21,210,5401.7368148469195,168.16403156836108,5569.900846415281,0.030191566457882166
1235,21,210,1330,15,0.011278195488721804,0.007815001868223339,0.0005210001245482226,21,210,5343.8101852368645,167.15323242025966,5510.963417657119,0.030331036472624903
1236,21,210,1330,17,0.012781954887218045,0.0038710644027210744,0.00022770967074829847,21,210,5357.3378379786345,183.88854276499598,5541.22638074363,0.03318553152854914
1237,21,210,1330,9,0.006766917293233083,0.009003887975024237,0.0010004319972249153,21,210,5243.172069396705,180.78082051224945,5423.952889908955,0.03333008678017556
1238,21,210,1330,22,0.016541353383458645,0.012557449072816695,0.0005707931396734862,21,210,5515.8854105911905,228.71256871336874,5744.597979304555,0.039813502970499744
1239,21,210,1330,3,0.002255639097744361,0.0006232956545407122,0.00020776521818023736,21,210,5438.669230903731,189.85054053656972,5628.519771440297,0.03373010102938456
1240,21,210,1330,17,0.012781954887218045,0.01476631425839099,0.0008686067210818228,21,210,5433.502623888338,228.6755546797556,5662.178178568092,0.040386499235455946
1241,21,210,1330,0,0.0,0.0,0.0,21,210,5339.751882817471,195.5386542887567,5535.290537106221,0.035325815867830096
1242,21,210,1330,11,0.008270676691729323,0.0037696122484431513,0.000342692022585741,21,210,5484.6719762836165,177.20498958386736,5661.8769658674855,0.031297923047806264
1243,21,210,1330,31,0.02330827067669173,0.009090562609448988,0.0002932439551435157,21,210,5239.663082148929,214.08538194336242,5453.74846409229,0.03925472239009731
1244,21,210,1330,27,0.02030075187969925,0.018741862292103506,0.0006941430478556854,21,210,5401.8579380404735,229.42760957156668,5631.285547612037,0.040741604671220434
1245,21,210,1330,20,0.015037593984962405,0.007626619694263107,0.0003813309847131554,21,210,5319.247488954657,206.8357477654801,5526.083236720133,0.03742899607285725
1246,21,210,1330,26,0.019548872180451128,0.011532796730332957,0.00044356910501280606,21,210,5302.361998401395,216.11728309505997,5518.479281496453,0.03916247068639083
1247,21,210,1330,25,0.018796992481203006,0.008145079249378727,0.00032580316997514913,21,210,5456.442163470912,188.12807717141544,5644.57024064233,0.033329034656499765
1248,21,210,1330,14,0.010526315789473684,0.006545335093746616,0.00046752393526761543,21,210,5390.0074315059155,205.3009155436699,5595.308347049582,0.03669161783584733
1249,21,210,1330,26,0.019548872180451128,0.006577216511546777,0.00025296986582872216,21,210,5419.320938539232,211.63710919122823,5630.958047730457,0.037584565077079204
1250,21,210,1330,7,0.005263157894736842,0.0028348296087825965,0.00040497565839751377,21,210,5463.221326884335,229.43663938270186,5692.65796626703,0.04030395655988363
1251,21,210,1330,28,0.021052631578947368,0.01477291790565776,0.0005276042109163486,21,210,5315.172699985618,200.92904835954732,5516.101748345164,0.03642591408322485
1252,21,210,1330,15,0.011278195488721804,0.0042908331517445795,0.0002860555434496387,21,210,5413.251413362026,206.06265661531535,5619.314069977343,0.03667042881910784
1253,21,210,1330,18,0.013533834586466165,0.008138143431812099,0.0004521190795451165,21,210,5575.405283312357,193.49790001404898,5768.903183326405,0.033541540543323214
1254,21,210,1330,9,0.006766917293233083,0.0028877008314452343,0.0003208556479383593,21,210,5433.219710518737,204.0423219556634,5637.262032474398,0.03619528785077635
1255,21,210,1330,18,0.013533834586466165,0.004436213440152165,0.0002464563022306759,21,210,5309.816985789368,201.0338995071957,5510.85088529656,0.036479647824181206
1256,21,210,1330,22,0.016541353383458645,0.00916178063908718,0.00041644457450396277,21,210,5324.405334339983,210.26599572567915,5534.671330065663,0.03799069234399951
1257,21,210,1330,21,0.015789473684210527,0.005774151515369768,0.0002749595959699889,21,210,5449.871964283885,159.4653858575893,5609.337350141475,0.028428560434784218
1258,21,210,1330,19,0.014285714285714285,0.0067924345772162765,0.0003574965566955935,21,210,5528.168584803354,204.99633385401074,5733.164918657363,0.03575622483610996
1259,21,210,1330,12,0.009022556390977444,0.0024803256379474807,0.0002066938031622901,21,210,5441.36130461057,193.83399911129453,5635.195303721859,0.03439703305105923
1260,21,210,1330,11,0.008270676691729323,0.0014949407917775163,0.00013590370834341058,21,210,5467.9564048634475,203.77045897016774,5671.726863833608,0.03592741044522658
1261,21,210,1330,29,0.02180451127819549,0.012700366702739383,0.00043794367940480633,21,210,5491.837253189489,209.88095513562808,5701.7182083251155,0.03681012415330866
1262,21,210,1330,10,0.007518796992481203,0.0024444261234475187,0.0002444426123447518,21,210,5491.747874415019,203.93972224629078,5695.687596661309,0.03580598808927581
1263,21,210,1330,10,0.007518796992481203,0.0026186722503633484,0.0002618672250363348,21,210,5726.8501583029265,195.54219207746692,5922.392350380393,0.03301743290697506
1264,21,210,1330,21,0.015789473684210527,0.011084871415951197,0.0005278510198071998,21,210,5400.214696243882,214.3152124339136,5614.529908677792,0.038171532776532006
1265,21,210,1330,16,0.012030075187969926,0.017729100859358516,0.0011080688037099073,21,210,5265.093950502138,206.00831537745168,5471.102265879586,0.03765389593651323
1266,21,210,1330,10,0.007518796992481203,0.004570391037964148,0.00045703910379641484,21,210,5560.520399767874,210.03189478914618,5770.552294557016,0.0363971911297391
1267,21,210,1330,24,0.01804511278195489,0.003925923723965683,0.00016358015516523678,21,210,5457.420796122098,210.14348291241456,5667.5642790345155,0.03707827076435259
1268,21,210,1330,27,0.02030075187969925,0.005862271987754446,0.00021712118473164613,21,210,5306.490646936041,195.12667197080953,5501.617318906849,0.03546714732415821
1269,21,210,1330,24,0.01804511278195489,0.006916497971470624,0.00028818741547794266,21,210,5496.138437793394,199.29288052869367,5695.431318322083,0.03499170991450159
1270,21,210,1330,23,0.017293233082706767,0.009275956803956155,0.0004033024697372241,21,210,5464.400534744417,230.24916239282155,5694.649697137238,0.04043254188375631
1271,21,210,1330,30,0.022556390977443608,0.01577719339954148,0.0005259064466513827,21,210,5561.838919137021,196.90728254271244,5758.746201679726,0.034192734954229795
1272,21,210,1330,8,0.006015037593984963,0.0009372228251444158,0.00011715285314305196,21,210,5561.558954837936,180.56711328091632,5742.12606811885,0.0314460377809279
1273,21,210,1330,16,0.012030075187969926,0.0032015708571564595,0.00020009817857227874,21,210,5474.4235654477,202.81673682659368,5677.240302274291,0.03572452917755581
1274,21,210,1330,15,0.011278195488721804,0.006004632467534696,0.0004003088311689797,21,210,5292.680512568244,205.06034866788963,5497.740861236136,0.03729902042377875
1275,21,210,1330,22,0.016541353383458645,0.006035040368840971,0.0002743200167654986,21,210,5542.017619381698,213.47059466505812,5755.488214046758,0.037089919521347464
1276,21,210,1330,11,0.008270676691729323,0.003893982302024652,0.00035399839109315017,21,210,5365.328327426578,205.54641739047895,5570.874744817055,0.03689661441081799
1277,21,210,1330,37,0.027819548872180452,0.035983267170758025,0.0009725207343448114,21,210,5426.452735795413,230.7250236158651,5657.177759411275,0.040784474773137756
1278,21,210,1330,23,0.017293233082706767,0.007595867611648582,0.0003302551135499384,21,210,5505.123660858775,184.06605323747934,5689.189714096252,0.03235365007804435
1279,21,210,1330,15,0.011278195488721804,0.0065491279320831226,0.0004366085288055416,21,210,5611.189925598981,180.26984707191545,5791.4597726709,0.031126840925768666
1280,21,210,1330,14,0.010526315789473684,0.007984998686565659,0.0005703570490404042,21,210,5278.215265469706,211.95880047167384,5490.174065941376,0.038606936305821876
1281,21,210,1330,15,0.011278195488721804,0.004473165348547109,0.00029821102323647394,21,210,5442.251608590269,235.9657468322162,5678.217355422487,0.041556307563125894
1282,21,210,1330,13,0.009774436090225564,0.0015884134075341704,0.0001221856467333977,21,210,5518.588500082726,182.98973458657076,5701.578234669292,0.032094575756914906
1283,21,210,1330,10,0.007518796992481203,0.014366974735895384,0.0014366974735895385,21,210,5232.343469182838,220.4598606718203,5452.80332985466,0.040430554218741005
1284,21,210,1330,12,0.009022556390977444,0.0026580785869545417,0.00022150654891287848,21,210,5504.4606920895085,196.10634337444475,5700.5670354639515,0.034401199416556685
1285,21,210,1330,7,0.005263157894736842,0.0028726942463388853,0.0004103848923341265,21,210,5373.2326092557405,214.43813020642742,5587.670739462168,0.03837701614949986
1286,21,210,1330,17,0.012781954887218045,0.0012646045203380915,7.438850119635832e-05,21,210,5442.424038529004,221.7721706057571,5664.19620913476,0.039153334809994896
1287,21,210,1330,24,0.01804511278195489,0.005231008924385894,0.00021795870518274553,21,210,5347.858709100288,212.4116860725599,5560.270395172845,0.03820168282768502
1288,21,210,1330,27,0.02030075187969925,0.01541842195836948,0.0005710526651247955,21,210,5512.137169258349,240.7157120498694,5752.852881308215,0.041842841632885625
1289,21,210,1330,11,0.008270676691729323,0.002433778992173524,0.00022125263565213855,21,210,5292.558677146673,199.37364908001956,5491.9323262266935,0.036303005433608815
1290,21,210,1330,25,0.018796992481203006,0.014463716136104737,0.0005785486454441894,21,210,5389.993732178007,222.17488904007286,5612.168621218083,0.039588063729961716
1291,21,210,1330,19,0.014285714285714285,0.012919459395185292,0.0006799715471150153,21,210,5390.702372887861,200.63626944715415,5591.338642335011,0.03588340508085663
1292,21,210,1330,26,0.019548872180451128,0.00934254336974383,0.0003593285911439934,21,210,5269.579835294622,224.1520976086918,5493.731932903312,0.040801426124596606
1293,21,210,1330,28,0.021052631578947368,0.007353401259840203,0.0002626214735657215,21,210,5367.695414082161,199.0041225064818,5566.699536588641,0.035749032473995274
1294,21,210,1330,26,0.019548872180451128,0.01038871988057223,0.0003995661492527781,21,210,5516.05281900247,202.22012101974522,5718.272940022217,0.03536384554231501
1295,21,210,1330,19,0.014285714285714285,0.006418042944482284,0.0003377917339201202,21,210,5468.0849852065185,182.9031807676733,5650.988165974189,0.032366583577182584
1296,21,210,1330,22,0.016541353383458645,0.011322592060714936,0.0005146632754870424,21,210,5217.214647548912,230.69491553687928,5447.909563085786,0.04234558464406848
1297,21,210,1330,5,0.0037593984962406013,0.0023690060339018166,0.0004738012067803633,21,210,5372.067947260075,203.15311087911041,5575.221058139178,0.03643857503776112
1298,21,210,1330,37,0.027819548872180452,0.007611726556867038,0.00020572233937478482,21,210,5366.465384468952,192.7775113873388,5559.242895856286,0.03467693623011689
1299,21,210,1330,24,0.01804511278195489,0.011799748433229553,0.000491656184717898,21,210,5281.2708003458565,205.67143561106462,5486.9422359569235,0.03748379821884447
1300,21,210,1330,17,0.012781954887218045,0.008088494924058786,0.0004757938190622815,21,210,5403.846602248961,237.86935137024477,5641.7159536192,0.04216258906435194
1301,21,210,1330,15,0.011278195488721804,0.003573832017554019,0.00023825546783693463,21,210,5487.933926768959,220.74387586818204,5708.677802637139,0.03866812657848877
1302,21,210,1330,8,0.006015037593984963,0.0007826160397917035,9.782700497396293e-05,21,210,5353.1954972062085,194.5889806009768,5547.784477807185,0.03507507931849039
1303,21,210,1330,18,0.013533834586466165,0.00308073768464064,0.00017115209359114668,21,210,5386.204447908338,176.47315887880077,5562.677606787136,0.03172449876719123
1304,21,210,1330,13,0.009774436090225564,0.0012704331571127016,9.772562747020782e-05,21,210,5454.827820649203,209.29597960779842,5664.123800257,0.036951166144762224
1305,21,210,1330,17,0.012781954887218045,0.008979455597800936,0.0005282032704588786,21,210,5567.352010727101,197.07199311159894,5764.424003838691,0.03418762967130163
1306,21,210,1330,15,0.011278195488721804,0.007214406921348216,0.0004809604614232144,21,210,5597.702558684818,234.91845419087684,5832.6210128756975,0.0402766532699942
1307,21,210,1330,14,0.010526315789473684,0.005033143009347131,0.0003595102149533664,21,210,5347.483362004761,159.08874461266902,5506.572106617431,0.02889070396835207
1308,21,210,1330,10,0.007518796992481203,0.0016840788942908184,0.00016840788942908185,21,210,5398.968862938222,181.37823187039083,5580.347094808609,0.03250303767647837
1309,21,210,1330,13,0.009774436090225564,0.007100127980423715,0.0005461636908018242,21,210,5514.571777386961,193.17324565656588,5707.745023043526,0.033844056606712365
1310,21,210,1330,16,0.012030075187969926,0.005334907021403569,0.00033343168883772305,21,210,5411.339650355765,209.9713990093549,5621.311049365118,0.03735274514529301
1311,21,210,1330,21,0.015789473684210527,0.00503533051144289,0.0002397776434020424,21,210,5555.793489955409,231.21039874942107,5787.003888704825,0.03995338575816435
1312,21,210,1330,5,0.0037593984962406013,0.0011883273516642865,0.00023766547033285732,21,210,5428.1592793437485,214.9847938113603,5643.1440731551065,0.03809663390202288
1313,21,210,1330,20,0.015037593984962405,0.005089448101059885,0.00025447240505299424,21,210,5245.507436693708,226.0413913152691,5471.548828008972,0.04131214002115059
1314,21,210,1330,17,0.012781954887218045,0.004825835082043238,0.0002838726518848964,21,210,5375.103325209178,190.6242585625693,5565.727583771748,0.0342496566160337
1315,21,210,1330,16,0.012030075187969926,0.004655135049968444,0.00029094594062302774,21,210,5212.691441874469,197.80275841285294,5410.494200287323,0.03655909258757706
1316,21,210,1330,29,0.02180451127819549,0.010826687720984171,0.0003733340593442818,21,210,5339.667692599467,182.19174260017422,5521.859435199636,0.032994636089208475
1317,21,210,1330,20,0.015037593984962405,0.012340870837681981,0.0006170435418840991,21,210,5275.093467375131,221.32445231831727,5496.4179196934465,0.04026703492202086
1318,21,210,1330,22,0.016541353383458645,0.004204337353401097,0.00019110624333641352,21,210,5460.648901152486,226.97074921390615,5687.619650366392,0.039906105394949334
1319,21,210,1330,23,0.017293233082706767,0.01413242628763724,0.000614453316853793,21,210,5592.467434386044,220.57188616286675,5813.039320548905,0.037944330667634106
1320,21,210,1330,11,0.008270676691729323,0.004538370791814695,0.0004125791628922451,21,210,5428.47969871163,195.48459500258133,5623.964293714205,0.03475921694970052
1321,21,210,1330,30,0.022556390977443608,0.00513337644159299,0.00017111254805309969,21,210,5444.272598472584,203.05260306044588,5647.325201533025,0.03595553572960968
1322,21,210,1330,23,0.017293233082706767,0.006701211753756992,0.0002913570327720431,21,210,5389.156026433836,224.39461788045185,5613.5506443142895,0.03997374070326255
1323,21,210,1330,16,0.012030075187969926,0.004871552626782309,0.0003044720391738943,21,210,5625.929781426235,220.57840065628767,5846.508182082525,0.037728229190251074
1324,21,210,1330,27,0.02030075187969925,0.014463137421582138,0.000535671756354894,21,210,5658.451123100636,214.71338385983847,5873.164506960478,0.036558380683083994
1325,21,210,1330,11,0.008270676691729323,0.00381729084331546,0.0003470264403014055,21,210,5339.7141754223085,232.16213992350683,5571.876315345815,0.04166677915733631
1326,21,210,1330,16,0.012030075187969926,0.004453938189028142,0.0002783711368142589,21,210,5358.684737982665,233.20580602802696,5591.89054401069,0.04170428662589021
1327,21,210,1330,12,0.009022556390977444,0.001604245794782744,0.00013368714956522867,21,210,5357.027096798394,178.2172542895072,5535.244351087898,0.032196817879319155
1328,21,210,1330,12,0.009022556390977444,0.0019907937166733667,0.00016589947638944724,21,210,5344.990454819759,178.53664108106102,5523.527095900821,0.03232294111738106
1329,21,210,1330,11,0.008270676691729323,0.003240250419923554,0.00029456821999305035,21,210,5338.182307308278,189.02437662416526,5527.20668393244,0.034198897821870515
1330,21,210,1330,7,0.005263157894736842,0.0005699886686723826,8.14269526674832e-05,21,210,5452.041438741662,198.69524997507887,5650.736688716743,0.03516271610599532
1331,21,210,1330,24,0.01804511278195489,0.01924190305274351,0.0008017459605309795,21,210,5506.440667536685,185.37633838146922,5691.817005918155,0.03256892099460002
1332,21,210,1330,9,0.006766917293233083,0.0011340025977084973,0.00012600028863427748,21,210,5374.131411348622,227.15818098783097,5601.289592336449,0.04055462179613484
1333,21,210,1330,23,0.017293233082706767,0.009632434820343889,0.000418801513927995,21,210,5368.899564719479,222.82069777248455,5591.720262491961,0.03984832704652934
1334,21,210,1330,20,0.015037593984962405,0.003009210875304408,0.0001504605437652204,21,210,5357.023687163971,185.74081119276298,5542.764498356732,0.033510500265315206
1335,21,210,1330,30,0.022556390977443608,0.011835769056856635,0.00039452563522855444,21,210,5551.9067059759,195.96252200119983,5747.869227977098,0.03409307244628577
1336,21,210,1330,25,0.018796992481203006,0.006584306129498223,0.00026337224517992893,21,210,5387.299846359078,188.60233784389297,5575.902184202967,0.033824542040608314
1337,21,210,1330,5,0.0037593984962406013,0.0033505711932735093,0.0006701142386547019,21,210,5424.851872365639,207.9009140009048,5632.752786366544,0.03690929140439218
1338,21,210,1330,37,0.027819548872180452,0.025999812365336165,0.0007026976314955722,21,210,5356.938985825274,254.0517562645902,5610.990742089862,0.04527752191050068
1339,21,210,1330,20,0.015037593984962405,0.02703759986420654,0.001351879993210327,21,210,5352.490752019708,244.38396091886028,5596.874712938566,0.043664361532679316
1340,21,210,1330,8,0.006015037593984963,0.0011924720927862184,0.0001490590115982773,21,210,5522.197628712442,168.77388965468896,5690.971518367134,0.029656428451624712
1341,21,210,1330,23,0.017293233082706767,0.005610372815960595,0.00024392925286785192,21,210,5393.8701460992215,229.73826992588943,5623.608416025106,0.04085246569999866
1342,21,210,1330,20,0.015037593984962405,0.004707325214423844,0.0002353662607211922,21,210,5559.97166245468,197.33037956322048,5757.302042017902,0.034274800613736306
1343,21,210,1330,6,0.004511278195488722,0.0006326800144250934,0.0001054466690708489,21,210,5482.96112632272,176.07503203096388,5659.0361583536815,0.031113961300821124
1344,21,210,1330,9,0.006766917293233083,0.0029899612016112257,0.00033221791129013623,21,210,5464.348031014282,224.8725654651502,5689.220596479436,0.03952607596272577
1345,21,210,1330,7,0.005263157894736842,0.003017665745265942,0.00043109510646656315,21,210,5517.012575980008,192.44947972768065,5709.462055707683,0.03370711248274102
1346,21,210,1330,25,0.018796992481203006,0.00884745578683894,0.0003538982314735576,21,210,5541.958894138993,197.78119830485466,5739.740092443844,0.03445821502705781
1347,21,210,1330,22,0.016541353383458645,0.007075280489140417,0.00032160365859729167,21,210,5461.975829707925,199.33479286913405,5661.310622577057,0.03521000809851268
1348,21,210,1330,6,0.004511278195488722,0.001574469570624374,0.0002624115951040623,21,210,5403.516637225873,227.0686770705094,5630.585314296381,0.04032772161252383
1349,21,210,1330,11,0.008270676691729323,0.00197327140842709,0.00017938830985700816,21,210,5395.223532610458,188.6883361837679,5583.911868794226,0.03379142447398847
1350,21,210,1330,41,0.030827067669172932,0.014329546307127582,0.00034950112944213615,21,210,5430.863152990386,204.26230460513653,5635.12545759552,0.03624804915919197
1351,21,210,1330,13,0.009774436090225564,0.003480795069729862,0.00026775346690229707,21,210,5259.9196719889405,172.16836171558623,5432.0880337045255,0.03169469284137732
1352,21,210,1330,13,0.009774436090225564,0.004958170181063489,0.000381397706235653,21,210,5491.234527822082,220.91026867334506,5712.144796495421,0.038673786562427544
1353,21,210,1330,10,0.007518796992481203,0.002384237252500842,0.0002384237252500842,21,210,5613.4718916198635,248.47359392483438,5861.945485544695,0.04238756476626396
1354,21,210,1330,14,0.010526315789473684,0.006168559040541343,0.00044061136003866743,21,210,5534.813364324438,233.55721762296312,5768.370581947402,0.04048928797222217
1355,21,210,1330,8,0.006015037593984963,0.0026078722727417795,0.00032598403409272243,21,210,5473.948149041937,240.03197122749967,5713.9801202694325,0.04200784150018733
1356,21,210,1330,14,0.010526315789473684,0.00178820862285325,0.0001277291873466607,21,210,5363.002463509276,186.79193017306892,5549.794393682344,0.03365745051487044
1357,21,210,1330,11,0.008270676691729323,0.0105888554923647,0.0009626232265786092,21,210,5606.088989842538,210.468670723887,5816.557660566426,0.0361844037326007
1358,21,210,1330,13,0.009774436090225564,0.0033916730517978516,0.00026089792706137326,21,210,5449.277224071869,205.04500843654537,5654.322232508412,0.036263410538875815
1359,21,210,1330,21,0.015789473684210527,0.005304243659705506,0.0002525830314145479,21,210,5334.948522429124,225.7444769872409,5560.692999416364,0.04059646468721335
1360,21,210,1330,22,0.016541353383458645,0.016841111292454216,0.0007655050587479187,21,210,5314.465258133214,226.96396033431762,5541.429218467534,0.04095765756204747
1361,21,210,1330,4,0.0030075187969924814,0.0004956456704041554,0.00012391141760103886,21,210,5477.829455906129,195.6619627603641,5673.4914186664855,0.034487046568293406
1362,21,210,1330,15,0.011278195488721804,0.003507728947851929,0.000233848596523462,21,210,5308.958601319106,220.39864378462218,5529.357245103725,0.039859722209084306
1363,21,210,1330,12,0.009022556390977444,0.006459165670899736,0.0005382638059083114,21,210,5455.701000116302,198.3630678002391,5654.064067916538,0.03508327203538989
1364,21,210,1330,20,0.015037593984962405,0.008895740581438862,0.0004447870290719431,21,210,5280.786580978254,207.74271880509124,5488.529299783344,0.03785034340862346
1365,21,210,1330,23,0.017293233082706767,0.009607852131262749,0.00041773270135925,21,210,5288.349605949145,199.32154882392936,5487.67115477307,0.0363217006271528
1366,21,210,1330,20,0.015037593984962405,0.006380484567399794,0.0003190242283699897,21,210,5547.251214254592,205.60334242364064,5752.854556678231,0.03573936041629367
1367,21,210,1330,14,0.010526315789473684,0.003071043982262261,0.00021936028444730435,21,210,5497.826611277536,164.72561627665982,5662.552227554194,0.029090348248815914
1368,21,210,1330,11,0.008270676691729323,0.003090420270934868,0.00028094729735771525,21,210,5594.295390543056,204.48355090829085,5798.778941451346,0.035263208508705755
1369,21,210,1330,14,0.010526315789473684,0.012042598401911504,0.0008601856001365361,21,210,5377.136950946426,228.980066713915,5606.117017660337,0.04084468197730874
1370,21,210,1330,13,0.009774436090225564,0.0077619766430092885,0.0005970751263853298,21,210,5284.9751766544505,234.3699849685222,5519.345161622971,0.042463368045568176
1371,21,210,1330,12,0.009022556390977444,0.0037795797045447424,0.0003149649753787285,21,210,5524.717646965322,196.70531503789687,5721.4229620032165,0.03438048827088031
1372,21,210,1330,40,0.03007518796992481,0.011627774150588112,0.0002906943537647028,21,210,5479.750422326462,240.9714857509847,5720.7219080774485,0.042122565931887346
1373,21,210,1330,14,0.010526315789473684,0.0008030199388361965,5.735856705972832e-05,21,210,5345.238193898807,183.3699686990556,5528.608162597866,0.03316747421884407
1374,21,210,1330,6,0.004511278195488722,0.00033830683939981487,5.638447323330248e-05,21,210,5368.386346606417,168.16738555449638,5536.553732160912,0.030374018512209184
1375,21,210,1330,12,0.009022556390977444,0.001365667497825926,0.00011380562481882717,21,210,5446.172647336642,192.31599518824305,5638.488642524883,0.03410772059339026
1376,21,210,1330,24,0.01804511278195489,0.017921553399750163,0.0007467313916562568,21,210,5459.690284805422,199.3093416510423,5658.999626456469,0.03521988952238986
1377,21,210,1330,5,0.0037593984962406013,0.0009137466303532845,0.00018274932607065692,21,210,5392.309801408678,179.37613776368005,5571.685939172359,0.03219422984747868
1378,21,210,1330,9,0.006766917293233083,0.0025520845873120614,0.0002835649541457846,21,210,5408.7792799136905,239.16085778767155,5647.940137701362,0.042344793315215075
1379,21,210,1330,16,0.012030075187969926,0.0025484185982176956,0.000159276162388606,21,210,5600.459597875219,212.08723369761532,5812.546831572838,0.03648783224344807
1380,21,210,1330,18,0.013533834586466165,0.005166482065084293,0.0002870267813935719,21,210,5438.514501384687,248.72980770957042,5687.244309094256,0.04373467960780866
1381,21,210,1330,7,0.005263157894736842,0.004053544494931267,0.000579077784990181,21,210,5504.550011611443,200.38848493490116,5704.9384965463405,0.03512544176527275
1382,21,210,1330,19,0.014285714285714285,0.0030236645881731414,0.00015914024148279692,21,210,5163.502846200963,228.18609129931872,5391.688937500281,0.04232182048045067
1383,21,210,1330,14,0.010526315789473684,0.0025156626386911005,0.00017969018847793574,21,210,5515.643936010327,191.4827271247653,5707.126663135086,0.03355151171983599
1384,21,210,1330,12,0.009022556390977444,0.0027952870825500085,0.0002329405902125007,21,210,5371.39532478828,199.04264949096589,5570.437974279244,0.03573195687843915
1385,21,210,1330,15,0.011278195488721804,0.003314522954143141,0.00022096819694287603,21,210,5437.343392324918,188.52308396028187,5625.866476285195,0.033510053030047234
1386,21,210,1330,9,0.006766917293233083,0.0027846498574592405,0.00030940553971769334,21,210,5487.017845108499,214.62610526047177,5701.643950368968,0.03764284601576757
1387,21,210,1330,15,0.011278195488721804,0.0017666226735209003,0.00011777484490139336,21,210,5554.722386930648,207.46274888756108,5762.185135818207,0.03600417966405764
1388,21,210,1330,13,0.009774436090225564,0.005382227283846666,0.0004140174833728205,21,210,5629.6735214751925,218.60670203262774,5848.28022350782,0.037379655843766436
1389,21,210,1330,12,0.009022556390977444,0.00559984281468706,0.0004666535678905883,21,210,5456.969588934062,197.99839538515178,5654.967984319215,0.03501317707442127
1390,21,210,1330,25,0.018796992481203006,0.006661153537595462,0.0002664461415038184,21,210,5543.235816785396,217.06110692535557,5760.296923710743,0.03768227745897625
1391,21,210,1330,18,0.013533834586466165,0.012524732410723419,0.0006958184672624122,21,210,5573.063773700986,235.51125152113184,5808.57502522212,0.04054544367568462
1392,21,210,1330,23,0.017293233082706767,0.005669173954767717,0.0002464858241203355,21,210,5444.291350961501,203.6636575403162,5647.955008501816,0.03605971669989281
1393,21,210,1330,14,0.010526315789473684,0.003025965205184662,0.00021614037179890444,21,210,5483.549075185841,224.86162365959547,5708.410698845434,0.039391283410122414
1394,21,210,1330,22,0.016541353383458645,0.005296991649868759,0.00024077234772130725,21,210,5517.20574367717,197.39347997781672,5714.599223654983,0.03454196388098874
1395,21,210,1330,12,0.009022556390977444,0.007865678601213516,0.0006554732167677928,21,210,5317.60922441012,196.3486197209706,5513.957844131087,0.035609379917541255
1396,21,210,1330,23,0.017293233082706767,0.0124356105459164,0.0005406787193876695,21,210,5337.789328999378,207.04566766524727,5544.834996664625,0.037340275732242904
1397,21,210,1330,18,0.013533834586466165,0.005412579437016807,0.00030069885761204487,21,210,5350.188168778055,230.07505911561492,5580.263227893669,0.04123014447876848
1398,21,210,1330,24,0.01804511278195489,0.012734395203687236,0.0005305998001536348,21,210,5481.325846081335,220.5611175603728,5701.886963641701,0.038682127332019936
1399,21,210,1330,14,0.010526315789473684,0.01036238013122819,0.0007401700093734422,21,210,5413.09314867185,224.7447452408805,5637.837893912731,0.03986364089743361
1400,21,210,1330,10,0.007518796992481203,0.003641839470424162,0.00036418394704241613,21,210,5593.230045724391,197.52028068332015,5790.7503264077095,0.03410961784737347
1401,21,210,1330,17,0.012781954887218045,0.002953113184035733,0.00017371254023739604,21,210,5544.31693918728,220.2086770533419,5764.525616240619,0.03820065894632154
1402,21,210,1330,17,0.012781954887218045,0.015748753266051567,0.0009263972509442098,21,210,5293.183171392828,199.95490823169655,5493.138079624519,0.03640085236039877
1403,21,210,1330,16,0.012030075187969926,0.0013474784562538752,8.42174035158672e-05,21,210,5652.368361305138,204.26603528792023,5856.634396593061,0.034877716697963336
1404,21,210,1330,16,0.012030075187969926,0.02650025331875979,0.0016562658324224871,21,210,5406.142842930869,227.50239457899696,5633.645237509867,0.04038280455862633
1405,21,210,1330,13,0.009774436090225564,0.003646338757348956,0.00028048759671915044,21,210,5429.241502816672,199.27274771066755,5628.514250527338,0.03540414731862811
1406,21,210,1330,24,0.01804511278195489,0.012243131700956342,0.0005101304875398476,21,210,5366.342993676504,223.51849289157303,5589.861486568079,0.03998640993675198
1407,21,210,1330,25,0.018796992481203006,0.009175060826106578,0.00036700243304426305,21,210,5377.274293259308,217.36954736858965,5594.643840627892,0.03885315197190355
1408,21,210,1330,26,0.019548872180451128,0.006562321105875863,0.00025239696561061013,21,210,5372.69775289666,196.24503888930602,5568.942791785968,0.035239191032589136
1409,21,210,1330,22,0.016541353383458645,0.006685392610778863,0.0003038814823081302,21,210,5356.9793868220095,227.21546876050877,5584.194855582515,0.04068902941905075
1410,21,210,1330,20,0.015037593984962405,0.006378292931236654,0.00031891464656183267,21,210,5574.10472495023,230.53745691048957,5804.64218186072,0.0397160496181677
1411,21,210,1330,14,0.010526315789473684,0.010750872543009712,0.0007679194673578364,21,210,5418.500671282445,201.87094849329742,5620.37161977574,0.0359177225546791
1412,21,210,1330,11,0.008270676691729323,0.0012947662263582058,0.0001177060205780187,21,210,5596.688093816215,210.91095504074474,5807.599048856954,0.03631637674475066
1413,21,210,1330,28,0.021052631578947368,0.007434634256547478,0.0002655226520195527,21,210,5361.014534626796,202.31240075121286,5563.326935378007,0.03636536250722186
1414,21,210,1330,13,0.009774436090225564,0.004289139407777284,0.00032993380059825265,21,210,5393.194806842917,205.0773734228096,5598.272180265725,0.03663226203001003
1415,21,210,1330,27,0.02030075187969925,0.00470745002414661,0.00017435000089431892,21,210,5379.245522798336,216.06210475159105,5595.3076275499225,0.03861487502273409
1416,21,210,1330,14,0.010526315789473684,0.0023346934684928427,0.00016676381917806019,21,210,5527.783917181803,201.42142880209104,5729.205345983892,0.035156957490323715
1417,21,210,1330,24,0.01804511278195489,0.009546050397340532,0.00039775209988918885,21,210,5563.561301533327,224.8649179817169,5788.426219515045,0.03884733249663085
1418,21,210,1330,11,0.008270676691729323,0.001963924696434189,0.00017853860876674446,21,210,5633.997821497859,231.67320151359894,5865.671023011453,0.03949645327955287
1419,21,210,1330,15,0.011278195488721804,0.0049135305442190216,0.00032756870294793476,21,210,5573.155134186041,225.49108007638762,5798.646214262429,0.038886849058279625
1420,21,210,1330,29,0.02180451127819549,0.005198310122206249,0.00017925207317952583,21,210,5283.857697621006,185.22870120253165,5469.086398823536,0.03386830773826804
1421,21,210,1330,20,0.015037593984962405,0.007558264807186882,0.0003779132403593441,21,210,5457.217760223406,199.57097681366338,5656.788737037069,0.03527990633749482
1422,21,210,1330,17,0.012781954887218045,0.002181248979679842,0.00012830876351057892,21,210,5307.0351778603235,216.45658051785108,5523.491758378175,0.03918835946292925
1423,21,210,1330,19,0.014285714285714285,0.005041283318959779,0.0002653307009978831,21,210,5439.495532085526,225.29317141633027,5664.788703501857,0.039770798737304824
1424,21,210,1330,6,0.004511278195488722,0.0037484988744681904,0.000624749812411365,21,210,5524.414128596843,219.71562782046328,5744.129756417306,0.038250463888807235
1425,21,210,1330,28,0.021052631578947368,0.008041729378101842,0.00028720462064649437,21,210,5218.508635055591,230.48546142543756,5448.994096481027,0.04229871740442619
1426,21,210,1330,11,0.008270676691729323,0.0049271236953738265,0.00044792033594307515,21,210,5427.331505371746,174.27024462084603,5601.601749992591,0.03111078802077933
1427,21,210,1330,18,0.013533834586466165,0.006199151484705553,0.00034439730470586403,21,210,5356.710038016754,173.95376979699572,5530.663807813749,0.0314526024075506
1428,21,210,1330,10,0.007518796992481203,0.005305747886128691,0.000530574788612869,21,210,5609.582431823857,211.38144897637406,5820.963880800231,0.036313822470809526
1429,21,210,1330,5,0.0037593984962406013,0.0008561116517339875,0.0001712223303467975,21,210,5370.302569005384,203.97832583598935,5574.280894841375,0.036592760516384756
1430,21,210,1330,7,0.005263157894736842,0.0022142033257929305,0.0003163147608275615,21,210,5396.723717695898,188.75488558594697,5585.478603281845,0.033793860650552086
1431,21,210,1330,19,0.014285714285714285,0.007683839848159884,0.0004044126235873623,21,210,5404.307184570347,216.16755630840703,5620.474740878757,0.03846072907973062
1432,21,210,1330,21,0.015789473684210527,0.0037527015258479227,0.0001787000726594249,21,210,5395.725314657918,171.80347011737643,5567.528784775291,0.030858119779673586
1433,21,210,1330,22,0.016541353383458645,0.008242137434782538,0.00037464261067193366,21,210,5574.041660108251,215.42110023997623,5789.462760348228,0.03720916934044135
1434,21,210,1330,12,0.009022556390977444,0.005226313345035895,0.00043552611208632453,21,210,5577.077472672448,200.74913486873464,5777.826607541181,0.03474474893495734
1435,21,210,1330,11,0.008270676691729323,0.002260330490459354,0.00020548459004175948,21,210,5660.864946024716,201.4895576861398,5862.354503710856,0.03437007392824801
1436,21,210,1330,11,0.008270676691729323,0.0029619342614577273,0.00026926675104161154,21,210,5707.114525653701,191.74431014655363,5898.858835800253,0.03250532272154995
1437,21,210,1330,11,0.008270676691729323,0.009041900000763515,0.0008219909091603195,21,210,5526.461720208079,228.48071177520112,5754.94243198328,0.03970165027288755
1438,21,210,1330,18,0.013533834586466165,0.008681375177487021,0.0004822986209715012,21,210,5377.174731723471,193.38259132553566,5570.557323049004,0.03471512455771465
1439,21,210,1330,26,0.019548872180451128,0.0035008162539177843,0.00013464677899683786,21,210,5440.656146022495,233.90831761168076,5674.564463634173,0.0412204882173245
1440,21,210,1330,18,0.013533834586466165,0.0051042891674520485,0.00028357162041400276,21,210,5629.440586719735,200.7376511389706,5830.1782378586995,0.03443079146971281
1441,21,210,1330,24,0.01804511278195489,0.00794272292704004,0.00033094678862666824,21,210,5567.215342015317,212.0944044448784,5779.3097464602,0.036698916263276114
1442,21,210,1330,18,0.013533834586466165,0.009453539442634456,0.0005251966357019142,21,210,5490.467963136538,181.5478097456255,5672.015772882162,0.03200763485419123
1443,21,210,1330,23,0.017293233082706767,0.007163881450854863,0.0003114731065589071,21,210,5605.825791302137,204.76367727952487,5810.58946858166,0.03523974260902428
1444,21,210,1330,9,0.006766917293233083,0.003043727204433845,0.0003381919116037605,21,210,5411.966527591203,186.18854119067296,5598.1550687818735,0.03325891099890281
1445,21,210,1330,33,0.02481203007518797,0.03145811989893534,0.0009532763605737982,21,210,5495.261784465737,217.9369350525895,5713.198719518325,0.038146219963965056
1446,21,210,1330,22,0.016541353383458645,0.005957209626915069,0.0002707822557688668,21,210,5258.375910138706,177.32220646526102,5435.698116603971,0.03262179073624596
1447,21,210,1330,21,0.015789473684210527,0.01264430080793002,0.0006021095622823819,21,210,5467.623782503202,215.22125443277127,5682.845036935969,0.03787209628873015
1448,21,210,1330,8,0.006015037593984963,0.0019183997008841132,0.00023979996261051418,21,210,5432.774326467079,166.05836414936294,5598.83269061644,0.0296594617709642
1449,21,210,1330,31,0.02330827067669173,0.007862027018435233,0.0002536137747882333,21,210,5473.72175148444,212.7083164036952,5686.430067888128,0.03740630129347436
1450,21,210,1330,16,0.012030075187969926,0.0054378911972727635,0.0003398681998295477,21,210,5489.835072996611,224.5225682275165,5714.357641224128,0.03929095487614936
1451,21,210,1330,24,0.01804511278195489,0.005447437262267326,0.00022697655259447196,21,210,5273.27610871622,206.83358115962062,5480.109689875841,0.037742598755227966
1452,21,210,1330,22,0.016541353383458645,0.009622120500350283,0.0004373691136522855,21,210,5483.588877847935,231.7669663112241,5715.355844159154,0.040551624891052046
1453,21,210,1330,25,0.018796992481203006,0.0158851830125208,0.0006354073205008321,21,210,5443.578003242266,196.46198957388822,5640.039992816152,0.034833439093362166
1454,21,210,1330,31,0.02330827067669173,0.011480629957760773,0.00037034290186325076,21,210,5267.877679730458,229.6316192222502,5497.509298952704,0.04177011929129359
1455,21,210,1330,11,0.008270676691729323,0.004814969005990228,0.00043772445509002075,21,210,5410.870986663349,206.74691223906927,5617.617898902412,0.03680330630523378
1456,21,210,1330,19,0.014285714285714285,0.010480803905248455,0.0005516212581709713,21,210,5294.434921504149,216.11332425154774,5510.548245755696,0.039218116712434435
1457,21,210,1330,13,0.009774436090225564,0.010153536087948186,0.000781041237534476,21,210,5331.726558376851,225.46681663869225,5557.193375015542,0.04057206604549039
1458,21,210,1330,19,0.014285714285714285,0.007254489687251762,0.0003818152466974611,21,210,5627.225995177525,192.6790416458938,5819.905036823418,0.03310690473930148
1459,21,210,1330,24,0.01804511278195489,0.007440004809258223,0.0003100002003857593,21,210,5529.395697999281,201.79648989295492,5731.192187892238,0.03521021164135305
1460,21,210,1330,16,0.012030075187969926,0.00418806374087554,0.00026175398380472127,21,210,5484.597236359747,180.8646608419985,5665.461897201745,0.031924080352800574
1461,21,210,1330,24,0.01804511278195489,0.0059926954856524455,0.0002496956452355186,21,210,5387.269845819538,202.5812484407427,5589.851094260275,0.03624090249000649
1462,21,210,1330,16,0.012030075187969926,0.01029253789417696,0.0006432836183860599,21,210,5330.008956615147,215.28136036773293,5545.290316982878,0.03882237864236201
1463,21,210,1330,13,0.009774436090225564,0.007105210553813466,0.0005465546579856513,21,210,5427.9088179219,229.6303795006798,5657.539197422578,0.040588385071250274
1464,21,210,1330,13,0.009774436090225564,0.004590578031591945,0.0003531213870455342,21,210,5425.5801388617665,216.8144749064647,5642.394613768231,0.03842596800610278
1465,21,210,1330,19,0.014285714285714285,0.009016060603922538,0.00047452950546960737,21,210,5391.325707716033,216.64929607214734,5607.975003788177,0.03863235765598119
1466,21,210,1330,22,0.016541353383458645,0.007491385011899293,0.00034051750054087695,21,210,5400.154701565617,243.73994524277836,5643.894646808396,0.04318648034661889
1467,21,210,1330,23,0.017293233082706767,0.005695247576954522,0.0002476194598675879,21,210,5597.049991751939,231.69628799494564,5828.746279746877,0.03975062163882821
1468,21,210,1330,17,0.012781954887218045,0.002138891006644632,0.00012581711803791952,21,210,5477.680566208234,196.60933875771337,5674.2899049659445,0.034649152942581876
1469,21,210,1330,28,0.021052631578947368,0.017275409736394146,0.0006169789191569338,21,210,5362.053171975776,243.9075436451442,5605.960715620914,0.04350860735886
1470,21,210,1330,22,0.016541353383458645,0.005294214598292148,0.0002406461181041885,21,210,5385.2108502060655,223.00766085964608,5608.2185110657065,0.03976443863940474
1471,21,210,1330,9,0.006766917293233083,0.0023076880643376294,0.00025640978492640326,21,210,5464.681798673439,193.53486605496005,5658.216664728398,0.0342042161908358
1472,21,210,1330,20,0.015037593984962405,0.005656874586545917,0.0002828437293272958,21,210,5450.721730630072,210.85821083786482,5661.579941467936,0.037243704587379446
1473,21,210,1330,29,0.02180451127819549,0.011669491516666523,0.0004023962591953973,21,210,5543.359941384546,194.3221979426115,5737.682139327157,0.03386771752493754
1474,21,210,1330,17,0.012781954887218045,0.0029297793166454997,0.00017233995980267644,21,210,5396.551991099965,216.00839353249827,5612.560384632457,0.03848660481657228
1475,21,210,1330,18,0.013533834586466165,0.0027668822947443127,0.0001537156830413507,21,210,5584.765245063916,206.65069989535175,5791.415944959268,0.03568224107184295
1476,21,210,1330,9,0.006766917293233083,0.0021737814506578657,0.00024153127229531842,21,210,5541.394106049466,220.66634786523048,5762.060453914697,0.038296430526915344
1477,21,210,1330,26,0.019548872180451128,0.0051603588464743605,0.00019847534024901387,21,210,5249.263103767264,189.85086654291166,5439.113970310174,0.034904741393401086
1478,21,210,1330,13,0.009774436090225564,0.007336250863077037,0.0005643269894674643,21,210,5483.860902065355,198.37569961922355,5682.2366016845735,0.034911552180071574
1479,21,210,1330,20,0.015037593984962405,0.0076953659919417544,0.00038476829959708777,21,210,5414.94073891604,236.4123441510971,5651.353083067135,0.041832874477343754
1480,21,210,1330,26,0.019548872180451128,0.00782365925631652,0.00030090997139678926,21,210,5347.2096212290235,186.69856040265188,5533.908181631675,0.03373719878879591
1481,21,210,1330,19,0.014285714285714285,0.008499208625853589,0.00044732676978176785,21,210,5459.895116119126,225.91497884033993,5685.810094959463,0.039733120710559115
1482,21,210,1330,11,0.008270676691729323,0.001994825845525827,0.00018134780413871153,21,210,5402.8504853484355,148.57244016297057,5551.422925511405,0.026762947474279104
1483,21,210,1330,14,0.010526315789473684,0.0036049043518515643,0.0002574931679893974,21,210,5647.313623643345,193.09843047302905,5840.412054116374,0.03306246694305269
1484,21,210,1330,22,0.016541353383458645,0.004492344874813996,0.00020419749430972709,21,210,5392.154833899009,201.23015166724525,5593.38498556625,0.03597645293261958
1485,21,210,1330,26,0.019548872180451128,0.011937492551896732,0.00045913432891910515,21,210,5386.70087950034,181.30311496671857,5568.003994467057,0.032561599299655686
1486,21,210,1330,3,0.002255639097744361,0.0012165647741409467,0.0004055215913803156,21,210,5268.957294912494,185.81311393404405,5454.770408846535,0.03406433268624702
1487,21,210,1330,17,0.012781954887218045,0.006032686793142167,0.0003548639290083628,21,210,5342.244932329873,192.04998764957256,5534.294919979446,0.03470179858978058
1488,21,210,1330,15,0.011278195488721804,0.015157017306097304,0.001010467820406487,21,210,5555.904873340702,213.0219952676385,5768.926868608342,0.036925757618249455
1489,21,210,1330,9,0.006766917293233083,0.0028520253642550964,0.0003168917071394551,21,210,5576.005253160185,192.1867529665995,5768.192006126779,0.03331836956232823
1490,21,210,1330,15,0.011278195488721804,0.006075536678871156,0.00040503577859141046,21,210,5550.240942054817,185.8112758357901,5736.052217890608,0.03239358164422723
1491,21,210,1330,14,0.010526315789473684,0.02494028876637976,0.0017814491975985541,21,210,5345.583590016777,217.65380239736908,5563.237392414141,0.03912358704918023
1492,21,210,1330,14,0.010526315789473684,0.004415933569507148,0.00031542382639336775,21,210,5375.475525022277,199.53078882392737,5575.0063138462,0.03579023548876861
1493,21,210,1330,15,0.011278195488721804,0.0036233101935460566,0.00024155401290307043,21,210,5287.06668650184,198.46096816479167,5485.527654666628,0.036179011511492
1494,21,210,1330,13,0.009774436090225564,0.009992145106840239,0.0007686265466800182,21,210,5374.024669344555,211.40465946606759,5585.429328810622,0.03784931238420749
1495,21,210,1330,12,0.009022556390977444,0.0038590867595478962,0.000321590563295658,21,210,5426.491693154472,173.9448462420309,5600.436539396505,0.031059158517092122
1496,21,210,1330,27,0.02030075187969925,0.013537476976801611,0.0005013880361778375,21,210,5533.618883619692,221.00957066434623,5754.628454284033,0.03840553259347537
1497,21,210,1330,11,0.008270676691729323,0.003320508392207799,0.0003018643992916181,21,210,5597.68406628773,171.3518145035536,5769.035880791281,0.0297019845333413
1498,21,210,1330,18,0.013533834586466165,0.003871537426948537,0.00021508541260825207,21,210,5456.384550017865,219.02658855491075,5675.411138572776,0.038592197676447185
1499,21,210,1330,11,0.008270676691729323,0.0032005189292169008,0.00029095626629244554,21,210,5460.0698977870325,183.5910955468837,5643.660993333917,0.03253049674027811
1500,21,210,1330,24,0.01804511278195489,0.007971366679758538,0.00033214027832327244,21,210,5577.465246877544,204.23993356395766,5781.705180441503,0.03532520721652595
1501,21,210,1330,22,0.016541353383458645,0.010208994656959203,0.00046404521167996377,21,210,5505.091967542559,192.1498244624559,5697.241792005012,0.03372681579568931
1502,21,210,1330,17,0.012781954887218045,0.004378890736538462,0.00025758180803167423,21,210,5314.350276752839,198.1686155432514,5512.518892296084,0.035948831997691326
1503,21,210,1330,16,0.012030075187969926,0.00570762607273098,0.0003567266295456862,21,210,5466.771401083458,239.06043292034775,5705.831834003804,0.04189756022875952
1504,21,210,1330,16,0.012030075187969926,0.002989574192882675,0.0001868483870551672,21,210,5454.017426432318,233.07325342670157,5687.090679859015,0.040982862160460494
1505,21,210,1330,30,0.022556390977443608,0.005391922916545061,0.00017973076388483537,21,210,5382.873952671007,220.04758348094367,5602.921536151944,0.03927372212177563
1506,21,210,1330,18,0.013533834586466165,0.004746056203163424,0.00026366978906463466,21,210,5616.286749382913,233.25528598311354,5849.542035366025,0.039875820119398116
1507,21,210,1330,7,0.005263157894736842,0.002717337969217108,0.0003881911384595868,21,210,5507.777563460491,183.5239533872749,5691.301516847762,0.0322463944045128
1508,21,210,1330,29,0.02180451127819549,0.013988507801853931,0.00048236233799496314,21,210,5552.5792297778025,211.97396307695644,5764.553192854758,0.03677196757238723
1509,21,210,1330,14,0.010526315789473684,0.002936049188408363,0.00020971779917202594,21,210,5469.2338224666855,194.43752741176655,5663.67134987845,0.0343306515156356
1510,21,210,1330,19,0.014285714285714285,0.002481956295492262,0.00013062927871011906,21,210,5446.700573041058,217.61500071561835,5664.3155737566785,0.038418587008790556
1511,21,210,1330,13,0.009774436090225564,0.005635451919878608,0.0004334963015291236,21,210,5493.920998111751,191.95795798863364,5685.878956100381,0.033760472122376414
1512,21,210,1330,17,0.012781954887218045,0.004704742742590515,0.0002767495730935597,21,210,5585.556238413272,201.10778780137963,5786.664026214656,0.03475366582374996
1513,21,210,1330,14,0.010526315789473684,0.008471016091929446,0.0006050725779949606,21,210,5536.8722752065205,219.22860894059053,5756.100884147107,0.03808630414111897
1514,21,210,1330,9,0.006766917293233083,0.0007929951741086347,8.811057490095942e-05,21,210,5344.964305063071,215.44058711937726,5560.404892182449,0.038745485499135514
1515,21,210,1330,13,0.009774436090225564,0.010000945774477132,0.0007693035211136256,21,210,5341.511743372992,200.48078093850353,5541.992524311496,0.03617485589506638
1516,21,210,1330,20,0.015037593984962405,0.004387922799306284,0.00021939613996531425,21,210,5369.121839907846,217.65926228585005,5586.781102193694,0.03895969043791324
1517,21,210,1330,13,0.009774436090225564,0.001897414070188226,0.00014595492847601738,21,210,5536.0503100455835,191.7577809162194,5727.808090961802,0.03347838787036243
1518,21,210,1330,19,0.014285714285714285,0.009381712214051286,0.0004937743270553308,21,210,5504.215124296947,187.62189096407673,5691.837015261026,0.03296332808916041
1519,21,210,1330,15,0.011278195488721804,0.0057334965937825295,0.00038223310625216863,21,210,5514.428210412574,203.24475101335165,5717.672961425928,0.03554676043637594
1520,21,210,1330,23,0.017293233082706767,0.0034450815544614217,0.00014978615454180097,21,210,5638.269225948974,197.4594340501049,5835.728659999075,0.03383629458367179
1521,21,210,1330,12,0.009022556390977444,0.0027370175714121633,0.00022808479761768027,21,210,5331.055837501188,173.60357333191226,5504.659410833097,0.03153756851700265
1522,21,210,1330,35,0.02631578947368421,0.009286306622264836,0.00026532304635042397,21,210,5230.984813097008,211.89697920884876,5442.881792305856,0.038931027219512596
1523,21,210,1330,18,0.013533834586466165,0.0027962158160877975,0.00015534532311598876,21,210,5424.761588577811,220.9123242121873,5645.6739127899955,0.039129487041701314
1524,21,210,1330,15,0.011278195488721804,0.0072901594281765585,0.00048601062854510387,21,210,5283.617720378694,173.2084101032478,5456.826130481946,0.0317416032619588
1525,21,210,1330,17,0.012781954887218045,0.0025386082212224947,0.0001493298953660291,21,210,5523.851738606772,185.60646315289563,5709.458201759664,0.032508594790253725
1526,21,210,1330,18,0.013533834586466165,0.014395512622364498,0.0007997507012424722,21,210,5524.427005936724,197.456097722958,5721.883103659681,0.03450893598239822
1527,21,210,1330,33,0.02481203007518797,0.009284099467961611,0.00028133634751398827,21,210,5526.994767886128,198.48772167493829,5725.482489561064,0.03466742270836201
1528,21,210,1330,20,0.015037593984962405,0.002419840863842012,0.00012099204319210061,21,210,5376.344757382085,202.64118196887688,5578.985939350956,0.03632222489387589
1529,21,210,1330,11,0.008270676691729323,0.005258186380286367,0.00047801694366239703,21,210,5452.022811522424,213.34346270140463,5665.36627422383,0.03765748803781151
1530,21,210,1330,12,0.009022556390977444,0.00597150449222887,0.000497625374352406,21,210,5775.0987774967,192.56933981623126,5967.668117312929,0.032268775010722235
1531,21,210,1330,23,0.017293233082706767,0.006740303855469077,0.0002930566893682208,21,210,5471.236389448821,234.55842020962388,5705.794809658442,0.04110880745528683
1532,21,210,1330,24,0.01804511278195489,0.00842410938654761,0.0003510045577728171,21,210,5409.006686823245,193.12141380840487,5602.128100631649,0.03447286644277736
1533,21,210,1330,14,0.010526315789473684,0.0019258442668224254,0.0001375603047730304,21,210,5482.06735028723,178.82355881667968,5660.8909091039095,0.03158929604686315
1534,21,210,1330,14,0.010526315789473684,0.002169679587407431,0.00015497711338624507,21,210,5458.325910228043,174.26066459718237,5632.586574825227,0.030937946941825653
1535,21,210,1330,16,0.012030075187969926,0.005479492254409358,0.0003424682659005848,21,210,5530.299947802314,217.70546859555463,5748.005416397861,0.03787495884650462
1536,21,210,1330,21,0.015789473684210527,0.0056042235203146665,0.00026686778668165076,21,210,5298.58218526577,213.66434712083603,5512.246532386604,0.03876175455242694
1537,21,210,1330,31,0.02330827067669173,0.007750870222776127,0.00025002807170245567,21,210,5531.814078735077,214.36002341030877,5746.174102145382,0.037304825715300846
1538,21,210,1330,15,0.011278195488721804,0.006156389080114397,0.00041042593867429315,21,210,5515.933923814544,195.06426665459864,5710.998190469138,0.034155897121475855
1539,21,210,1330,7,0.005263157894736842,0.0005630559737231449,8.043656767473498e-05,21,210,5402.313231817627,173.29391712623192,5575.60714894386,0.031080725828945378
1540,21,210,1330,16,0.012030075187969926,0.007846777430074886,0.0004904235893796803,21,210,5505.943544177455,203.71616045747146,5709.659704634931,0.035679212246589896
1541,21,210,1330,12,0.009022556390977444,0.0038918866104091184,0.00032432388420075987,21,210,5352.527022714961,184.42203732998215,5536.949060044942,0.03330751923668325
1542,21,210,1330,7,0.005263157894736842,0.002956756403036405,0.0004223937718623436,21,210,5563.847875355829,166.66355197148192,5730.51142732731,0.02908353889265573
1543,21,210,1330,13,0.009774436090225564,0.005025020913815439,0.00038654007029349525,21,210,5299.013375966683,206.91247001587263,5505.925845982555,0.03757995944802781
1544,21,210,1330,20,0.015037593984962405,0.007704814033495231,0.00038524070167476155,21,210,5402.73759087779,247.4782948684782,5650.215885746268,0.043799794534008646
1545,21,210,1330,16,0.012030075187969926,0.0037318614188516885,0.0002332413386782305,21,210,5519.567806792049,190.21234413228206,5709.780150924332,0.03331342698045728
1546,21,210,1330,8,0.006015037593984963,0.003482311608934045,0.00043528895111675565,21,210,5432.126352529878,199.62336872614364,5631.749721256019,0.03544606536272402
1547,21,210,1330,20,0.015037593984962405,0.023105110933234446,0.0011552555466617224,21,210,5427.605332634872,237.03106259546877,5664.6363952303445,0.041844003049348454
1548,21,210,1330,15,0.011278195488721804,0.01355186897162942,0.0009034579314419613,21,210,5450.252576395532,203.44956731223954,5653.702143707765,0.03598519379707098
1549,21,210,1330,29,0.02180451127819549,0.005141739634930047,0.00017730136672172578,21,210,5499.1796415802455,187.0943936848175,5686.274035265062,0.03290280991111189
1550,21,210,1330,17,0.012781954887218045,0.003816447008612029,0.00022449688285953111,21,210,5428.9099545685785,202.022310388339,5630.932264956909,0.03587724037200525
1551,21,210,1330,25,0.018796992481203006,0.007671707172579572,0.00030686828690318287,21,210,5288.73102014333,224.03678882145684,5512.767808964783,0.040639619984925074
1552,21,210,1330,23,0.017293233082706767,0.01096697490603436,0.00047682499591453735,21,210,5302.448767771432,224.0623349118834,5526.5111026833165,0.040543180091159724
1553,21,210,1330,30,0.022556390977443608,0.0059986477619480005,0.0001999549253982667,21,210,5457.539333053623,195.25313603004207,5652.792469083659,0.034541005546890956
1554,21,210,1330,12,0.009022556390977444,0.003007112672947498,0.0002505927227456247,21,210,5489.916664885642,206.0505759332122,5695.96724081885,0.036174817589644435
1555,21,210,1330,10,0.007518796992481203,0.0028870122632805757,0.0002887012263280575,21,210,5631.996766265249,161.89625727900813,5793.893023544257,0.027942569291687144
1556,21,210,1330,16,0.012030075187969926,0.002318005893322539,0.00014487536833265868,21,210,5600.100725676744,245.04482083703977,5845.1455465137815,0.041922791979609776
1557,21,210,1330,11,0.008270676691729323,0.001433452303146768,0.00013031384574061533,21,210,5478.557793512459,188.01281537098924,5666.57060888345,0.033179294558907044
1558,21,210,1330,12,0.009022556390977444,0.0029958007829371143,0.00024965006524475954,21,210,5358.707090096392,194.47120933227785,5553.178299428667,0.03501980286717713
1559,21,210,1330,30,0.022556390977443608,0.01195749845508428,0.00039858328183614274,21,210,5324.384167213375,230.76745811396606,5555.151625327339,0.04154116281216141
1560,21,210,1330,14,0.010526315789473684,0.003167096231646778,0.00022622115940334125,21,210,5412.613913468598,200.7760736058413,5613.389987074437,0.035767348085230924
1561,21,210,1330,11,0.008270676691729323,0.0011759965507193257,0.00010690877733812052,21,210,5381.18417687918,211.5601499474506,5592.744326826632,0.037827609771586244
1562,21,210,1330,9,0.006766917293233083,0.0006445495670074403,7.161661855638225e-05,21,210,5452.553828079692,168.28372423219432,5620.8375523118875,0.029939261305101782
1563,21,210,1330,38,0.02857142857142857,0.007929888492601093,0.00020868127612108143,21,210,5380.271046724394,183.13844208861167,5563.409488813008,0.03291838259557729
1564,21,210,1330,24,0.01804511278195489,0.006533185905461429,0.0002722160793942262,21,210,5492.793751318197,189.58008439327205,5682.373835711465,0.0333628321322044
1565,21,210,1330,16,0.012030075187969926,0.0036017340539845504,0.00022510837837403443,21,210,5524.968491726734,189.79346307263947,5714.761954799369,0.03321108815621746
1566,21,210,1330,11,0.008270676691729323,0.0007916308144156085,7.196643767414622e-05,21,210,5550.156025969736,203.58669182258603,5753.74271779232,0.03538334990075836
1567,21,210,1330,16,0.012030075187969926,0.0036070033885271997,0.00022543771178294995,21,210,5341.201734777891,191.8601924002697,5533.061927178159,0.03467522954295176
1568,21,210,1330,23,0.017293233082706767,0.012116219606528944,0.0005267921568056063,21,210,5548.224575870318,244.96539541790096,5793.189971288218,0.04228506170727707
1569,21,210,1330,12,0.009022556390977444,0.000918282392572071,7.652353271433926e-05,21,210,5427.779417898868,200.67445980254962,5628.453877701418,0.035653567420632803
1570,21,210,1330,8,0.006015037593984963,0.005801146018775825,0.0007251432523469781,21,210,5351.699982081767,216.30807656905782,5568.008058650824,0.03884837706601149
1571,21,210,1330,15,0.011278195488721804,0.005234712086463267,0.00034898080576421775,21,210,5339.1595414256235,194.44904180879968,5533.608583234423,0.035139645112944214
1572,21,210,1330,32,0.02406015037593985,0.007524119606434565,0.00023512873770108013,21,210,5457.355629631938,226.24969999346837,5683.605329625403,0.039807426250052465
1573,21,210,1330,10,0.007518796992481203,0.0032069638158931644,0.0003206963815893164,21,210,5377.376407307505,191.2900954953697,5568.666502802871,0.034351149489574906
1574,21,210,1330,12,0.009022556390977444,0.003429408653152883,0.00028578405442940697,21,210,5668.275797912334,195.0676841858231,5863.343482098155,0.03326901874014373
1575,21,210,1330,18,0.013533834586466165,0.0032042358615063495,0.00017801310341701942,21,210,5571.922671299742,187.35032280101342,5759.272994100751,0.03253020355050319
1576,21,210,1330,13,0.009774436090225564,0.00472646744379395,0.0003635744187533808,21,210,5206.787238913333,187.04468575272017,5393.83192466605,0.03467751468067866
1577,21,210,1330,17,0.012781954887218045,0.008410448611926686,0.0004947322712898052,21,210,5481.446259831871,216.60467159034422,5698.050931422211,0.038013818092756245
1578,21,210,1330,21,0.015789473684210527,0.01033770455718276,0.0004922716455801313,21,210,5619.431425997902,217.14918640130196,5836.580612399199,0.0372048637416215
1579,21,210,1330,30,0.022556390977443608,0.015781327147662668,0.0005260442382554223,21,210,5474.389478351786,205.41006616985305,5679.799544521635,0.03616502036026575
1580,21,210,1330,11,0.008270676691729323,0.01618749250098746,0.0014715902273624965,21,210,5315.412223375063,241.76201209603192,5557.174235471096,0.04350448660631875
1581,21,210,1330,19,0.014285714285714285,0.005877791903360013,0.0003093574685978954,21,210,5302.930762157401,213.57603148545144,5516.506793642848,0.03871581047114339
1582,21,210,1330,26,0.019548872180451128,0.008135842559709179,0.0003129170215272761,21,210,5294.819960348062,206.1541201921092,5500.974080540171,0.03747593011233854
1583,21,210,1330,21,0.015789473684210527,0.003546165504131189,0.0001688650240062471,21,210,5575.7453111018285,169.23484204155608,5744.980153143379,0.02945786365318579
1584,21,210,1330,20,0.015037593984962405,0.006539668475817059,0.0003269834237908529,21,210,5711.727070705203,214.99046449208333,5926.717535197286,0.0362747951484627
1585,21,210,1330,25,0.018796992481203006,0.008327261003389628,0.0003330904401355851,21,210,5588.605531014304,213.57370820825463,5802.179239222558,0.036809222776935734
1586,21,210,1330,17,0.012781954887218045,0.019380794713461585,0.0011400467478506814,21,210,5491.570858954778,229.46737796328387,5721.038236918061,0.040109394214938615
1587,21,210,1330,7,0.005263157894736842,0.0035680846729114106,0.0005097263818444872,21,210,5401.7317354821,194.19218156975876,5595.9239170518595,0.03470243420894586
1588,21,210,1330,7,0.005263157894736842,0.0006504316247879895,9.291880354114132e-05,21,210,5610.7134304575775,198.45353875745656,5809.166969215032,0.03416213371196537
1589,21,210,1330,12,0.009022556390977444,0.004399868203768228,0.00036665568364735234,21,210,5581.037925735728,234.99172962551384,5816.029655361244,0.04040414914475158
1590,21,210,1330,14,0.010526315789473684,0.002109656514490949,0.0001506897510350678,21,210,5480.844230147038,216.79802103863818,5697.642251185675,0.03805047973896969
1591,21,210,1330,20,0.015037593984962405,0.0045017415261590695,0.00022508707630795348,21,210,5529.118087411374,223.01843134425224,5752.136518755627,0.03877140791374999
1592,21,210,1330,29,0.02180451127819549,0.01143255496333578,0.0003942260332184752,21,210,5146.465376338627,218.27389643209182,5364.739272770717,0.04068676693012152
1593,21,210,1330,13,0.009774436090225564,0.005260065047494759,0.00040462038826882764,21,210,5249.358185580445,206.65958052010495,5456.017766100546,0.03787736576008366
1594,21,210,1330,12,0.009022556390977444,0.005259884538466411,0.00043832371153886755,21,210,5339.023072955008,190.24063563648838,5529.263708591494,0.03440614260102809
1595,21,210,1330,24,0.01804511278195489,0.011333263000060337,0.0004722192916691807,21,210,5384.4668030184475,225.12143299855333,5609.588236016994,0.040131543266070005
1596,21,210,1330,14,0.010526315789473684,0.0028135268121538856,0.0002009662008681347,21,210,5494.862827410829,205.97472418046283,5700.8375515912885,0.03613060753204038
1597,21,210,1330,7,0.005263157894736842,0.0014345905212045137,0.00020494150302921625,21,210,5358.883512673654,185.0199106995257,5543.903423373178,0.0333735811340939
1598,21,210,1330,10,0.007518796992481203,0.011720383830016395,0.0011720383830016398,21,210,5317.31816850005,196.10482790625326,5513.4229964063015,0.03556861645371236
1599,21,210,1330,18,0.013533834586466165,0.0074268245502824215,0.0004126013639045789,21,210,5562.88714635418,230.59212383956014,5793.479270193739,0.03980201068913965
1600,21,210,1330,16,0.012030075187969926,0.008752566488474941,0.0005470354055296838,21,210,5686.830454513509,229.3430920839886,5916.173546597494,0.03876544362291202
1601,21,210,1330,31,0.02330827067669173,0.004812240489744233,0.00015523356418529783,21,210,5363.663150318446,201.54633262173138,5565.209482940175,0.03621540810630038
1602,21,210,1330,8,0.006015037593984963,0.0011225035121753609,0.00014031293902192008,21,210,5474.205368563758,208.60524971342443,5682.810618277179,0.036708112187040634
1603,21,210,1330,18,0.013533834586466165,0.004462373207186773,0.00024790962262148734,21,210,5249.808215208623,204.69483582421498,5454.50305103284,0.037527678307092506
1604,21,210,1330,9,0.006766917293233083,0.001362056589791176,0.0001513396210879084,21,210,5503.329477601258,221.53005540056367,5724.859533001822,0.038696155621551945
1605,21,210,1330,7,0.005263157894736842,0.0021660301148154646,0.00030943287354506636,21,210,5513.44632294174,216.71011720221833,5730.156440143952,0.03781923224364433
1606,21,210,1330,22,0.016541353383458645,0.003531877721720497,0.00016053989644184075,21,210,5486.142416184963,177.10940504371035,5663.25182122867,0.03127344688784925
1607,21,210,1330,14,0.010526315789473684,0.005088153216898672,0.0003634395154927623,21,210,5342.258888300466,201.3935844773005,5543.652472777761,0.03632868140025886
1608,21,210,1330,8,0.006015037593984963,0.0024652958901230917,0.00030816198626538646,21,210,5370.453542902104,183.57440858029474,5554.0279514824015,0.03305248194354112
1609,21,210,1330,20,0.015037593984962405,0.006836855792660027,0.00034184278963300137,21,210,5600.874347572531,216.90090305078462,5817.775250623315,0.037282447964545544
1610,21,210,1330,16,0.012030075187969926,0.005253689335302241,0.0003283555834563901,21,210,5582.231592285961,195.67302166390505,5777.904613949863,0.03386574108397058
1611,21,210,1330,13,0.009774436090225564,0.0070993204470002486,0.0005461015728461731,21,210,5313.263299590511,223.47367471548384,5536.736974305993,0.04036198138949798
1612,21,210,1330,16,0.012030075187969926,0.002137312021294438,0.00013358200133090238,21,210,5657.875632952724,211.03072203312362,5868.906354985846,0.035957418515264856
1613,21,210,1330,21,0.015789473684210527,0.00870207402841119,0.00041438447754338993,21,210,5460.529264850572,193.1219675268792,5653.651232377455,0.034158804565252276
1614,21,210,1330,16,0.012030075187969926,0.008673157333180826,0.0005420723333238016,21,210,5452.139823911013,241.94061103873713,5694.08043494975,0.04248984779943177
1615,21,210,1330,15,0.011278195488721804,0.006866084720388025,0.00045773898135920165,21,210,5473.9781390404605,191.07147976567384,5665.049618806131,0.033728121132669056
1616,21,210,1330,29,0.02180451127819549,0.007204304224028636,0.00024842428358719433,21,210,5221.805400681096,150.3314078183285,5372.136808499423,0.027983540475083314
1617,21,210,1330,15,0.011278195488721804,0.008847998111552296,0.000589866540770153,21,210,5471.627009949662,221.20033813637758,5692.827348086035,0.03885597166595023
1618,21,210,1330,13,0.009774436090225564,0.006179785335853405,0.0004753681027579543,21,210,5638.825196775078,233.92638288141967,5872.751579656497,0.039832500950960074
1619,21,210,1330,18,0.013533834586466165,0.005433652144642892,0.0003018695635912717,21,210,5567.298034754348,236.82784353934628,5804.125878293689,0.040803361006527566
1620,21,210,1330,5,0.0037593984962406013,0.0014177886010317067,0.0002835577202063413,21,210,5479.2099066251,187.43965971248895,5666.6495663375845,0.03307768682679158
1621,21,210,1330,9,0.006766917293233083,0.001180288369359397,0.00013114315215104408,21,210,5512.464124996779,182.7652139870192,5695.229338983794,0.03209093139340201
1622,21,210,1330,20,0.015037593984962405,0.00391270497137645,0.0001956352485688225,21,210,5606.231919036029,181.08040171983964,5787.312320755866,0.03128920502016197
1623,21,210,1330,17,0.012781954887218045,0.003239058304293905,0.00019053284142905324,21,210,5562.200862982773,205.27422222842478,5767.475085211195,0.035591696400177515
1624,21,210,1330,22,0.016541353383458645,0.008264490115203837,0.0003756586416001743,21,210,5389.646203296215,217.61523513095972,5607.261438427172,0.03880953965149883
1625,21,210,1330,17,0.012781954887218045,0.008766928471651622,0.0005157016748030366,21,210,5484.845141112932,206.59794402583748,5691.443085138767,0.03629974699479935
1626,21,210,1330,15,0.011278195488721804,0.004189321919581221,0.0002792881279720814,21,210,5280.04595552525,172.66293217166213,5452.708887696912,0.031665532807233845
1627,21,210,1330,26,0.019548872180451128,0.008466581813733476,0.0003256377620666721,21,210,5570.668235625528,221.1027946533337,5791.771030278864,0.03817533419353561
1628,21,210,1330,16,0.012030075187969926,0.004237076476585245,0.0002648172797865778,21,210,5473.008955532974,195.1515581219633,5668.160513654931,0.03442943396748059
1629,21,210,1330,14,0.010526315789473684,0.0018953694481887268,0.00013538353201348049,21,210,5558.352432076682,208.59595580869316,5766.948387885375,0.036170942026616804
1630,21,210,1330,17,0.012781954887218045,0.004990740153661415,0.00029357295021537733,21,210,5452.049204249889,197.73037202909683,5649.779576278981,0.034997891397264856
1631,21,210,1330,21,0.015789473684210527,0.006380661511196442,0.0003038410243426877,21,210,5366.090068046651,195.858402715902,5561.948470762551,0.0352139908784609
1632,21,210,1330,10,0.007518796992481203,0.002212265148362507,0.00022122651483625068,21,210,5378.727847126953,225.75436275497228,5604.482209881924,0.04028103833694362
1633,21,210,1330,14,0.010526315789473684,0.006672615114338282,0.00047661536530987724,21,210,5500.2229286969505,218.3040946281139,5718.527023325059,0.038174882052263194
1634,21,210,1330,20,0.015037593984962405,0.007731034222727778,0.0003865517111363889,21,210,5486.501210827653,194.52387727478808,5681.025088102436,0.03424098191049576
1635,21,210,1330,16,0.012030075187969926,0.005470717309171913,0.0003419198318232446,21,210,5498.8513539189335,218.46831296667324,5717.3196668856035,0.03821166660175213
1636,21,210,1330,7,0.005263157894736842,0.0015953408294573108,0.00022790583277961584,21,210,5463.86172184405,178.485364912862,5642.347086756907,0.03163317714569228
1637,21,210,1330,12,0.009022556390977444,0.0040594765191928825,0.0003382897099327402,21,210,5467.379888193427,212.8005550652332,5680.1804432586605,0.037463696301723776
1638,21,210,1330,17,0.012781954887218045,0.0029444263846239178,0.00017320155203670107,21,210,5328.111094336247,192.50672897877627,5520.61782331502,0.03487050455942988
1639,21,210,1330,15,0.011278195488721804,0.006458152093816685,0.0004305434729211124,21,210,5283.437022208807,164.55402023333448,5447.991042442138,0.030204532083733172
1640,21,210,1330,18,0.013533834586466165,0.004889824560310079,0.0002716569200172266,21,210,5557.691572686048,233.63324305359362,5791.324815739638,0.040341933924794925
1641,21,210,1330,15,0.011278195488721804,0.005898409330781087,0.0003932272887187392,21,210,5431.852143862505,194.83080203402176,5626.682945896523,0.03462622719414281
1642,21,210,1330,14,0.010526315789473684,0.0036726167252129115,0.0002623297660866365,21,210,5547.037806499242,191.62789610077965,5738.665702600018,0.03339241315519717
1643,21,210,1330,9,0.006766917293233083,0.0030380461468508552,0.0003375606829834284,21,210,5393.062986539527,192.89471015082262,5585.957696690348,0.03453207500391773
1644,21,210,1330,12,0.009022556390977444,0.0025994036493975246,0.00021661697078312705,21,210,5410.829571489412,218.77618617473198,5629.605757664143,0.03886172417613616
1645,21,210,1330,17,0.012781954887218045,0.005110526483272954,0.0003006192048984091,21,210,5415.090782309264,224.535874496368,5639.626656805627,0.03981396077440854
1646,21,210,1330,13,0.009774436090225564,0.003925540526318517,0.0003019646558706552,21,210,5356.781108214962,223.49472460249655,5580.275832817454,0.040050838219883325
1647,21,210,1330,24,0.01804511278195489,0.0035443683246229995,0.00014768201352595832,21,210,5448.684715216998,222.5040931238274,5671.188808340825,0.03923411839094168
1648,21,210,1330,17,0.012781954887218045,0.002383229408537791,0.00014018996520810534,21,210,5406.701793286131,178.99462032171996,5585.696413607848,0.03204517522392626
1649,21,210,1330,19,0.014285714285714285,0.004775316061462779,0.0002513324242875146,21,210,5389.602220087106,183.0779529319574,5572.68017301906,0.032852765141332875
1650,21,210,1330,22,0.016541353383458645,0.00999841600214089,0.0004544734546427677,21,210,5379.341214291669,224.8367760049171,5604.17799029658,0.04011949234913905
1651,21,210,1330,9,0.006766917293233083,0.0012126893516806849,0.00013474326129785387,21,210,5354.921302807712,204.78782156400388,5559.70912437171,0.036834269020710055
1652,21,210,1330,11,0.008270676691729323,0.005586741975844631,0.0005078856341676937,21,210,5460.295737081537,197.1875615724483,5657.483298653987,0.03485428964843124
1653,21,210,1330,10,0.007518796992481203,0.0006728888022096155,6.728888022096156e-05,21,210,5407.835519928918,183.55290626802957,5591.388426196945,0.0328277866384746
1654,21,210,1330,18,0.013533834586466165,0.007382370445963889,0.00041013169144243835,21,210,5412.732865353766,224.43618912960102,5637.169054483364,0.03981363463831229
1655,21,210,1330,17,0.012781954887218045,0.004667142187843888,0.0002745377757555228,21,210,5550.4486460345715,201.78392742704648,5752.232573461613,0.03507923660075791
1656,21,210,1330,17,0.012781954887218045,0.0060020098253388,0.00035305940149051767,21,210,5464.784877265984,207.03125362260374,5671.816130888585,0.03650175690553792
1657,21,210,1330,29,0.02180451127819549,0.00884888799449887,0.0003051340687758231,21,210,5499.33729319109,229.13626528306094,5728.47355847415,0.039999532675523815
1658,21,210,1330,10,0.007518796992481203,0.0018538891426432475,0.00018538891426432474,21,210,5360.374353748511,199.77958642656606,5560.153940175071,0.03593058547948686
1659,21,210,1330,27,0.02030075187969925,0.0036001278997531715,0.00013333807036122858,21,210,5492.19766196777,215.33090452888862,5707.528566496659,0.03772752111884058
1660,21,210,1330,7,0.005263157894736842,0.00330403501862133,0.00047200500266019,21,210,5514.334175691361,215.78386911987536,5730.118044811234,0.037657840105977065
1661,21,210,1330,14,0.010526315789473684,0.002834560173719377,0.00020246858383709835,21,210,5256.202606593333,206.60487655799608,5462.807483151324,0.037820274134722415
1662,21,210,1330,11,0.008270676691729323,0.002497702242978678,0.00022706384027078888,21,210,5385.779641906061,186.5850369691373,5572.364678875196,0.03348399606301435
1663,21,210,1330,17,0.012781954887218045,0.009617148735612554,0.0005657146315066207,21,210,5558.455892785323,220.09621217446767,5778.552104959792,0.03808847063705747
1664,21,210,1330,31,0.02330827067669173,0.0073306492904518595,0.00023647255775651157,21,210,5495.241595662999,197.5802315287767,5692.821827191772,0.034706905911763196
1665,21,210,1330,6,0.004511278195488722,0.003074257088293749,0.0005123761813822915,21,210,5429.323631017012,187.87046106204468,5617.194092079054,0.0334456061126614
1666,21,210,1330,25,0.018796992481203006,0.005601886192916438,0.0002240754477166575,21,210,5386.941074365772,201.57686558251618,5588.517939948285,0.036069825264689326
1667,21,210,1330,7,0.005263157894736842,0.001251261832031482,0.0001787516902902117,21,210,5551.538425490691,185.77210101569142,5737.3105265063805,0.03237964899362238
1668,21,210,1330,20,0.015037593984962405,0.009498420705776695,0.00047492103528883474,21,210,5594.914606683733,205.61474498215276,5800.529351665882,0.0354475828870862
1669,21,210,1330,7,0.005263157894736842,0.0027306162948080776,0.0003900880421154396,21,210,5575.370591495421,213.73815215502594,5789.108743650442,0.03692073540498894
1670,21,210,1330,19,0.014285714285714285,0.006154303124630457,0.00032391069077002403,21,210,5440.464313163939,221.83074000357556,5662.295053167512,0.03917682457742686
1671,21,210,1330,20,0.015037593984962405,0.00911764498153478,0.000455882249076739,21,210,5469.146283212301,215.08728209634154,5684.233565308641,0.03783927588919594
1672,21,210,1330,19,0.014285714285714285,0.0038826170031713383,0.00020434826332480727,21,210,5443.830958704892,178.71743528563454,5622.5483939905225,0.03178584207059042
1673,21,210,1330,27,0.02030075187969925,0.006964446603580817,0.00025794246679928953,21,210,5458.320205503725,201.6126431568993,5659.932848660619,0.03562103094643772
1674,21,210,1330,20,0.015037593984962405,0.007691647426684365,0.00038458237133421827,21,210,5527.203665514335,243.29146916183345,5770.495134676166,0.04216128139504734
1675,21,210,1330,19,0.014285714285714285,0.010679828890553772,0.0005620962573975669,21,210,5433.57699575904,215.4969351471219,5649.073930906158,0.038147303041678265
1676,21,210,1330,14,0.010526315789473684,0.009343317252066484,0.0006673798037190344,21,210,5482.372151469752,206.4940178050365,5688.866169274788,0.03629792152965345
1677,21,210,1330,11,0.008270676691729323,0.0009641327631437832,8.76484330130712e-05,21,210,5492.544760249897,196.81296729392892,5689.357727543827,0.0345931784779678
1678,21,210,1330,10,0.007518796992481203,0.0018287015816281253,0.00018287015816281253,21,210,5637.020855631761,218.64310641124086,5855.663962043,0.0373387386688354
1679,21,210,1330,14,0.010526315789473684,0.0029425411290816715,0.00021018150922011932,21,210,5594.441447561592,178.0330212371643,5772.474468798755,0.030841716528927803
1680,21,210,1330,21,0.015789473684210527,0.011482339892904226,0.0005467780901382965,21,210,5550.4912353223535,227.16794197972024,5777.659177302073,0.03931833550725265
1681,21,210,1330,10,0.007518796992481203,0.006938082402793447,0.0006938082402793447,21,210,5584.524968526293,212.93059472502523,5797.455563251318,0.036728284055291646
1682,21,210,1330,19,0.014285714285714285,0.00205248673840955,0.00010802561781102895,21,210,5578.197603564255,211.93520161877203,5790.132805183019,0.036602822206264235
1683,21,210,1330,9,0.006766917293233083,0.0022784188862180832,0.0002531576540242314,21,210,5418.51589609114,189.3008973951858,5607.816793486318,0.03375661230856644
1684,21,210,1330,23,0.017293233082706767,0.013843249015675354,0.0006018803919858847,21,210,5403.899242000688,204.25533633643445,5608.15457833712,0.03642113167233675
1685,21,210,1330,11,0.008270676691729323,0.0059518651922653085,0.0005410786538423008,21,210,5593.709089606708,216.6550853020658,5810.364174908769,0.03728769467457134
1686,21,210,1330,15,0.011278195488721804,0.004720391863981361,0.00031469279093209075,21,210,5418.28771882394,181.52147472584505,5599.809193549783,0.03241565354314805
1687,21,210,1330,20,0.015037593984962405,0.003609939843668408,0.00018049699218342037,21,210,5321.134709414231,193.03742295426292,5514.172132368491,0.03500750762224537
1688,21,210,1330,14,0.010526315789473684,0.005202380840810421,0.0003715986314864586,21,210,5626.19976660469,217.040434289083,5843.240200893764,0.03714384944433487
1689,21,210,1330,22,0.016541353383458645,0.005973119276094771,0.0002715054216406714,21,210,5208.932101234817,199.5932589990287,5408.525360233843,0.03690345255040074
1690,21,210,1330,18,0.013533834586466165,0.004913746023824947,0.0002729858902124971,21,210,5423.747858906502,185.8539622352132,5609.60182114171,0.03313140008168828
1691,21,210,1330,13,0.009774436090225564,0.004269527262659459,0.0003284251740507276,21,210,5572.744632087953,190.2087776607898,5762.953409748736,0.03300543386990228
1692,21,210,1330,22,0.016541353383458645,0.010026825916550502,0.00045576481438865915,21,210,5459.709340397192,195.102766134491,5654.812106531685,0.03450207760380478
1693,21,210,1330,20,0.015037593984962405,0.0036160345517189467,0.0001808017275859473,21,210,5535.311316304806,204.71049794075017,5740.021814245554,0.03566371427939539
1694,21,210,1330,30,0.022556390977443608,0.007084550153523955,0.00023615167178413186,21,210,5419.058978137839,209.91871812275872,5628.977696260597,0.03729251197108321
1695,21,210,1330,17,0.012781954887218045,0.004200464624552117,0.0002470861543854186,21,210,5452.40034381986,210.73511345663638,5663.135457276494,0.03721173809923006
1696,21,210,1330,23,0.017293233082706767,0.008773189020173863,0.00038144300087712457,21,210,5241.868326861134,216.41087856468073,5458.279205425816,0.03964818771996071
1697,21,210,1330,11,0.008270676691729323,0.005030150722956208,0.00045728642935965525,21,210,5455.983553313904,228.8316745758484,5684.815227889747,0.040253141993639205
1698,21,210,1330,6,0.004511278195488722,0.002812400614280954,0.0004687334357134924,21,210,5484.196356461667,220.43086116050014,5704.627217622168,0.038640712662094207
1699,21,210,1330,16,0.012030075187969926,0.0025120846383469135,0.00015700528989668212,21,210,5613.383650023856,220.66871791379873,5834.0523679376565,0.03782426073624796
1700,21,210,1330,10,0.007518796992481203,0.0027208066629018173,0.00027208066629018173,21,210,5489.4833638373875,213.92403619248586,5703.407400029873,0.03750811071139077
1701,21,210,1330,7,0.005263157894736842,0.0021906417480591265,0.00031294882115130376,21,210,5473.7598268923175,195.612885865183,5669.372712757498,0.03450344434491057
1702,21,210,1330,28,0.021052631578947368,0.007038902784030985,0.00025138938514396373,21,210,5508.021234152186,202.08216589792562,5710.103400050106,0.03539028135570231
1703,21,210,1330,15,0.011278195488721804,0.004007858052851835,0.00026719053685678905,21,210,5418.072583157966,202.36153328480742,5620.43411644277,0.03600460909110062
1704,21,210,1330,16,0.012030075187969926,0.005266527723574957,0.0003291579827234348,21,210,5381.674074947083,241.46577626449192,5623.139851211569,0.042941449555529976
1705,21,210,1330,3,0.002255639097744361,0.0011487255108275757,0.000382908503609192,21,210,5434.5205030775705,193.0279494200969,5627.548452497667,0.03430053975535751
1706,21,210,1330,25,0.018796992481203006,0.01346506213363836,0.0005386024853455344,21,210,5461.698114212869,199.98529906100094,5661.6834132738695,0.03532258596306066
1707,21,210,1330,18,0.013533834586466165,0.00343572241755931,0.00019087346764218386,21,210,5565.086406307908,209.09775629448717,5774.1841626023925,0.036212519449717026
1708,21,210,1330,13,0.009774436090225564,0.0007906793274814074,6.082148672933902e-05,21,210,5441.495195207687,197.60106200887122,5639.096257216558,0.035041264237331275
1709,21,210,1330,29,0.02180451127819549,0.011190151175721405,0.0003858672819214278,21,210,5302.593724674671,223.79520927643594,5526.388933951106,0.040495739976164326
1710,21,210,1330,20,0.015037593984962405,0.005767455226255145,0.0002883727613127573,21,210,5537.542211403366,192.59434610330646,5730.136557506672,0.03361077771366572
1711,21,210,1330,12,0.009022556390977444,0.003657671220479206,0.00030480593503993383,21,210,5560.0320715500475,207.1285455161098,5767.160617066156,0.03591516853253158
1712,21,210,1330,26,0.019548872180451128,0.001980085421925952,7.615713161253663e-05,21,210,5612.65432105384,219.32393680084988,5831.978257854691,0.03760712525041696
1713,21,210,1330,10,0.007518796992481203,0.0038034963730990304,0.0003803496373099031,21,210,5471.276894613264,219.92015184340028,5691.19704645666,0.03864216087550906
1714,21,210,1330,17,0.012781954887218045,0.006511828902177913,0.00038304875895164197,21,210,5308.844894454052,223.11247492235628,5531.957369376408,0.040331560788492975
1715,21,210,1330,22,0.016541353383458645,0.0025176701527186147,0.00011443955239630066,21,210,5578.97280165805,211.65516761150252,5790.627969269551,0.0365513323830751
1716,21,210,1330,19,0.014285714285714285,0.012093641618096819,0.0006365074535840432,21,210,5424.172288662986,176.42004726486613,5600.5923359278495,0.0315002479529049
1717,21,210,1330,15,0.011278195488721804,0.007235403608397455,0.00048236024055983034,21,210,5538.702398772603,197.0747534134947,5735.777152186095,0.0343588581258571
1718,21,210,1330,15,0.011278195488721804,0.002460067128277119,0.00016400447521847455,21,210,5345.887943379326,226.30200557080232,5572.189948950128,0.040612758653972396
1719,21,210,1330,17,0.012781954887218045,0.006075571232469235,0.0003573865430864256,21,210,5455.603606449062,208.2687621770168,5663.872368626078,0.0367714433910413
1720,21,210,1330,22,0.016541353383458645,0.01754082872984961,0.0007973103968113459,21,210,5361.36401408551,195.82277196402043,5557.1867860495295,0.03523775239220025
1721,21,210,1330,11,0.008270676691729323,0.001139574456473678,0.00010359767786124347,21,210,5234.391921058653,220.89051546915877,5455.28243652781,0.04049112361077892
1722,21,210,1330,14,0.010526315789473684,0.004065696893401198,0.00029040692095722844,21,210,5509.092668494566,236.78003331900226,5745.872701813561,0.041208715474024986
1723,21,210,1330,8,0.006015037593984963,0.002461031229937875,0.00030762890374223437,21,210,5494.997553527975,208.04892158236456,5703.046475110335,0.0364803131958239
1724,21,210,1330,20,0.015037593984962405,0.006825099183359478,0.00034125495916797387,21,210,5465.4515521560115,192.7806261138664,5658.232178269875,0.03407082283654418
1725,21,210,1330,9,0.006766917293233083,0.00261481788737025,0.00029053532081891665,21,210,5360.372478895963,191.9621772646886,5552.334656160647,0.03457323615241655
1726,21,210,1330,14,0.010526315789473684,0.014432331574261475,0.0010308808267329623,21,210,5450.892401268504,220.6315296068056,5671.523930875308,0.0389016307249813
1727,21,210,1330,20,0.015037593984962405,0.010466210831043052,0.0005233105415521527,21,210,5383.79163746783,230.900543844516,5614.692181312346,0.0411243459816076
1728,21,210,1330,25,0.018796992481203006,0.0071830004607771,0.000287320018431084,21,210,5407.5719296511625,208.53690089740616,5616.108830548566,0.03713191948188027
1729,21,210,1330,8,0.006015037593984963,0.0025866815480620688,0.0003233351935077586,21,210,5366.476151586959,195.2118714730206,5561.68802305998,0.03509939260591916
1730,21,210,1330,17,0.012781954887218045,0.007374018953712846,0.000433765820806638,21,210,5403.3230892822885,220.926568731747,5624.249658014029,0.03928107430596495
1731,21,210,1330,27,0.02030075187969925,0.016525317593768105,0.000612048799769189,21,210,5443.170052835146,198.9621631342605,5642.132215969406,0.03526364776974226
1732,21,210,1330,14,0.010526315789473684,0.005497140778772557,0.0003926529127694683,21,210,5465.484456295169,226.03070315032002,5691.515159445486,0.039713625777699206
1733,21,210,1330,14,0.010526315789473684,0.004665848816909368,0.00033327491549352625,21,210,5467.762071724811,214.52503840181384,5682.287110126619,0.03775329092743319
1734,21,210,1330,19,0.014285714285714285,0.0075515380117901825,0.0003974493690415886,21,210,5191.976739340047,218.4880785837035,5410.4648179237465,0.04038249687159925
1735,21,210,1330,17,0.012781954887218045,0.0032283854145369853,0.00018990502438452858,21,210,5452.895663702446,208.98117302383775,5661.876836726283,0.03691022942573781
1736,21,210,1330,20,0.015037593984962405,0.011208265421211365,0.0005604132710605683,21,210,5210.032265766408,201.31723264555367,5411.349498411959,0.03720277773679804
1737,21,210,1330,19,0.014285714285714285,0.005405292604874295,0.0002844890844670682,21,210,5403.787007238784,193.13725727084972,5596.924264509633,0.03450774892480543
1738,21,210,1330,19,0.014285714285714285,0.02181668949095736,0.0011482468153135453,21,210,5549.134010167392,241.75667484336333,5790.890685010752,0.04174775315119153
1739,21,210,1330,14,0.010526315789473684,0.0032216684467356875,0.00023011917476683483,21,210,5474.154735105778,184.49069873837584,5658.645433844154,0.03260333252812478
1740,21,210,1330,14,0.010526315789473684,0.007591145844849559,0.0005422247032035398,21,210,5608.601329182806,216.282753446371,5824.884082629178,0.03713082533116221
1741,21,210,1330,21,0.015789473684210527,0.014229353191731933,0.0006775882472253302,21,210,5462.590292257983,224.8708489079641,5687.4611411659425,0.039538001812503824
1742,21,210,1330,22,0.016541353383458645,0.008813564716454048,0.0004006165780206386,21,210,5389.289329201709,206.2361530156404,5595.525482217343,0.036857334252352485
1743,21,210,1330,24,0.01804511278195489,0.007478448565577513,0.00031160202356572973,21,210,5505.009111680493,209.91059131774415,5714.91970299824,0.03673027832877826
1744,21,210,1330,24,0.01804511278195489,0.0072873275029251665,0.00030363864595521527,21,210,5511.46014351973,162.53028653856774,5673.990430058294,0.028644793913918873
1745,21,210,1330,16,0.012030075187969926,0.004300644626602202,0.0002687902891626376,21,210,5199.3602667498335,179.75917995150826,5379.119446701339,0.033417956550814795
1746,21,210,1330,10,0.007518796992481203,0.002991741262218131,0.0002991741262218131,21,210,5428.051559888732,144.8148309327591,5572.866390821495,0.02598569941875315
1747,21,210,1330,24,0.01804511278195489,0.0030241999804249717,0.00012600833251770715,21,210,5466.578892189329,186.47182836404846,5653.050720553377,0.032986052590342714
1748,21,210,1330,11,0.008270676691729323,0.006015889397684984,0.0005468990361531803,21,210,5455.370802539309,201.1251039778266,5656.495906517129,0.03555648360782873
1749,21,210,1330,24,0.01804511278195489,0.0070227958756378436,0.0002926164948182435,21,210,5590.612743959089,208.674671614268,5799.287415573354,0.03598281248380532
1750,21,210,1330,19,0.014285714285714285,0.003930515088661117,0.0002068692151926904,21,210,5545.790429261418,223.17395955053968,5768.964388811959,0.03868527252193688
1751,21,210,1330,24,0.01804511278195489,0.004581206412256131,0.00019088360051067212,21,210,5382.098809986817,210.71764504897635,5592.816455035789,0.037676481383408456
1752,21,210,1330,19,0.014285714285714285,0.013772504676840007,0.0007248686672021057,21,210,5295.885076810835,232.79114510844818,5528.6762219192815,0.042106127355679125
1753,21,210,1330,21,0.015789473684210527,0.008483582525620278,0.0004039801202676323,21,210,5377.255402601866,211.10267614667436,5588.358078748537,0.037775438361664346
1754,21,210,1330,18,0.013533834586466165,0.007189084619778592,0.0003993935899876996,21,210,5436.216838779883,199.13376624884756,5635.350605028727,0.03533653541824883
1755,21,210,1330,10,0.007518796992481203,0.007106359032366892,0.000710635903236689,21,210,5338.669801187627,190.01213898252314,5528.681940170149,0.03436843374945085
1756,21,210,1330,13,0.009774436090225564,0.0029114076465489177,0.00022395443434991671,21,210,5467.409710712667,174.03454737290286,5641.444258085574,0.030849289545574903
1757,21,210,1330,17,0.012781954887218045,0.008691404354022866,0.0005112590796484038,21,210,5316.0505073983095,212.72766863550333,5528.778176033813,0.0384764340080846
1758,21,210,1330,29,0.02180451127819549,0.017575057354151272,0.000606036460487975,21,210,5348.614692805059,214.85006939930713,5563.464762204361,0.03861803365034329
1759,21,210,1330,14,0.010526315789473684,0.005971796909060991,0.00042655692207578506,21,210,5365.7194405060245,215.59738300218203,5581.316823508203,0.038628407922319974
1760,21,210,1330,16,0.012030075187969926,0.002628822767424063,0.00016430142296400393,21,210,5407.467362870341,189.84515623733643,5597.3125191076815,0.03391719786759403
1761,21,210,1330,16,0.012030075187969926,0.0061194688277727725,0.0003824668017357983,21,210,5319.265668540014,171.37044434132298,5490.636112881335,0.03121140079548861
1762,21,210,1330,28,0.021052631578947368,0.018390016849311065,0.0006567863160468237,21,210,5491.836240354475,259.0918225235123,5750.928062877991,0.04505217587330636
1763,21,210,1330,18,0.013533834586466165,0.007888550529781166,0.00043825280721006477,21,210,5516.309700013027,239.37150093362598,5755.681200946649,0.04158873512561051
1764,21,210,1330,10,0.007518796992481203,0.001975485727510725,0.0001975485727510725,21,210,5360.142814845654,194.98685499960652,5555.129669845257,0.03510032467073591
1765,21,210,1330,26,0.019548872180451128,0.0022864026441432594,8.793856323627921e-05,21,210,5534.624414744656,193.84255398632376,5728.466968730975,0.03383846935740743
1766,21,210,1330,16,0.012030075187969926,0.00878405509699467,0.0005490034435621668,21,210,5564.568465127173,191.6963290968396,5756.264794224009,0.03330220828082698
1767,21,210,1330,13,0.009774436090225564,0.005687128237763682,0.0004374714029048985,21,210,5662.16098956409,179.9621801739367,5842.123169738024,0.03080424272910471
1768,21,210,1330,17,0.012781954887218045,0.006425682885559295,0.0003779813462093703,21,210,5525.595833333367,205.56906835329,5731.164901686659,0.03586863611144601
1769,21,210,1330,19,0.014285714285714285,0.011387155554646781,0.0005993239765603569,21,210,5592.822885700161,205.88511284200345,5798.707998542161,0.03550534237864099
1770,21,210,1330,20,0.015037593984962405,0.005916282557548252,0.00029581412787741264,21,210,5549.292579042857,206.4721132630115,5755.764692305872,0.035872229721103266
1771,21,210,1330,15,0.011278195488721804,0.0027259569143941774,0.00018173046095961183,21,210,5591.306620248593,204.95852375948402,5796.265144008074,0.03536044654053847
1772,21,210,1330,8,0.006015037593984963,0.0002978472658581434,3.7230908232267925e-05,21,210,5430.319693437997,209.0244135007823,5639.344106938774,0.03706537667094902
1773,21,210,1330,10,0.007518796992481203,0.0016053652527821722,0.0001605365252782172,21,210,5515.798468909153,179.5552162676571,5695.353685176806,0.03152661383172431
1774,21,210,1330,25,0.018796992481203006,0.010987777152042003,0.0004395110860816801,21,210,5314.079807313997,237.46879461739968,5551.54860193139,0.04277523473986772
1775,21,210,1330,24,0.01804511278195489,0.002042239548155505,8.509331450647937e-05,21,210,5521.77203309146,224.62954735622245,5746.4015804476785,0.03909047152578614
1776,21,210,1330,21,0.015789473684210527,0.012237069790393651,0.0005827176090663644,21,210,5286.37679186986,187.18972843735776,5473.566520307213,0.034198858777521796
1777,21,210,1330,18,0.013533834586466165,0.004093578664396422,0.00022742103691091235,21,210,5326.55482466267,182.29394917004683,5508.848773832719,0.033091115159296317
1778,21,210,1330,20,0.015037593984962405,0.006604733461708286,0.00033023667308541426,21,210,5623.622576186337,201.29140708021367,5824.913983266555,0.034556975031471864
1779,21,210,1330,18,0.013533834586466165,0.004901143764141569,0.0002722857646745316,21,210,5460.1902713610325,178.1197410989284,5638.310012459959,0.03159098040109644
1780,21,210,1330,10,0.007518796992481203,0.0021324059820736416,0.00021324059820736416,21,210,5730.906822374569,188.87104734297458,5919.777869717542,0.031905090275285354
1781,21,210,1330,23,0.017293233082706767,0.0033202888740370765,0.000144360385827699,21,210,5422.963646410408,215.39211356250925,5638.355759972916,0.03820122793449697
1782,21,210,1330,12,0.009022556390977444,0.005547338897318507,0.0004622782414432089,21,210,5449.25772161489,199.43300092964566,5648.690722544534,0.03530605776196722
1783,21,210,1330,37,0.027819548872180452,0.012020931659314619,0.00032489004484634104,21,210,5456.661602484452,240.3057185905301,5696.967321074982,0.042181340535614294
1784,21,210,1330,17,0.012781954887218045,0.008365170575137186,0.0004920688573610111,21,210,5462.116100717993,178.7287932809702,5640.844893998959,0.03168475585476773
1785,21,210,1330,22,0.016541353383458645,0.006575592589213836,0.00029889057223699255,21,210,5319.46092418486,190.456234515511,5509.917158700368,0.03456607949445726
1786,21,210,1330,17,0.012781954887218045,0.00510263306800022,0.0003001548863529541,21,210,5484.511422601596,219.0854824986311,5703.5969051002285,0.03841181032669439
1787,21,210,1330,14,0.010526315789473684,0.003886984899801715,0.0002776417785572654,21,210,5360.428069493525,216.351410987186,5576.779480480709,0.03879504501557535
1788,21,210,1330,16,0.012030075187969926,0.007386964367243798,0.0004616852729527374,21,210,5348.396252528484,189.30658575563618,5537.702838284121,0.03418503868551632
1789,21,210,1330,7,0.005263157894736842,0.008171435009207858,0.0011673478584582656,21,210,5707.834864071849,185.92330717837348,5893.75817125022,0.031545798415229906
1790,21,210,1330,11,0.008270676691729323,0.007824970361188427,0.0007113609419262206,21,210,5473.927383716149,241.01384313739925,5714.941226853543,0.04217258473366549
1791,21,210,1330,12,0.009022556390977444,0.0006971525339438438,5.809604449532032e-05,21,210,5482.148357657996,189.0530940917172,5671.201451749712,0.03333563367483436
1792,21,210,1330,14,0.010526315789473684,0.004944364480322115,0.0003531688914515797,21,210,5245.092203401163,200.32766362604104,5445.419867027201,0.036788286030807985
1793,21,210,1330,13,0.009774436090225564,0.002652713735103409,0.0002040549027002622,21,210,5495.56248614469,166.93574192361257,5662.4982280683,0.029480934951314042
1794,21,210,1330,26,0.019548872180451128,0.007860131996348878,0.00030231276909034144,21,210,5385.811318205412,197.07878360983614,5582.89010181525,0.035300494907782067
1795,21,210,1330,18,0.013533834586466165,0.010769988848658013,0.0005983327138143341,21,210,5432.079467447015,190.46509809300787,5622.544565540018,0.03387524916393697
1796,21,210,1330,13,0.009774436090225564,0.007327076233823068,0.0005636212487556206,21,210,5504.03901965345,212.06241219897908,5716.101431852427,0.03709913386373476
1797,21,210,1330,14,0.010526315789473684,0.010041643058952178,0.0007172602184965842,21,210,5596.0609988836895,222.06804560049596,5818.129044484182,0.03816829154228288
1798,21,210,1330,17,0.012781954887218045,0.0024911522745893794,0.0001465383690934929,21,210,5559.908236108313,179.28344418487484,5739.191680293186,0.031238448578130806
1799,21,210,1330,16,0.012030075187969926,0.011792592387215091,0.0007370370242009432,21,210,5336.773758106436,240.89268821801568,5577.666446324448,0.04318879419129811
1800,21,210,1330,19,0.014285714285714285,0.011681068394948427,0.0006147930734183383,21,210,5398.221571566915,222.02245538749185,5620.244026954403,0.03950405966763783
1801,21,210,1330,9,0.006766917293233083,0.004265259813209462,0.00047391775702327346,21,210,5523.515707763342,220.35271427370722,5743.8684220370415,0.038363120127943316
1802,21,210,1330,26,0.019548872180451128,0.004953802022281977,0.00019053084701084529,21,210,5394.844732834507,190.67472160944143,5585.519454443949,0.03413733013815517
1803,21,210,1330,7,0.005263157894736842,0.0014604491737948253,0.00020863559625640358,21,210,5538.301894250113,168.61274585937798,5706.914640109489,0.029545342184431743
1804,21,210,1330,19,0.014285714285714285,0.011573487965889247,0.0006091309455731183,21,210,5618.076872695774,210.85208797596235,5828.928960671732,0.036173384407083856
1805,21,210,1330,17,0.012781954887218045,0.008068065923937284,0.0004745921131727814,21,210,5268.517866918464,181.13959358766857,5449.657460506131,0.03323871177232585
1806,21,210,1330,15,0.011278195488721804,0.005936734173887856,0.0003957822782591905,21,210,5360.198498295885,193.8997037157398,5554.098202011621,0.03491110467681538
1807,21,210,1330,15,0.011278195488721804,0.00523350577282908,0.000348900384855272,21,210,5471.209903843428,244.4137121643424,5715.623616007766,0.04276238755116976
1808,21,210,1330,16,0.012030075187969926,0.002321390224602862,0.00014508688903767887,21,210,5454.777105280592,224.00345198654583,5678.780557267135,0.03944569608344676
1809,21,210,1330,14,0.010526315789473684,0.00383964029003807,0.00027426002071700506,21,210,5571.79383765714,216.636006722133,5788.429844379272,0.03742569445365096
1810,21,210,1330,18,0.013533834586466165,0.005955062986572242,0.00033083683258734676,21,210,5514.830379710694,194.9487470328686,5709.779126743562,0.03414295767059785
1811,21,210,1330,15,0.011278195488721804,0.005523397657177129,0.0003682265104784752,21,210,5427.834075226109,195.5418318098521,5623.375907035958,0.034773032257223016
1812,21,210,1330,10,0.007518796992481203,0.007524013450443534,0.0007524013450443533,21,210,5584.187705838814,231.69909654525281,5815.886802384062,0.039838996943729055
1813,21,210,1330,9,0.006766917293233083,0.0044838804954187815,0.0004982089439354202,21,210,5335.499912327074,213.99112880445261,5549.491041131526,0.03856049630829216
1814,21,210,1330,17,0.012781954887218045,0.010643868081328157,0.0006261098871369505,21,210,5490.044567704142,193.0733702388359,5683.117937942978,0.03397314156544135
1815,21,210,1330,7,0.005263157894736842,0.0031640562504062692,0.0004520080357723242,21,210,5685.489302947678,194.97312122076687,5880.462424168443,0.03315608657227974
1816,21,210,1330,17,0.012781954887218045,0.005667570996649582,0.00033338652921468127,21,210,5447.900236113198,226.40550957878358,5674.305745691978,0.0399001251828339
1817,21,210,1330,25,0.018796992481203006,0.007825213529506268,0.0003130085411802507,21,210,5430.173094802328,201.04853933032098,5631.2216341326475,0.03570247317415124
1818,21,210,1330,14,0.010526315789473684,0.0026495361170866144,0.00018925257979190104,21,210,5460.666793216991,177.5997631587211,5638.266556375709,0.031499000868962575
1819,21,210,1330,13,0.009774436090225564,0.0033537658346565733,0.00025798198728127486,21,210,5495.510117723966,223.5254186448909,5719.035536368858,0.03908446052195929
1820,21,210,1330,2,0.0015037593984962407,0.00015287627359780875,7.643813679890437e-05,21,210,5372.467295644987,201.90402865291406,5574.371324297899,0.036220053689793294
1821,21,210,1330,20,0.015037593984962405,0.007031396801328248,0.00035156984006641246,21,210,5478.612585571882,175.49662264540854,5654.109208217291,0.03103877484190682
1822,21,210,1330,27,0.02030075187969925,0.005716867722478483,0.0002117358415732772,21,210,5328.812001800339,192.54481141391932,5521.356813214254,0.034872734714971175
1823,21,210,1330,14,0.010526315789473684,0.015777976354128698,0.0011269983110091925,21,210,5466.190925867082,222.47264283795812,5688.663568705035,0.03910806820460323
1824,21,210,1330,25,0.018796992481203006,0.0041262585352372354,0.0001650503414094894,21,210,5426.606141151802,203.02935177372046,5629.635492925523,0.03606438676693316
1825,21,210,1330,5,0.0037593984962406013,0.0011319336725881556,0.0002263867345176311,21,210,5530.675013006383,218.1241343477124,5748.79914735409,0.0379425561333283
1826,21,210,1330,15,0.011278195488721804,0.004257098622669203,0.00028380657484461353,21,210,5404.251489801885,196.48694826448022,5600.7384380663625,0.035082328953093676
1827,21,210,1330,15,0.011278195488721804,0.013824571189077718,0.0009216380792718479,21,210,5493.866020291772,195.09421154565436,5688.960231837424,0.03429347430728
1828,21,210,1330,7,0.005263157894736842,0.00081485552669234,0.00011640793238462,21,210,5415.54020765964,191.42825901423845,5606.968466673878,0.03414113351127798
1829,21,210,1330,29,0.02180451127819549,0.012048418164873346,0.00041546269534046025,21,210,5518.270789087397,226.95538401724417,5745.226173104638,0.039503298421861906
1830,21,210,1330,22,0.016541353383458645,0.005699346157249852,0.0002590611889659024,21,210,5537.305495961471,212.6713697038016,5749.976865665274,0.036986473975873194
1831,21,210,1330,22,0.016541353383458645,0.0044308611730564775,0.00020140278059347624,21,210,5333.364902199499,203.40869472390062,5536.7735969233945,0.03673776634770261
1832,21,210,1330,19,0.014285714285714285,0.002074280792432125,0.00010917267328590132,21,210,5447.977164797351,170.45429560297214,5618.43146040032,0.030338413275015203
1833,21,210,1330,19,0.014285714285714285,0.00397811790953692,0.0002093746268177327,21,210,5483.447537066304,193.07587749205584,5676.523414558361,0.0340130504873602
1834,21,210,1330,15,0.011278195488721804,0.0030967689166598237,0.00020645126111065493,21,210,5526.963606484491,200.1821343025498,5727.145740787041,0.03495321113917387
1835,21,210,1330,17,0.012781954887218045,0.00404627193999492,0.00023801599647028948,21,210,5259.833190447188,167.53947695813423,5427.372667405321,0.030869351936031745
1836,21,210,1330,7,0.005263157894736842,0.0022559445365995237,0.0003222777909427892,21,210,5609.66598711335,184.44216213462465,5794.108149247974,0.03183270960493957
1837,21,210,1330,16,0.012030075187969926,0.0008616058459796265,5.385036537372666e-05,21,210,5482.102881475652,190.32425457123276,5672.427136046877,0.033552525225360584
1838,21,210,1330,17,0.012781954887218045,0.006329856953519628,0.0003723445266776252,21,210,5333.876003572355,224.57324804831947,5558.449251620675,0.040402140575960234
1839,21,210,1330,26,0.019548872180451128,0.009876426708617728,0.00037986256571606646,21,210,5234.4733795075945,197.59645123419733,5432.06983074179,0.03637590410122067
1840,21,210,1330,24,0.01804511278195489,0.0043016113772067184,0.00017923380738361328,21,210,5509.110412775171,207.98782075117913,5717.098233526347,0.036379962746046914
1841,21,210,1330,21,0.015789473684210527,0.00916147129283047,0.000436260537753832,21,210,5641.725647682009,227.26100075862377,5868.986648440634,0.0387223577717639
1842,21,210,1330,11,0.008270676691729323,0.004288034559457088,0.000389821323587008,21,210,5445.759312823557,228.38983477440536,5674.149147597958,0.04025093962697293
1843,21,210,1330,16,0.012030075187969926,0.0017985186215082527,0.00011240741384426579,21,210,5464.351405335682,187.30582112081845,5651.657226456498,0.03314175181113316
1844,21,210,1330,17,0.012781954887218045,0.004617444699261789,0.00027161439407422295,21,210,5497.486636285032,198.5411610059937,5696.027797291025,0.034856073051542674
1845,21,210,1330,16,0.012030075187969926,0.005936232070286337,0.00037101450439289607,21,210,5303.454978863385,226.64942600670577,5530.104404870086,0.040984655878667856
1846,21,210,1330,12,0.009022556390977444,0.0021157697774265606,0.00017631414811888001,21,210,5420.131333936167,198.06650249138627,5618.197836427551,0.035254454944101975
1847,21,210,1330,11,0.008270676691729323,0.0019387008816986683,0.00017624553469987894,21,210,5504.711776594648,216.5282540589702,5721.2400306536165,0.03784638520650097
1848,21,210,1330,7,0.005263157894736842,0.0006310844126193467,9.015491608847811e-05,21,210,5277.435969252514,187.74654142652196,5465.182510679037,0.03435320614813189
1849,21,210,1330,23,0.017293233082706767,0.01024207563225508,0.00044530763618500353,21,210,5227.582776387375,217.56043614065518,5445.14321252803,0.03995495208282095
1850,21,210,1330,11,0.008270676691729323,0.0022161866475762706,0.00020147151341602456,21,210,5447.003882116313,218.85741623729734,5665.861298353608,0.03862738685482703
1851,21,210,1330,15,0.011278195488721804,0.002830660375783724,0.00018871069171891495,21,210,5499.148856163349,211.04642449282392,5710.195280656169,0.0369595809109653
1852,21,210,1330,12,0.009022556390977444,0.004627216154773774,0.0003856013462311478,21,210,5394.92766934298,180.13183994521776,5575.059509288198,0.032310299046156066
1853,21,210,1330,12,0.009022556390977444,0.0007714705494729231,6.428921245607692e-05,21,210,5567.594720226666,206.8694132073445,5774.4641334340085,0.03582486762876846
1854,21,210,1330,18,0.013533834586466165,0.008060221212952298,0.0004477900673862387,21,210,5472.621640289082,247.00307890025448,5719.624719189339,0.0431851897680558
1855,21,210,1330,10,0.007518796992481203,0.0022174663214622817,0.0002217466321462282,21,210,5609.719844863535,205.60305256192345,5815.32289742546,0.035355397488409
1856,21,210,1330,6,0.004511278195488722,0.00042985221165511904,7.164203527585318e-05,21,210,5500.041078596732,212.91165845685617,5712.952737053583,0.037268233828705526
1857,21,210,1330,11,0.008270676691729323,0.0018872764389503485,0.00017157058535912262,21,210,5446.805563087544,173.72855240882495,5620.534115496366,0.03090961621064415
1858,21,210,1330,14,0.010526315789473684,0.003779607070590185,0.0002699719336135846,21,210,5475.308535686114,190.5660568301664,5665.874592516279,0.03363400543349016
1859,21,210,1330,22,0.016541353383458645,0.002373075363750647,0.00010786706198866576,21,210,5416.327192996316,199.46609995170593,5615.793292948022,0.03551877527297587
1860,21,210,1330,12,0.009022556390977444,0.002791892491104531,0.00023265770759204422,21,210,5403.290053958474,199.60128761728325,5602.891341575754,0.03562469365346419
1861,21,210,1330,27,0.02030075187969925,0.009187855044301682,0.0003402909275667289,21,210,5497.36439921079,204.82253794683913,5702.186937157622,0.03591999704747269
1862,21,210,1330,12,0.009022556390977444,0.0016621688676845235,0.00013851407230704364,21,210,5419.125683630994,174.2009630885097,5593.326646719504,0.031144428725734953
1863,21,210,1330,28,0.021052631578947368,0.012587504558408022,0.00044955373422885794,21,210,5367.768408435586,203.3278599779071,5571.096268413494,0.03649692092572827
1864,21,210,1330,12,0.009022556390977444,0.003232047215974674,0.0002693372679978895,21,210,5398.197079011974,197.44530945184104,5595.642388463813,0.03528554824355854
1865,21,210,1330,16,0.012030075187969926,0.005228150490470205,0.0003267594056543878,21,210,5459.34751403506,190.8530333620214,5650.20054739708,0.03377809898268887
1866,21,210,1330,12,0.009022556390977444,0.0032691507589415985,0.00027242922991179986,21,210,5455.643297919129,203.94457764966313,5659.587875568791,0.03603523474386668
1867,21,210,1330,28,0.021052631578947368,0.007317378087613929,0.00026133493170049746,21,210,5411.9083662184385,203.66639758822865,5615.574763806668,0.036268130361453495
1868,21,210,1330,20,0.015037593984962405,0.014223515500762366,0.0007111757750381182,21,210,5481.555132319438,226.2093663425804,5707.764498662015,0.03963186750182269
1869,21,210,1330,15,0.011278195488721804,0.002993960226182007,0.00019959734841213384,21,210,5516.028054888688,192.9112132803657,5708.939268169053,0.03379107820536255
1870,21,210,1330,13,0.009774436090225564,0.004095016791387231,0.0003150012916451716,21,210,5482.735835936662,171.35608086674335,5654.091916803396,0.030306560874521726
1871,21,210,1330,13,0.009774436090225564,0.004307047264961231,0.0003313113280739409,21,210,5496.410663751733,195.1087994470603,5691.519463198787,0.03428061710209876
1872,21,210,1330,22,0.016541353383458645,0.010760602585964403,0.0004891182993620184,21,210,5590.266311617919,234.3052083271566,5824.571519945075,0.04022702915138487
1873,21,210,1330,9,0.006766917293233083,0.004975123970907486,0.0005527915523230539,21,210,5240.287990460113,196.81066179482661,5437.098652254937,0.03619773603210289
1874,21,210,1330,14,0.010526315789473684,0.0011798002909160596,8.427144935114712e-05,21,210,5380.999604157103,198.12899737724103,5579.128601534341,0.035512534578025806
1875,21,210,1330,11,0.008270676691729323,0.002390182157588326,0.00021728928705348416,21,210,5244.914992300812,210.27748794976492,5455.192480250573,0.03854630037547387
1876,21,210,1330,20,0.015037593984962405,0.009090818776913001,0.00045454093884565017,21,210,5272.803236570091,208.81415383172435,5481.617390401812,0.038093529511445505
1877,21,210,1330,15,0.011278195488721804,0.010761979707683491,0.0007174653138455661,21,210,5419.377664921889,205.58378868385944,5624.961453605743,0.036548479554837664
1878,21,210,1330,26,0.019548872180451128,0.008467370601663535,0.0003256681000639821,21,210,5148.25514972967,192.73476462275522,5340.989914352417,0.0360859630355853
1879,21,210,1330,27,0.02030075187969925,0.008477832143999258,0.00031399378311108356,21,210,5480.934210361618,205.05727935095348,5685.991489712569,0.03606359237820795
1880,21,210,1330,19,0.014285714285714285,0.013819482561702776,0.0007273411874580408,21,210,5382.537073353904,223.95851193208676,5606.4955852859875,0.039946256716915374
1881,21,210,1330,23,0.017293233082706767,0.014469470167610774,0.0006291073985917727,21,210,5372.981990133435,205.94971410908192,5578.9317042425155,0.036915618442230944
1882,21,210,1330,17,0.012781954887218045,0.005561676799130171,0.000327157458772363,21,210,5526.809021516637,199.21016887045812,5726.019190387092,0.03479034251315372
1883,21,210,1330,25,0.018796992481203006,0.005041073095429897,0.00020164292381719587,21,210,5561.135705163733,183.9049340418693,5745.040639205601,0.03201107626408346
1884,21,210,1330,31,0.02330827067669173,0.004632916892841229,0.00014944893202713637,21,210,5554.014515402108,180.97793834175974,5734.992453743864,0.031556787528746515
1885,21,210,1330,15,0.011278195488721804,0.005443971841605581,0.00036293145610703873,21,210,5378.844352440418,201.0696890015356,5579.914041441955,0.03603454954828935
1886,21,210,1330,20,0.015037593984962405,0.005093348865888719,0.000254667443294436,21,210,5457.333368396669,207.9827901758589,5665.3161585725275,0.03671159461438842
1887,21,210,1330,18,0.013533834586466165,0.0030116550236743995,0.00016731416798191107,21,210,5654.748996767072,194.0759633097672,5848.824960076834,0.03318204333938858
1888,21,210,1330,28,0.021052631578947368,0.013438748374192684,0.00047995529907831014,21,210,5312.231013656947,235.0158009362417,5547.246814593185,0.04236620593804909
1889,21,210,1330,23,0.017293233082706767,0.003940369828982301,0.00017132042734705657,21,210,5274.999917328814,201.94951664628766,5476.949433975098,0.03687262756043291
1890,21,210,1330,22,0.016541353383458645,0.0034958143096766306,0.00015890065043984685,21,210,5539.547179735393,208.36744257672873,5747.9146223121215,0.03625096339599284
1891,21,210,1330,18,0.013533834586466165,0.0028169456055038684,0.00015649697808354824,21,210,5434.508636562987,181.6854184988225,5616.194055061803,0.03235027435262351
1892,21,210,1330,16,0.012030075187969926,0.003171623571003552,0.000198226473187722,21,210,5536.158384487754,192.19159209273326,5728.349976580486,0.033550951474417626
1893,21,210,1330,16,0.012030075187969926,0.0028235022203298627,0.00017646888877061642,21,210,5317.409407746562,191.93308314108825,5509.342490887648,0.03483774760028843
1894,21,210,1330,15,0.011278195488721804,0.0025927678108947196,0.0001728511873929813,21,210,5459.112042834098,206.04676738393817,5665.158810218036,0.036370872253801485
1895,21,210,1330,12,0.009022556390977444,0.013389937585136834,0.001115828132094736,21,210,5511.347741417233,191.20216879684745,5702.549910214076,0.03352924074445666
1896,21,210,1330,14,0.010526315789473684,0.004193877693553456,0.00029956269239667544,21,210,5282.749413367601,177.01616896190956,5459.7655823295045,0.032421935757612236
1897,21,210,1330,10,0.007518796992481203,0.0019079629996294465,0.00019079629996294464,21,210,5494.242299970829,178.20518635423474,5672.447486325062,0.03141592527455663
1898,21,210,1330,19,0.014285714285714285,0.007639887478721181,0.00040209934098532537,21,210,5344.336449892337,204.7724988718561,5549.108948764195,0.03690187032955257
1899,21,210,1330,15,0.011278195488721804,0.0024550684783368943,0.00016367123188912625,21,210,5478.249400651924,169.92624578073617,5648.1756464326645,0.03008515606062287
1900,21,210,1330,17,0.012781954887218045,0.003443746934288559,0.0002025733490757976,21,210,5531.61895634328,198.11852875703926,5729.737485100317,0.03457724359488183
1901,21,210,1330,22,0.016541353383458645,0.008768543405531327,0.0003985701547968786,21,210,5386.786669312965,191.56453665451718,5578.3512059674795,0.03434070921343025
1902,21,210,1330,11,0.008270676691729323,0.0007002774265763047,6.366158423420951e-05,21,210,5304.508642405721,190.30234976053035,5494.810992166247,0.03463310203605502
1903,21,210,1330,15,0.011278195488721804,0.003691002292707729,0.0002460668195138486,21,210,5433.195543260059,212.3210805620501,5645.516623822108,0.03760879556463075
1904,21,210,1330,13,0.009774436090225564,0.0026205902359175046,0.00020158386430134655,21,210,5431.007435979691,188.3413161579166,5619.348752137612,0.03351657362185808
1905,21,210,1330,13,0.009774436090225564,0.003354439480939171,0.0002580338062260901,21,210,5346.786905720639,214.17680771001687,5560.963713430654,0.03851433290110205
1906,21,210,1330,22,0.016541353383458645,0.012962941621853524,0.0005892246191751602,21,210,5508.89454649043,224.8149944584144,5733.709540948844,0.03920934481470278
1907,21,210,1330,25,0.018796992481203006,0.004686160627613813,0.00018744642510455255,21,210,5312.771283185799,192.6841328319233,5505.455416017719,0.034998763639302745
1908,21,210,1330,5,0.0037593984962406013,0.002846879847671355,0.000569375969534271,21,210,5668.9732665744505,215.8910937480265,5884.864360322476,0.03668582324575382
1909,21,210,1330,19,0.014285714285714285,0.007564814396340541,0.0003981481261231864,21,210,5457.334099287846,184.69883588742522,5642.032935175273,0.032736220793026516
1910,21,210,1330,9,0.006766917293233083,0.004808632795777164,0.0005342925328641294,21,210,5490.102357994858,204.69993602480406,5694.802294019659,0.03594504698429438
1911,21,210,1330,15,0.011278195488721804,0.006855476825758988,0.0004570317883839326,21,210,5497.247701354862,216.6070269253084,5713.8547282801665,0.0379090889121197
1912,21,210,1330,31,0.02330827067669173,0.017552407341117533,0.000566206688423146,21,210,5394.640225714113,219.87513453155145,5614.515360245661,0.03916190809422434
1913,21,210,1330,25,0.018796992481203006,0.003385585772633699,0.00013542343090534796,21,210,5440.171007177547,216.44648194252457,5656.6174891200635,0.03826429528933814
1914,21,210,1330,19,0.014285714285714285,0.004473671817310658,0.00023545641143740304,21,210,5630.844370052779,224.03643126661314,5854.880801319386,0.038264900493982214
1915,21,210,1330,15,0.011278195488721804,0.0038806362979656476,0.0002587090865310431,21,210,5435.54179123094,178.3722363795137,5613.9140276104545,0.03177323975790155
1916,21,210,1330,2,0.0015037593984962407,2.5351842277054375e-05,1.2675921138527188e-05,21,210,5653.6742375307085,174.69940948535984,5828.373647016066,0.029973955011412173
1917,21,210,1330,15,0.011278195488721804,0.004127077690942334,0.000275138512729489,21,210,5319.418360727667,217.68867341946662,5537.107034147129,0.03931451425392156
1918,21,210,1330,24,0.01804511278195489,0.007997574901024273,0.000333232287542678,21,210,5294.556560720894,210.20082643556634,5504.75738715646,0.03818530257591385
1919,21,210,1330,24,0.01804511278195489,0.013804945390892146,0.0005752060579538394,21,210,5321.814395175628,210.24531522332188,5532.059710398946,0.03800488899787381
1920,21,210,1330,15,0.011278195488721804,0.003954224871038748,0.0002636149914025832,21,210,5649.762962240063,197.17942491170732,5846.9423871517665,0.03372351082935157
1921,21,210,1330,15,0.011278195488721804,0.00564606714105486,0.000376404476070324,21,210,5411.263488933109,222.05246761668462,5633.315956549793,0.03941771939109979
1922,21,210,1330,11,0.008270676691729323,0.0026538930840497464,0.00024126300764088602,21,210,5482.242848800188,210.27974498713243,5692.5225937873165,0.03693964170061033
1923,21,210,1330,12,0.009022556390977444,0.003740409184588241,0.0003117007653823534,21,210,5395.0426293509845,184.15048550037835,5579.193114851363,0.033006651985245786
1924,21,210,1330,9,0.006766917293233083,0.0022851880953257764,0.00025390978836953076,21,210,5516.400214403668,203.35300679464066,5719.753221198305,0.03555275882200344
1925,21,210,1330,31,0.02330827067669173,0.0058086054988071385,0.00018737437092926254,21,210,5469.742975530071,203.27117610528836,5673.014151635358,0.03583124784673619
1926,21,210,1330,14,0.010526315789473684,0.004956080522475199,0.0003540057516053714,21,210,5342.330206279231,173.33588019530566,5515.666086474537,0.03142610112319131
1927,21,210,1330,13,0.009774436090225564,0.004745586363683692,0.0003650451048987455,21,210,5478.478537579498,208.5291568752948,5687.007694454792,0.03666764106519928
1928,21,210,1330,16,0.012030075187969926,0.004617305240880513,0.00028858157755503206,21,210,5450.056486307907,191.09904456690407,5641.155530874808,0.03387586878627847
1929,21,210,1330,13,0.009774436090225564,0.0038302096793058336,0.00029463151379275645,21,210,5440.972128115342,173.8530933743084,5614.825221489644,0.030963224413276435
1930,21,210,1330,16,0.012030075187969926,0.004261761074854435,0.0002663600671784022,21,210,5384.245777788648,212.86628649568968,5597.112064284338,0.03803144979962222
1931,21,210,1330,14,0.010526315789473684,0.007666023905646516,0.0005475731361176083,21,210,5287.255307123592,199.86454713263424,5487.119854256229,0.03642430864301316
1932,21,210,1330,14,0.010526315789473684,0.002864852663428484,0.00020463233310203456,21,210,5463.565417643898,224.6450776440672,5688.210495287962,0.03949310206261885
1933,21,210,1330,25,0.018796992481203006,0.012921349369078402,0.0005168539747631362,21,210,5466.79059718747,198.3322308526366,5665.122828040103,0.035009343464005936
1934,21,210,1330,22,0.016541353383458645,0.012203355477760693,0.0005546979762618497,21,210,5782.983588005757,246.99050076601134,6029.974088771764,0.04096045805999814
1935,21,210,1330,14,0.010526315789473684,0.0014941534083447573,0.00010672524345319697,21,210,5388.008800311156,202.29566043619315,5590.304460747344,0.036186877093479286
1936,21,210,1330,9,0.006766917293233083,0.002857515315649153,0.00031750170173879477,21,210,5478.531323875943,217.08453278223638,5695.615856658176,0.03811432130354517
1937,21,210,1330,17,0.012781954887218045,0.0077258155409555655,0.0004544597377032686,21,210,5389.287929171289,214.2234256541864,5603.511354825474,0.038230211752798095
1938,21,210,1330,15,0.011278195488721804,0.008571159140026501,0.0005714106093351,21,210,5593.989459162589,172.76847834120474,5766.75793750379,0.029959377559029228
1939,21,210,1330,15,0.011278195488721804,0.01036185948202732,0.0006907906321351547,21,210,5425.581004148742,187.68852986920785,5613.269534017947,0.03343657893706405
1940,21,210,1330,19,0.014285714285714285,0.004399361427121138,0.00023154533826953363,21,210,5363.990314380251,227.13032395997377,5591.120638340226,0.0406233988947517
1941,21,210,1330,25,0.018796992481203006,0.008571198152580348,0.00034284792610321383,21,210,5358.912075131655,215.36866337368878,5574.280738505337,0.038636135041780616
1942,21,210,1330,18,0.013533834586466165,0.016381418157955543,0.0009100787865530857,21,210,5419.917249398524,201.19872706716222,5621.115976465682,0.035793377669049165
1943,21,210,1330,11,0.008270676691729323,0.010094765676720246,0.0009177059706109315,21,210,5371.866527351212,213.32779518124048,5585.194322532452,0.038195232405900045
1944,21,210,1330,21,0.015789473684210527,0.00234978492472184,0.00011189452022484952,21,210,5289.525767444101,191.6622002765503,5481.187967720651,0.0349672737744575
1945,21,210,1330,16,0.012030075187969926,0.0029437590976537915,0.00018398494360336194,21,210,5345.835593988492,175.47994935485343,5521.315543343342,0.03178227144913265
1946,21,210,1330,7,0.005263157894736842,0.0029013483333835254,0.00041447833334050355,21,210,5337.215096833455,218.22037227128885,5555.4354691047465,0.03928051607922914
1947,21,210,1330,11,0.008270676691729323,0.0061826616884158294,0.0005620601534923482,21,210,5527.420991160159,223.44759765792872,5750.868588818088,0.0388545824351468
1948,21,210,1330,28,0.021052631578947368,0.006423730346848434,0.00022941894095887265,21,210,5500.205960264789,217.49331688931682,5717.699277154106,0.038038607199637586
1949,21,210,1330,11,0.008270676691729323,0.00675587012973814,0.0006141700117943765,21,210,5284.100328969756,215.8372674832334,5499.937596452991,0.03924358480402228
1950,21,210,1330,11,0.008270676691729323,0.0027502094060947377,0.0002500190369177034,21,210,5558.661643974143,216.4268040376536,5775.08844801179,0.03747592889458924
1951,21,210,1330,20,0.015037593984962405,0.0037168579718918782,0.00018584289859459392,21,210,5494.092655327841,204.64667426623555,5698.739329594073,0.035910867725338254
1952,21,210,1330,21,0.015789473684210527,0.004264599495376862,0.00020307616644651725,21,210,5456.889900219239,226.69677693415787,5683.586677153395,0.03988621794850469
1953,21,210,1330,15,0.011278195488721804,0.0021211902674587294,0.00014141268449724862,21,210,5198.95969447561,177.88887305680373,5376.848567532411,0.033084225977828126
1954,21,210,1330,6,0.004511278195488722,0.0008940092837358397,0.00014900154728930663,21,210,5501.147166717287,200.7038669136317,5701.851033630916,0.035199773850602384
1955,21,210,1330,12,0.009022556390977444,0.005339630811002993,0.0004449692342502493,21,210,5306.618687882245,208.7616587268713,5515.380346609113,0.037850818186132736
1956,21,210,1330,21,0.015789473684210527,0.004013030245941084,0.00019109667837814682,21,210,5448.015534905021,239.73007376213206,5687.745608667149,0.04214852250016677
1957,21,210,1330,33,0.02481203007518797,0.008018923742569047,0.00024299768916875898,21,210,5436.71725032235,238.61485764657994,5675.332107968932,0.04204421047211184
1958,21,210,1330,29,0.02180451127819549,0.020452956352401852,0.0007052743569793742,21,210,5479.357084092785,209.8365922590002,5689.193676351783,0.036883362422908184
1959,21,210,1330,16,0.012030075187969926,0.0023242828323980507,0.00014526767702487817,21,210,5361.7372052523315,191.3900849616932,5553.127290214019,0.034465279645033486
1960,21,210,1330,26,0.019548872180451128,0.009776245944921425,0.0003760094594200548,21,210,5330.7289360650575,205.25644201087505,5535.985378075933,0.03707676736715176
1961,21,210,1330,12,0.009022556390977444,0.00321965730148188,0.00026830477512349,21,210,5421.598290093694,206.07184243947944,5627.670132533172,0.03661761218877993
1962,21,210,1330,21,0.015789473684210527,0.006492755656675757,0.0003091788407940837,21,210,5215.423136185784,250.26810912497814,5465.691245310758,0.045788921820216884
1963,21,210,1330,8,0.006015037593984963,0.0032743799758553744,0.00040929749698192185,21,210,5453.869579326109,193.0271728290512,5646.8967521551585,0.03418287624178389
1964,21,210,1330,35,0.02631578947368421,0.009412309951367989,0.00026892314146765683,21,210,5352.66575652796,201.86604633701754,5554.531802864971,0.03634258538818647
1965,21,210,1330,20,0.015037593984962405,0.00510229083452472,0.000255114541726236,21,210,5528.8507186228935,236.26827865511606,5765.118997278006,0.04098237673266933
1966,21,210,1330,11,0.008270676691729323,0.002878087623939623,0.00026164432944905664,21,210,5414.540712278158,210.0021143868209,5624.542826664976,0.03733674377786538
1967,21,210,1330,13,0.009774436090225564,0.004438102290241468,0.00034139248386472833,21,210,5454.699239324658,172.60475752814696,5627.303996852803,0.03067272669553308
1968,21,210,1330,20,0.015037593984962405,0.006980388307007166,0.0003490194153503583,21,210,5448.566324023986,192.24115766537705,5640.807481689362,0.034080432329841336
1969,21,210,1330,13,0.009774436090225564,0.0015359994273732758,0.0001181538021056366,21,210,5395.235452315992,195.48378505853162,5590.71923737452,0.03496576679288469
1970,21,210,1330,21,0.015789473684210527,0.004190885951684258,0.0001995659976992504,21,210,5366.078642776738,215.77583520784674,5581.854477984583,0.03865665722008504
1971,21,210,1330,12,0.009022556390977444,0.00216729174549384,0.00018060764545782003,21,210,5474.396723251597,177.66361111109342,5652.060334362692,0.031433424379948026
1972,21,210,1330,17,0.012781954887218045,0.002547451168179279,0.00014985006871642817,21,210,5266.29945187523,155.37415564510982,5421.673607520337,0.028657969271627167
1973,21,210,1330,9,0.006766917293233083,0.0019429040687471706,0.00021587822986079673,21,210,5349.864105846173,197.5895428408097,5547.45364868698,0.03561806106979856
1974,21,210,1330,19,0.014285714285714285,0.009508150446169606,0.0005004289708510319,21,210,5290.382316932221,203.4662061093228,5493.848523041541,0.037035277775856565
1975,21,210,1330,16,0.012030075187969926,0.003991057303182277,0.0002494410814488923,21,210,5323.16183714248,210.17205284502018,5533.3338899874925,0.03798289729548478
1976,21,210,1330,22,0.016541353383458645,0.006538343595263916,0.00029719743614835975,21,210,5478.715742524259,197.13181644704335,5675.8475589713025,0.034731696790456394
1977,21,210,1330,11,0.008270676691729323,0.004254793984287736,0.00038679945311706693,21,210,5521.252069916736,202.8583914769548,5724.110461393684,0.03543928665338223
1978,21,210,1330,18,0.013533834586466165,0.011927834292335519,0.0006626574606853066,21,210,5438.644881180833,221.58389508034753,5660.22877626118,0.039147515734640155
1979,21,210,1330,11,0.008270676691729323,0.002966586444050275,0.00026968967673184324,21,210,5512.460042596751,200.14744974478617,5712.607492341538,0.03503609341497885
1980,21,210,1330,37,0.027819548872180452,0.00935087188048765,0.0002527262670402068,21,210,5466.818396637599,210.27631139889047,5677.094708036488,0.037039422840916075
1981,21,210,1330,22,0.016541353383458645,0.01357329300949498,0.0006169678640679535,21,210,5280.805279427154,239.50951204041064,5520.314791467564,0.04338693010960296
1982,21,210,1330,14,0.010526315789473684,0.004136288092990088,0.00029544914949929194,21,210,5527.984639779348,225.07952069198626,5753.064160471333,0.039123415698799735
1983,21,210,1330,12,0.009022556390977444,0.0029492926396847453,0.0002457743866403954,21,210,5507.410599304692,218.6555004386116,5726.066099743302,0.03818598958339196
1984,21,210,1330,18,0.013533834586466165,0.008561541771712094,0.0004756412095395608,21,210,5213.305590234842,243.9935175490068,5457.299107783849,0.044709573862461424
1985,21,210,1330,11,0.008270676691729323,0.00090651483770327,8.241043979120636e-05,21,210,5443.201194483813,210.74996726559004,5653.951161749399,0.03727481211570662
1986,21,210,1330,21,0.015789473684210527,0.01110934039250617,0.0005290162091669605,21,210,5492.11893560126,229.03064618105128,5721.14958178231,0.04003227723853732
1987,21,210,1330,22,0.016541353383458645,0.005248289114998179,0.00023855859613628087,21,210,5453.468970744786,204.71449091888007,5658.183461663661,0.036180249775550476
1988,21,210,1330,15,0.011278195488721804,0.0023147818161689164,0.0001543187877445944,21,210,5366.475743652001,216.90389246026754,5583.379636112264,0.03884813618213839
1989,21,210,1330,13,0.009774436090225564,0.002981157047464944,0.00022931977288191883,21,210,5623.996181511633,189.05963805558144,5813.055819567207,0.03252327930848207
1990,21,210,1330,12,0.009022556390977444,0.01312523968951996,0.0010937699741266633,21,210,5593.442573720504,224.60140241612564,5818.043976136629,0.0386042806375053
1991,21,210,1330,21,0.015789473684210527,0.004366855670301467,0.0002079455081095937,21,210,5501.820959913337,214.23462878464173,5716.0555886979755,0.03747945160089685
1992,21,210,1330,33,0.02481203007518797,0.010629483722065229,0.00032210556733530996,21,210,5576.234059320543,189.1051279502269,5765.339187270765,0.032800347352979715
1993,21,210,1330,17,0.012781954887218045,0.002644267814621181,0.0001555451655659518,21,210,5485.287710530945,192.2151820435281,5677.5028925744755,0.033855585048652916
1994,21,210,1330,2,0.0015037593984962407,0.0016956384912300984,0.0008478192456150492,21,210,5485.859912351634,232.9380426422066,5718.797954993839,0.040731993764318526
1995,21,210,1330,20,0.015037593984962405,0.0052375737028459175,0.0002618786851422959,21,210,5376.968997003569,187.307704555244,5564.276701558816,0.0336625431482892
1996,21,210,1330,9,0.006766917293233083,0.0016510292858453069,0.00018344769842725634,21,210,5474.030192415899,210.23521005870293,5684.265402474601,0.036985466928968286
1997,21,210,1330,16,0.012030075187969926,0.003933166963352471,0.0002458229352095294,21,210,5296.519068792918,216.43990976950926,5512.9589785624175,0.03926020683468772
1998,21,210,1330,18,0.013533834586466165,0.0104969234368693,0.0005831624131594055,21,210,5447.368054813867,223.13529019386942,5670.503345007734,0.03935017345335241
1999,21,210,1330,12,0.009022556390977444,0.00720775789975948,0.0006006464916466233,21,210,5509.720818976686,206.27389841526875,5715.994717391948,0.03608713944182682
2000,21,210,1330,20,0.015037593984962405,0.004571328278582615,0.00022856641392913075,21,210,5368.028028962228,182.74275438892607,5550.770783351152,0.03292205020193597
2001,21,210,1330,29,0.02180451127819549,0.007321184663011382,0.0002524546435521166,21,210,5318.19256111554,179.44987468808665,5497.642435803624,0.03264124154736072
2002,21,210,1330,16,0.012030075187969926,0.0025754578219255603,0.0001609661138703475,21,210,5595.525147644095,199.94841228046334,5795.473559924559,0.03450078931652759
2003,21,210,1330,32,0.02406015037593985,0.011178410838524647,0.0003493253387038952,21,210,5518.900825075049,215.6730058728674,5734.573830947916,0.03760924738799937
2004,21,210,1330,14,0.010526315789473684,0.006148620367118619,0.00043918716907990135,21,210,5580.627359787836,182.30891548167537,5762.936275269513,0.03163472694709771
2005,21,210,1330,19,0.014285714285714285,0.00642681171506726,0.0003382532481614347,21,210,5432.245908923742,202.4388596870441,5634.684768610781,0.0359272733081313
2006,21,210,1330,10,0.007518796992481203,0.003077987949007834,0.00030779879490078335,21,210,5502.427373593813,211.07493355782088,5713.502307151635,0.03694317814374849
2007,21,210,1330,23,0.017293233082706767,0.017124741954181434,0.0007445539980078885,21,210,5448.8715931779125,221.1478386667617,5670.019431844666,0.03900301248082569
2008,21,210,1330,29,0.02180451127819549,0.012790721629733716,0.0004410593665425419,21,210,5507.240716710242,226.7606140550223,5734.001330765263,0.03954666226503276
2009,21,210,1330,22,0.016541353383458645,0.003030353286273337,0.00013774333119424262,21,210,5395.691670907367,184.56230348592265,5580.253974393288,0.033074176253060084
2010,21,210,1330,20,0.015037593984962405,0.005886262660265455,0.00029431313301327275,21,210,5455.2828600333705,194.82098252791877,5650.103842561286,0.034480956095065886
2011,21,210,1330,15,0.011278195488721804,0.004586377341916314,0.0003057584894610876,21,210,5342.572892970395,251.93243450706896,5594.505327477459,0.04503211986763168
2012,21,210,1330,17,0.012781954887218045,0.006171272478832313,0.00036301602816660666,21,210,5470.609172110667,241.21917926516633,5711.828351375829,0.042231517550253936
2013,21,210,1330,23,0.017293233082706767,0.018238835346909576,0.0007929928411699816,21,210,5460.78567580372,219.34216482195478,5680.127840625669,0.03861570918407254
2014,21,210,1330,20,0.015037593984962405,0.006003587366356336,0.00030017936831781676,21,210,5516.938895493713,210.0747122287935,5727.013607722503,0.03668137123779861
2015,21,210,1330,30,0.022556390977443608,0.011019961499501527,0.00036733204998338424,21,210,5419.075605247886,195.7857820496545,5614.861387297542,0.0348692102164052
2016,21,210,1330,9,0.006766917293233083,0.0039198075172526495,0.0004355341685836278,21,210,5428.5705425911765,190.6276696753814,5619.198212266556,0.03392435405806587
2017,21,210,1330,14,0.010526315789473684,0.004066159648016109,0.00029043997485829346,21,210,5324.970151981237,160.4540095545899,5485.424161535822,0.02925097582785022
2018,21,210,1330,9,0.006766917293233083,0.0024617554748640087,0.000273528386096001,21,210,5456.283639931886,214.23952419945513,5670.5231641313385,0.0377812625040699
2019,21,210,1330,17,0.012781954887218045,0.0007846945962175653,4.615850565985678e-05,21,210,5693.092306740763,182.19381739518693,5875.286124135945,0.031010203340859667
2020,21,210,1330,11,0.008270676691729323,0.005413167741351081,0.0004921061583046438,21,210,5337.221362170823,172.96455097527132,5510.1859131460915,0.031389966455145545
2021,21,210,1330,25,0.018796992481203006,0.007548464768072982,0.0003019385907229193,21,210,5476.215950170337,222.81437620466284,5699.030326374997,0.03909689253160883
2022,21,210,1330,14,0.010526315789473684,0.006950120162649527,0.0004964371544749663,21,210,5426.30398514209,231.92950632133488,5658.233491463424,0.040989737640068566
2023,21,210,1330,17,0.012781954887218045,0.014025263887100495,0.0008250155227706174,21,210,5499.316649981382,215.41825691252123,5714.734906893898,0.037695231786281834
2024,21,210,1330,12,0.009022556390977444,0.002415412193344479,0.00020128434944537325,21,210,5416.338683106202,185.98004908504907,5602.318732191252,0.033196977532962704
2025,21,210,1330,15,0.011278195488721804,0.004287413981527188,0.0002858275987684792,21,210,5448.952961375214,201.7394554405213,5650.692416815734,0.035701723003037755
2026,21,210,1330,19,0.014285714285714285,0.006054701475577659,0.0003186684987146136,21,210,5413.69523048074,199.98109601544627,5613.676326496185,0.03562390925026236
2027,21,210,1330,8,0.006015037593984963,0.000745329068848726,9.316613360609073e-05,21,210,5316.337718671891,189.7508373706758,5506.088556042563,0.03446200246133655
2028,21,210,1330,15,0.011278195488721804,0.006480186955964067,0.0004320124637309378,21,210,5449.120419397049,187.85103341861384,5636.971452815662,0.033324815460043254
2029,21,210,1330,24,0.01804511278195489,0.012117136092384025,0.0005048806705160011,21,210,5484.935697589133,184.05741405647154,5668.993111645606,0.032467390669141775
2030,21,210,1330,20,0.015037593984962405,0.005029306794770234,0.0002514653397385117,21,210,5514.397298154676,188.82859740507647,5703.225895559754,0.03310908613177833
2031,21,210,1330,16,0.012030075187969926,0.0010409190511653705,6.505744069783566e-05,21,210,5391.42927767908,208.39167116664743,5599.820948845725,0.03721398828110792
2032,21,210,1330,13,0.009774436090225564,0.0025719779985376324,0.00019784446142597176,21,210,5458.532916394814,198.497174024044,5657.030090418857,0.03508858373587808
2033,21,210,1330,22,0.016541353383458645,0.006326642658687486,0.0002875746663039767,21,210,5396.0336821897945,189.7392420334846,5585.772924223272,0.03396830565930475
2034,21,210,1330,16,0.012030075187969926,0.0016301569190877625,0.00010188480744298517,21,210,5343.931708286795,172.13807801024802,5516.069786297042,0.031206653410707653
2035,21,210,1330,17,0.012781954887218045,0.013796128630066814,0.0008115369782392244,21,210,5416.769100755141,205.24275986708315,5622.011860622219,0.03650699517456511
2036,21,210,1330,15,0.011278195488721804,0.0010284861286352438,6.856574190901626e-05,21,210,5394.732674676237,176.23430998426522,5570.966984660496,0.031634420105077186
2037,21,210,1330,8,0.006015037593984963,0.0010475642692897003,0.00013094553366121254,21,210,5530.372439489682,190.70355555116436,5721.075995040845,0.033333512038027535
2038,21,210,1330,7,0.005263157894736842,0.002391249559195195,0.00034160707988502797,21,210,5564.872257270387,205.51123708750063,5770.383494357888,0.0356148317158545
2039,21,210,1330,5,0.0037593984962406013,0.0022621003377510684,0.0004524200675502136,21,210,5497.994811568129,228.56998900718338,5726.564800575306,0.03991397931692323
2040,21,210,1330,26,0.019548872180451128,0.04301621899241417,0.0016544699612466988,21,210,5328.524773064088,228.2815557727629,5556.806328836847,0.04108143099897219
2041,21,210,1330,16,0.012030075187969926,0.003294314422118344,0.0002058946513823965,21,210,5403.950095143151,184.17600194767385,5588.126097090826,0.03295845490021346
2042,21,210,1330,16,0.012030075187969926,0.003189151599660202,0.00019932197497876263,21,210,5467.409603499296,201.68080083219823,5669.090404331491,0.035575513256606954
2043,21,210,1330,28,0.021052631578947368,0.007071451944048805,0.0002525518551446002,21,210,5329.198437647365,158.93999517920827,5488.1384328265685,0.028960638862265183
2044,21,210,1330,15,0.011278195488721804,0.0016109845715794715,0.00010739897143863143,21,210,5420.243729465767,189.5918838034312,5609.835613269193,0.03379633502182864
2045,21,210,1330,16,0.012030075187969926,0.003702851011903176,0.00023142818824394853,21,210,5457.394968799372,183.94377595908685,5641.338744758456,0.032606405018665956
2046,21,210,1330,13,0.009774436090225564,0.0020692125491699885,0.00015917019608999912,21,210,5137.72111103226,197.17180397004188,5334.8929150023005,0.036958905663424524
2047,21,210,1330,18,0.013533834586466165,0.018172323172795497,0.0010095735095997497,21,210,5586.714227516469,237.78465226009774,5824.498879776564,0.04082491166505633
2048,21,210,1330,11,0.008270676691729323,0.0008276410694957149,7.524009722688318e-05,21,210,5333.211084382725,230.03708917228386,5563.2481735550045,0.04134942069738486
2049,21,210,1330,12,0.009022556390977444,0.007973357352035285,0.0006644464460029404,21,210,5554.980543599488,226.42782513196008,5781.408368731443,0.039164821214946084
2050,21,210,1330,2,0.0015037593984962407,0.0013449051024985498,0.0006724525512492749,21,210,5401.842133188908,159.82580763387608,5561.667940822783,0.028737028052457182
2051,21,210,1330,13,0.009774436090225564,0.009084413550531028,0.0006988010423485405,21,210,5201.181265396837,178.09850168202732,5379.27976707887,0.03310824299788014
2052,21,210,1330,17,0.012781954887218045,0.0007245499893631346,4.262058760959615e-05,21,210,5571.834539141722,209.97672940533297,5781.811268547054,0.03631677335225424
2053,21,210,1330,20,0.015037593984962405,0.005454930072540267,0.0002727465036270134,21,210,5337.225471531607,196.85305319893638,5534.078524730539,0.03557106252093186
2054,21,210,1330,15,0.011278195488721804,0.0048568705858165855,0.0003237913723877723,21,210,5535.266302694218,211.32756435069848,5746.593867044913,0.03677440397564932
2055,21,210,1330,6,0.004511278195488722,0.010953228649852674,0.001825538108308779,21,210,5489.124328268863,196.49445075997085,5685.6187790288295,0.03455990603603824
2056,21,210,1330,15,0.011278195488721804,0.004136198395203878,0.0002757465596802585,21,210,5512.851715219465,166.2080045572711,5679.059719776735,0.029266817529399983
2057,21,210,1330,19,0.014285714285714285,0.006710171809198664,0.00035316693732624546,21,210,5390.481221839249,207.86925396424314,5598.350475803492,0.03713044670259039
2058,21,210,1330,25,0.018796992481203006,0.03394129946780998,0.0013576519787123994,21,210,5572.658800306705,249.37833191645473,5822.037132223153,0.042833517934164955
2059,21,210,1330,15,0.011278195488721804,0.0012687525328767772,8.458350219178513e-05,21,210,5400.151994035498,236.96004731531923,5637.11204135082,0.04203571715039685
2060,21,210,1330,12,0.009022556390977444,0.0007591721985649893,6.326434988041579e-05,21,210,5314.650794538953,179.18881353286667,5493.839608071818,0.032616316877834166
2061,21,210,1330,31,0.02330827067669173,0.00585098046589618,0.00018874130535148967,21,210,5352.934595510989,188.69955730738172,5541.634152818369,0.034051247719305455
2062,21,210,1330,9,0.006766917293233083,0.004757437021493005,0.0005286041134992227,21,210,5619.204428632496,198.41434141616904,5817.618770048665,0.034105765478769805
2063,21,210,1330,25,0.018796992481203006,0.011236399524034244,0.0004494559809613698,21,210,5474.302598123067,209.88420889634162,5684.186807019405,0.036924227866184045
2064,21,210,1330,19,0.014285714285714285,0.0014267222663496984,7.509064559735254e-05,21,210,5381.365934881028,193.2304496060591,5574.596384487086,0.03466267982087067
2065,21,210,1330,0,0.0,0.0,0.0,21,210,5344.9510967890055,224.4621938514419,5569.413290640447,0.040302664237300695
2066,21,210,1330,15,0.011278195488721804,0.003401310695980708,0.00022675404639871386,21,210,5375.254362346969,181.63861643537234,5556.892978782338,0.03268708199508535
2067,21,210,1330,17,0.012781954887218045,0.0017620172669971436,0.00010364807452924375,21,210,5317.067379361815,150.72576641809093,5467.793145779904,0.027566106178398966
2068,21,210,1330,17,0.012781954887218045,0.008681401607105056,0.0005106706827708856,21,210,5551.8052759230795,217.50636074244937,5769.311636665527,0.03770057407891402
2069,21,210,1330,32,0.02406015037593985,0.014846569801434699,0.00046395530629483433,21,210,5370.514241920496,226.40633699795399,5596.920578918451,0.0404519474245791
2070,21,210,1330,16,0.012030075187969926,0.002098676912050729,0.00013116730700317057,21,210,5389.98428156993,222.5984359551532,5612.582717525083,0.03966060673994127
2071,21,210,1330,12,0.009022556390977444,0.002786965862917742,0.00023224715524314515,21,210,5474.989757852974,237.6657211050994,5712.655478958073,0.04160337026808539
2072,21,210,1330,22,0.016541353383458645,0.020084758967087276,0.0009129435894130581,21,210,5293.9226080712215,192.13769543998924,5486.060303511212,0.035022891621701
2073,21,210,1330,10,0.007518796992481203,0.012845616959672271,0.001284561695967227,21,210,5590.893199828128,224.92545443156894,5815.818654259694,0.0386747709657051
2074,21,210,1330,18,0.013533834586466165,0.006414132506824911,0.0003563406948236062,21,210,5562.659781171455,224.29956471320332,5786.959345884656,0.038759485129736045
2075,21,210,1330,21,0.015789473684210527,0.005585860217607572,0.0002659933436955987,21,210,5576.146319000429,205.2295758296694,5781.3758948300965,0.03549839684584299
2076,21,210,1330,20,0.015037593984962405,0.012038284613987708,0.0006019142306993854,21,210,5524.228790651156,226.4529980635844,5750.681788714735,0.03937846091710043
2077,21,210,1330,8,0.006015037593984963,0.0016693871517222767,0.0002086733939652846,21,210,5445.83732082624,223.2187591399026,5669.056079966142,0.039374942846082374
2078,21,210,1330,13,0.009774436090225564,0.003545919077577496,0.00027276300596749964,21,210,5485.566684013445,189.79511657069398,5675.361800584137,0.033441941366832206
2079,21,210,1330,13,0.009774436090225564,0.009465543911211877,0.0007281187624009136,21,210,5288.451517847314,204.88741598433148,5493.338933831642,0.037297428476968396
2080,21,210,1330,14,0.010526315789473684,0.0009682286800160346,6.915919142971677e-05,21,210,5496.398436897081,177.10174963851688,5673.500186535599,0.031215606559565526
2081,21,210,1330,20,0.015037593984962405,0.004433032804941247,0.00022165164024706235,21,210,5450.975965225254,216.14490287568424,5667.120868100934,0.038140161098789996
2082,21,210,1330,18,0.013533834586466165,0.0035369510205321888,0.00019649727891845491,21,210,5195.573951052876,188.92750523455743,5384.501456287429,0.03508727906721033
2083,21,210,1330,8,0.006015037593984963,0.0009297754309049339,0.00011622192886311674,21,210,5246.022690214586,194.02890186764432,5440.051592082227,0.0356667392915989
2084,21,210,1330,13,0.009774436090225564,0.0033509886023277424,0.00025776835402521096,21,210,5460.073486541791,227.7870919258833,5687.860578467675,0.04004793872553918
2085,21,210,1330,30,0.022556390977443608,0.0050227801938759215,0.00016742600646253068,21,210,5481.668901680901,217.00139230922866,5698.670293990122,0.03807930291002808
2086,21,210,1330,18,0.013533834586466165,0.00939507120965857,0.0005219484005365873,21,210,5405.024913471211,236.95499103471315,5641.979904505922,0.04199855282105329
2087,21,210,1330,27,0.02030075187969925,0.006310272716550027,0.00023371380431666763,21,210,5458.76574851664,206.48526076038144,5665.251009277019,0.03644768085690389
2088,21,210,1330,18,0.013533834586466165,0.0018231918122140077,0.00010128843401188932,21,210,5608.4266099659135,201.17893031478343,5809.605540280692,0.03462867296581782
2089,21,210,1330,13,0.009774436090225564,0.0033439463614090554,0.00025722664318531197,21,210,5434.307561638905,202.46869420670134,5636.7762558456025,0.03591923557312245
2090,21,210,1330,19,0.014285714285714285,0.007716965391002003,0.0004061560732106317,21,210,5554.885763609284,225.23044889905012,5780.116212508328,0.03896642223414908
2091,21,210,1330,13,0.009774436090225564,0.002532182329928533,0.0001947832561483487,21,210,5403.012928550323,215.14357290026243,5618.156501450585,0.03829433602369625
2092,21,210,1330,11,0.008270676691729323,0.0024806596313847276,0.00022551451194406611,21,210,5367.482534559091,232.03921305377065,5599.521747612859,0.041439112751493756
2093,21,210,1330,13,0.009774436090225564,0.00332724218374007,0.0002559417064415438,21,210,5588.658079129773,234.418041394288,5823.076120524057,0.040256736567130975
2094,21,210,1330,25,0.018796992481203006,0.012249685755341409,0.0004899874302136565,21,210,5584.398288994327,210.6841356453648,5795.082424639689,0.03635567541706952
2095,21,210,1330,16,0.012030075187969926,0.003883298052219282,0.00024270612826370513,21,210,5270.109121549318,187.11820329921449,5457.2273248485335,0.03428814527245445
2096,21,210,1330,24,0.01804511278195489,0.009043871550889244,0.00037682798128705193,21,210,5300.989665364945,206.69089790836108,5507.680563273299,0.03752775701746971
2097,21,210,1330,13,0.009774436090225564,0.003954156824052801,0.0003041659095425232,21,210,5225.620576148158,193.70713330176696,5419.32770944992,0.03574375710182488
2098,21,210,1330,6,0.004511278195488722,0.0009163446823455014,0.00015272411372425026,21,210,5391.68074335717,188.55338772451364,5580.234131081684,0.03378951192644027
2099,21,210,1330,19,0.014285714285714285,0.006169374265322061,0.0003247039087011611,21,210,5430.63134617411,194.67777463528256,5625.309120809394,0.03460748030985922
2100,21,210,1330,31,0.02330827067669173,0.011282591983082456,0.0003639545800994341,21,210,5408.075432711734,200.47463698984458,5608.550069701581,0.035744467732016054
2101,21,210,1330,20,0.015037593984962405,0.006632127220800051,0.0003316063610400026,21,210,5442.532213697779,198.78796828692697,5641.3201819847,0.035237845375582
2102,21,210,1330,23,0.017293233082706767,0.003945785670217179,0.00017155589870509474,21,210,5343.136354633459,195.9784917363786,5539.114846369832,0.03538083198704879
2103,21,210,1330,13,0.009774436090225564,0.008726471250259335,0.0006712670192507181,21,210,5627.84383126595,182.44547669926348,5810.289307965215,0.03140041175732032
2104,21,210,1330,19,0.014285714285714285,0.0037496547592438694,0.00019735025048651944,21,210,5393.9023226035315,207.07755592224618,5600.97987852577,0.036971665746592705
2105,21,210,1330,20,0.015037593984962405,0.007965552004824785,0.00039827760024123936,21,210,5327.228425841287,235.21900110552235,5562.44742694681,0.04228696166475635
2106,21,210,1330,14,0.010526315789473684,0.003503464129348323,0.00025024743781059446,21,210,5326.199178238791,195.86024561585316,5522.059423854645,0.03546869574958937
2107,21,210,1330,24,0.01804511278195489,0.0069888289079552005,0.00029120120449813337,21,210,5406.017668125292,202.09465806994328,5608.112326195236,0.03603612879256508
2108,21,210,1330,8,0.006015037593984963,0.0017487834531106285,0.00021859793163882856,21,210,5405.159810635735,173.8715866049247,5579.031397240655,0.031165192346994178
2109,21,210,1330,22,0.016541353383458645,0.02601154853216005,0.0011823431150981842,21,210,5452.768950774482,261.27672064276,5714.045671417245,0.04572534692008438
2110,21,210,1330,11,0.008270676691729323,0.0009402210221669756,8.547463837881596e-05,21,210,5340.836083052238,160.9168317527412,5501.752914804978,0.029248284000490277
2111,21,210,1330,27,0.02030075187969925,0.005858167732798931,0.0002169691752888493,21,210,5419.893799668169,195.024093793875,5614.917893462041,0.034733204918447565
2112,21,210,1330,12,0.009022556390977444,0.0043269786755215645,0.0003605815562934637,21,210,5328.040070682733,201.55599950991385,5529.596070192643,0.036450401973555355
2113,21,210,1330,21,0.015789473684210527,0.007196222533560665,0.00034267726350288883,21,210,5327.48938849693,247.6419486117114,5575.131337108642,0.044419034034836345
2114,21,210,1330,15,0.011278195488721804,0.0018316100526998807,0.0001221073368466587,21,210,5472.5626649504775,183.81183774233688,5656.3745026928145,0.03249640518937176
2115,21,210,1330,12,0.009022556390977444,0.0017821984479545591,0.00014851653732954662,21,210,5432.955903825923,206.02126884323212,5638.977172669153,0.03653521951494512
2116,21,210,1330,14,0.010526315789473684,0.003291665786555848,0.00023511898475398916,21,210,5303.581843764524,173.45121759920858,5477.033061363729,0.03166882793218358
2117,21,210,1330,19,0.014285714285714285,0.006512855238017807,0.0003427818546325162,21,210,5328.746790519474,170.7715389246884,5499.518329444161,0.031052090145856165
2118,21,210,1330,21,0.015789473684210527,0.007146197976167329,0.0003402951417222538,21,210,5467.353739301696,240.56996372567437,5707.923703027369,0.04214666772754528
2119,21,210,1330,15,0.011278195488721804,0.004209151348150661,0.00028061008987671077,21,210,5573.955228327388,216.9195829003673,5790.874811227757,0.03745886242952244
2120,21,210,1330,19,0.014285714285714285,0.005938490934890227,0.00031255215446790663,21,210,5246.183139252674,211.28675071467956,5457.469889967356,0.03871514730719722
2121,21,210,1330,20,0.015037593984962405,0.007025314705831318,0.00035126573529156593,21,210,5334.132513694334,211.55096875203066,5545.683482446368,0.03814696050029692
2122,21,210,1330,28,0.021052631578947368,0.012242904451454524,0.0004372465875519473,21,210,5442.512285975587,220.40246622361752,5662.914752199205,0.038920322107625534
2123,21,210,1330,21,0.015789473684210527,0.005249323358212439,0.00024996777896249707,21,210,5453.0799237608335,241.3620743995322,5694.4419981603605,0.0423855532249703
2124,21,210,1330,20,0.015037593984962405,0.009967283610290133,0.0004983641805145066,21,210,5415.717525841799,220.9903243861755,5636.707850227973,0.03920556648633789
2125,21,210,1330,16,0.012030075187969926,0.003443645189790472,0.00021522782436190447,21,210,5632.510951001583,220.13175808375743,5852.642709085336,0.03761236915112492
2126,21,210,1330,23,0.017293233082706767,0.00490164666603273,0.00021311507243620566,21,210,5464.02617681883,195.07184034337183,5659.098017162199,0.034470482707983245
2127,21,210,1330,22,0.016541353383458645,0.01622994991044861,0.0007377249959294824,21,210,5506.780436284165,235.58724052241956,5742.367676806587,0.04102615049780877
2128,21,210,1330,14,0.010526315789473684,0.005698477103229602,0.00040703407880211443,21,210,5377.227653375692,215.14877407815612,5592.376427453846,0.038471797610396416
2129,21,210,1330,9,0.006766917293233083,0.0023165473783531014,0.0002573941531503446,21,210,5437.204609313202,207.36762683160947,5644.5722361448115,0.03673752733710067
2130,21,210,1330,19,0.014285714285714285,0.0024814396119573244,0.00013060208483985916,21,210,5477.489930081121,205.60861982672958,5683.098549907849,0.03617896434860583
2131,21,210,1330,17,0.012781954887218045,0.004177449467756152,0.0002457323216327148,21,210,5383.695629880764,182.88425591084763,5566.57988579161,0.03285397131866367
2132,21,210,1330,7,0.005263157894736842,0.0014501946936899615,0.00020717067052713738,21,210,5547.327443747479,182.32252093905885,5729.649964686536,0.03182088296191992
2133,21,210,1330,22,0.016541353383458645,0.007180783501370466,0.00032639925006229395,21,210,5294.93916697164,198.00401037709906,5492.943177348738,0.036046979548888955
2134,21,210,1330,22,0.016541353383458645,0.011559716713246378,0.0005254416687839263,21,210,5473.886177235248,236.15150290403182,5710.037680139276,0.04135725824111755
2135,21,210,1330,11,0.008270676691729323,0.005474579283146145,0.0004976890257405586,21,210,5587.34055146593,184.8855493561571,5772.226100822081,0.03203019877025012
2136,21,210,1330,17,0.012781954887218045,0.003187994261828322,0.0001875290742251954,21,210,5462.068041531498,174.16808714355733,5636.236128675049,0.030901488718234428
2137,21,210,1330,11,0.008270676691729323,0.003486545513852434,0.00031695868307749403,21,210,5364.997879364104,207.59531684681303,5572.593196210919,0.03725291072529165
2138,21,210,1330,11,0.008270676691729323,0.004690612548887425,0.00042641932262612957,21,210,5461.7759106499,218.846116014517,5680.622026664415,0.03852502683460891
2139,21,210,1330,14,0.010526315789473684,0.002831998766539747,0.00020228562618141056,21,210,5474.424400482392,186.63034248268823,5661.054742965078,0.032967415253246125
2140,21,210,1330,25,0.018796992481203006,0.010200559073336167,0.0004080223629334466,21,210,5612.200576040026,246.732387485729,5858.93296352575,0.04211217111063377
2141,21,210,1330,12,0.009022556390977444,0.0024773935184723575,0.00020644945987269647,21,210,5379.149447898715,190.28031744244078,5569.429765341155,0.03416513457563733
2142,21,210,1330,19,0.014285714285714285,0.006932005130736428,0.00036484237530191735,21,210,5469.047039994266,205.41456905921564,5674.461609053477,0.036199834136066984
2143,21,210,1330,33,0.02481203007518797,0.010009248153758286,0.00030331055011388743,21,210,5386.928975509376,224.7196510365664,5611.64862654594,0.04004521059524801
2144,21,210,1330,16,0.012030075187969926,0.0022347668823394155,0.00013967293014621347,21,210,5493.302579569219,180.0639513173467,5673.366530886562,0.031738466100692524
2145,21,210,1330,19,0.014285714285714285,0.004199760600596438,0.0002210400316103389,21,210,5363.626247102135,195.98902733654745,5559.615274438681,0.035252264349593006
2146,21,210,1330,7,0.005263157894736842,0.0015887265779788195,0.00022696093971125993,21,210,5266.619735858161,214.7570404166564,5481.376776274808,0.039179397655383794
2147,21,210,1330,10,0.007518796992481203,0.0016666853379503446,0.00016666853379503446,21,210,5558.1405855915855,210.98809513745027,5769.12868072903,0.03657191697634109
2148,21,210,1330,14,0.010526315789473684,0.0033776989270862924,0.00024126420907759236,21,210,5518.573778239794,215.37707308819287,5733.950851327988,0.03756172291541553
2149,21,210,1330,18,0.013533834586466165,0.0061526511956778475,0.00034181395531543597,21,210,5580.0125568189815,219.35059979838047,5799.363156617363,0.03782322194258356
2150,21,210,1330,14,0.010526315789473684,0.002271813721893315,0.00016227240870666533,21,210,5529.229988635849,188.52262176045858,5717.752610396301,0.03297145480160814
2151,21,210,1330,11,0.008270676691729323,0.0013870509493639155,0.00012609554085126504,21,210,5596.666943114678,188.713746054644,5785.380689169318,0.03261907144812973
2152,21,210,1330,9,0.006766917293233083,0.0017177925252652786,0.00019086583614058648,21,210,5503.027484906356,210.19430155731368,5713.221786463671,0.03679085276460416
2153,21,210,1330,14,0.010526315789473684,0.004066085754986948,0.00029043469678478206,21,210,5533.676213825498,192.98110368207614,5726.657317507572,0.03369873435452356
2154,21,210,1330,17,0.012781954887218045,0.003996172594940456,0.00023506897617296801,21,210,5600.249600411127,191.0035135647521,5791.253113975874,0.03298137895299525
2155,21,210,1330,12,0.009022556390977444,0.0031166159789819243,0.0002597179982484937,21,210,5510.83975580588,213.78336129968324,5724.623117105562,0.03734453027324786
2156,21,210,1330,20,0.015037593984962405,0.008107897728545832,0.0004053948864272916,21,210,5477.8266779082705,175.28240366452604,5653.109081572795,0.031006372092816467
2157,21,210,1330,12,0.009022556390977444,0.007667802756463019,0.0006389835630385849,21,210,5424.195916159444,208.47810822857278,5632.6740243880195,0.037012280015835564
2158,21,210,1330,13,0.009774436090225564,0.005857874956372798,0.00045060576587483065,21,210,5457.69172576287,208.37679103463907,5666.068516797504,0.03677625683785675
2159,21,210,1330,12,0.009022556390977444,0.0021992416179043538,0.00018327013482536284,21,210,5288.142663633027,231.7141279122842,5519.856791545313,0.041978286151770725
2160,21,210,1330,25,0.018796992481203006,0.009701613208976634,0.00038806452835906535,21,210,5242.529269072827,244.90241239641796,5487.431681469241,0.04462969684405185
2161,21,210,1330,10,0.007518796992481203,0.007118027588349838,0.0007118027588349839,21,210,5385.084199347077,208.55656769672544,5593.640767043802,0.03728458375902213
2162,21,210,1330,11,0.008270676691729323,0.007201726873668676,0.0006547024430607886,21,210,5187.872431625028,215.5193708781706,5403.391802503191,0.03988594178536683
2163,21,210,1330,9,0.006766917293233083,0.00239134789321802,0.00026570532146866894,21,210,5600.463922700918,178.02453893912775,5778.488461640043,0.030808149937639757
2164,21,210,1330,19,0.014285714285714285,0.014071690111175886,0.0007406152690092571,21,210,5489.660526122292,219.72564582908933,5709.386171951379,0.038484985813105464
2165,21,210,1330,20,0.015037593984962405,0.006452235371719086,0.0003226117685859543,21,210,5589.581735237605,184.07545253971114,5773.657187777318,0.03188195047835436
2166,21,210,1330,24,0.01804511278195489,0.006720362333876657,0.0002800150972448607,21,210,5296.39729854398,252.45370844639677,5548.851006990373,0.04549657363810251
2167,21,210,1330,11,0.008270676691729323,0.0030440715503706702,0.0002767337773064246,21,210,5460.185306432825,198.14393811808048,5658.329244550903,0.03501809978783004
2168,21,210,1330,15,0.011278195488721804,0.004876345591238155,0.0003250897060825436,21,210,5430.6569770489095,240.6189135002864,5671.275890549194,0.04242765087504593
2169,21,210,1330,26,0.019548872180451128,0.004151245734588678,0.00015966329748417991,21,210,5157.900891167852,196.86091362292115,5354.761804790773,0.03676371065596131
2170,21,210,1330,30,0.022556390977443608,0.01452723465776331,0.00048424115525877697,21,210,5291.403623286992,219.99674124880806,5511.400364535797,0.039916668486728146
2171,21,210,1330,9,0.006766917293233083,0.0010670276271743146,0.00011855862524159049,21,210,5363.34419683751,206.23990616593068,5569.584103003442,0.03702967804269518
2172,21,210,1330,23,0.017293233082706767,0.004706789339928478,0.00020464301477949903,21,210,5516.858263543449,189.15144460720788,5706.009708150651,0.033149513281938124
2173,21,210,1330,22,0.016541353383458645,0.0048245779710917565,0.0002192989986859889,21,210,5406.917908148378,206.8556634306527,5613.773571579031,0.036847881517328235
2174,21,210,1330,13,0.009774436090225564,0.005677184820805534,0.0004367065246773487,21,210,5433.104076430859,222.29064675295177,5655.394723183809,0.039305947265129024
2175,21,210,1330,22,0.016541353383458645,0.0068032866089877166,0.0003092403004085325,21,210,5335.749595136561,181.90982900151377,5517.6594241380735,0.0329686584506673
2176,21,210,1330,12,0.009022556390977444,0.0017429861012715304,0.00014524884177262754,21,210,5419.306426604449,162.4861940457243,5581.7926206501725,0.029110037776143276
2177,21,210,1330,25,0.018796992481203006,0.007198966117713607,0.0002879586447085443,21,210,5594.959826870747,230.2426198356851,5825.202446706425,0.03952525632235571
2178,21,210,1330,11,0.008270676691729323,0.0059600404231008415,0.0005418218566455312,21,210,5352.409229181743,187.60789200222092,5540.01712118396,0.03386413577763946
2179,21,210,1330,17,0.012781954887218045,0.004128180135328908,0.00024283412560758283,21,210,5479.344168879372,205.65768340705378,5685.001852286423,0.03617548221630593
2180,21,210,1330,28,0.021052631578947368,0.019577694296190096,0.000699203367721075,21,210,5447.606335998282,238.47214796580937,5686.078483964091,0.041939651138891205
2181,21,210,1330,12,0.009022556390977444,0.0037367356522209176,0.00031139463768507645,21,210,5451.890211032761,199.6993770670491,5651.589588099809,0.035335081211053145
2182,21,210,1330,12,0.009022556390977444,0.0021154498705778183,0.0001762874892148182,21,210,5400.293418394407,167.32572876335368,5567.619147157757,0.0300533718885518
2183,21,210,1330,13,0.009774436090225564,0.004617122844031356,0.00035516329569471966,21,210,5395.18277946538,184.37031499939272,5579.553094464769,0.03304392159692834
2184,21,210,1330,18,0.013533834586466165,0.004960573895877356,0.0002755874386598531,21,210,5453.461002303562,188.46531717531366,5641.926319478873,0.033404427229868826
2185,21,210,1330,18,0.013533834586466165,0.00647174596673908,0.00035954144259661556,21,210,5443.857570686897,192.19571061193997,5636.053281298837,0.03410111668916802
2186,21,210,1330,14,0.010526315789473684,0.010047308592202174,0.0007176648994430124,21,210,5525.861854798994,251.56998618122543,5777.431840980216,0.04354356626015052
2187,21,210,1330,9,0.006766917293233083,0.0010524166865379238,0.00011693518739310261,21,210,5354.5523136482625,205.64101724277683,5560.1933308910375,0.03698450845230273
2188,21,210,1330,11,0.008270676691729323,0.002195881365839954,0.00019962557871272305,21,210,5401.069675272938,195.0062692312825,5596.075944504215,0.03484696618936952
2189,21,210,1330,7,0.005263157894736842,0.0036966501738925216,0.0005280928819846459,21,210,5383.549654824717,192.5413740988588,5576.091028923571,0.03452981185209017
2190,21,210,1330,16,0.012030075187969926,0.0012345321993041396,7.715826245650872e-05,21,210,5667.215190848859,188.2243542673085,5855.439545116164,0.03214521349200855
2191,21,210,1330,14,0.010526315789473684,0.00620722266191943,0.00044337304727995935,21,210,5442.437612529562,231.219091362286,5673.65670389184,0.04075309865041384
2192,21,210,1330,12,0.009022556390977444,0.003053805488852688,0.000254483790737724,21,210,5482.845312329549,185.12314218813987,5667.968454517683,0.032661286609770475
2193,21,210,1330,13,0.009774436090225564,0.0023783709666052714,0.0001829516128157901,21,210,5315.663418978455,186.03166141798522,5501.695080396443,0.03381351723414306
2194,21,210,1330,18,0.013533834586466165,0.014813557196887222,0.0008229753998270678,21,210,5464.1481139608695,212.8622097932432,5677.010323754106,0.03749547695951365
2195,21,210,1330,5,0.0037593984962406013,0.0014547345086911453,0.00029094690173822905,21,210,5223.330387018001,165.8033480068513,5389.133735024854,0.03076623371382834
2196,21,210,1330,30,0.022556390977443608,0.028537514379877876,0.0009512504793292624,21,210,5411.901927595333,235.551715092051,5647.453642687382,0.04170936673328088
2197,21,210,1330,11,0.008270676691729323,0.002978583681695609,0.00027078033469960086,21,210,5495.800426084582,197.96063584539223,5693.761061929974,0.03476799143698013
2198,21,210,1330,30,0.022556390977443608,0.018433389297941243,0.0006144463099313748,21,210,5300.682435921473,224.24597209280415,5524.928408014275,0.040588032193778385
2199,21,210,1330,26,0.019548872180451128,0.009037222143596807,0.00034758546706141567,21,210,5327.026424214486,203.74337211600948,5530.7697963304945,0.03683815808988964
2200,21,210,1330,11,0.008270676691729323,0.002681672390860504,0.00024378839916913673,21,210,5377.559755503716,194.17182699629964,5571.731582500013,0.03484945821980454
2201,21,210,1330,9,0.006766917293233083,0.005751884015283236,0.0006390982239203596,21,210,5454.41682022412,196.77826156128742,5651.195081785407,0.03482064567113093
2202,21,210,1330,13,0.009774436090225564,0.004730268303801636,0.0003638667926001258,21,210,5529.9298521434275,224.27779528410366,5754.207647427527,0.03897631247012248
2203,21,210,1330,19,0.014285714285714285,0.0040750510531909695,0.0002144763712205774,21,210,5560.998237026427,232.80346657380852,5793.801703600233,0.040181469522704905
2204,21,210,1330,8,0.006015037593984963,0.0006313143510239342,7.891429387799178e-05,21,210,5340.893091026393,172.9116303886208,5513.804721415012,0.03135976682617196
2205,21,210,1330,0,0.0,0.0,0.0,21,210,5431.171621169455,190.09149472550556,5621.2631158949625,0.03381650899563719
2206,21,210,1330,13,0.009774436090225564,0.006898389141537508,0.0005306453185798083,21,210,5534.744544741656,211.75451898324752,5746.499063724904,0.03684930888094279
2207,21,210,1330,10,0.007518796992481203,0.002930946886832305,0.00029309468868323054,21,210,5368.435942324288,196.76464539401928,5565.2005877183,0.03535625397371196
2208,21,210,1330,41,0.030827067669172932,0.01979324512456989,0.0004827620762090217,21,210,5542.00452471407,227.03707429277648,5769.041599006838,0.03935438328818114
2209,21,210,1330,11,0.008270676691729323,0.0006269181276649122,5.699255706044656e-05,21,210,5471.757616407912,194.2063316638787,5665.963948071787,0.03427595612040032
2210,21,210,1330,12,0.009022556390977444,0.0022566680846646905,0.00018805567372205751,21,210,5266.889951770981,192.46929194791932,5459.3592437189,0.03525492339954712
2211,21,210,1330,29,0.02180451127819549,0.005855266487073747,0.00020190574093357748,21,210,5494.652976522958,195.67252673942295,5690.32550326238,0.034386877627165593
2212,21,210,1330,3,0.002255639097744361,0.0022082961165397754,0.0007360987055132585,21,210,5311.551338471132,200.15998521177056,5511.711323682897,0.0363153970622004
2213,21,210,1330,35,0.02631578947368421,0.011268934164071721,0.0003219695475449063,21,210,5417.8992169083795,185.23026402926996,5603.129480937649,0.033058358665356564
2214,21,210,1330,16,0.012030075187969926,0.010246603853585017,0.0006404127408490634,21,210,5341.566480551963,202.05398529509532,5543.620465847058,0.03644801922135586
2215,21,210,1330,16,0.012030075187969926,0.005026645199821618,0.00031416532498885114,21,210,5396.416705782222,192.58670406496995,5589.0034098471915,0.034458147534076285
2216,21,210,1330,18,0.013533834586466165,0.0073918174593987735,0.00041065652552215413,21,210,5533.612176809025,204.4547561902272,5738.066932999249,0.03563129509947352
2217,21,210,1330,28,0.021052631578947368,0.004555963826234713,0.0001627129937940969,21,210,5492.341566636084,177.79898492181215,5670.1405515578945,0.031357068366314335
2218,21,210,1330,19,0.014285714285714285,0.011056404842110647,0.0005819160443216129,21,210,5677.267661387064,221.22483624879487,5898.49249763586,0.037505317899016184
2219,21,210,1330,19,0.014285714285714285,0.006479219236994639,0.0003410115387891915,21,210,5463.274811255307,214.6475981052411,5677.922409360549,0.037803897734033115
2220,21,210,1330,14,0.010526315789473684,0.003301202122848965,0.00023580015163206895,21,210,5452.226352632597,197.7309627190279,5649.95731535162,0.03499689496445731
2221,21,210,1330,15,0.011278195488721804,0.003979931210029794,0.0002653287473353196,21,210,5393.936731136945,193.89354772191712,5587.830278858863,0.03469925499625478
2222,21,210,1330,14,0.010526315789473684,0.005315183043011202,0.00037965593164365725,21,210,5399.6468957998295,189.46902818878647,5589.115923988612,0.0338996418692232
2223,21,210,1330,17,0.012781954887218045,0.00700070123778053,0.0004118059551635606,21,210,5410.907733169793,205.14368295522826,5616.051416125018,0.03652809914920152
2224,21,210,1330,7,0.005263157894736842,0.001322886187470657,0.0001889837410672367,21,210,5477.029944946573,179.12132172567925,5656.15126667225,0.03166841077626691
2225,21,210,1330,14,0.010526315789473684,0.0038630036812673904,0.00027592883437624213,21,210,5314.520521175944,188.93034303458217,5503.450864210523,0.034329432150146846
2226,21,210,1330,18,0.013533834586466165,0.008710725048923338,0.00048392916938462993,21,210,5409.367550735196,224.72690393893504,5634.094454674132,0.039886960672535075
2227,21,210,1330,25,0.018796992481203006,0.006811211606913285,0.0002724484642765314,21,210,5307.474610714686,197.07421978404824,5504.5488304987275,0.03580206586453204
2228,21,210,1330,14,0.010526315789473684,0.004640204173672457,0.0003314431552623183,21,210,5345.386511397901,212.03885329040673,5557.425364688305,0.038154152215465545
2229,21,210,1330,11,0.008270676691729323,0.0035975820250116813,0.0003270529113646983,21,210,5445.494028499162,216.31376643953348,5661.807794938693,0.03820577707228151
2230,21,210,1330,22,0.016541353383458645,0.017753879720619696,0.0008069945327554409,21,210,5276.3232750296875,218.37330349225857,5494.696578521944,0.039742559097048505
2231,21,210,1330,16,0.012030075187969926,0.007430453527819246,0.0004644033454887029,21,210,5295.845270670141,222.13742317036696,5517.982693840506,0.04025699888807729
2232,21,210,1330,12,0.009022556390977444,0.0024080293207571824,0.00020066911006309847,21,210,5403.47018538872,200.673289830891,5604.143475219612,0.035808021460947186
2233,21,210,1330,10,0.007518796992481203,0.017478024462689652,0.0017478024462689653,21,210,5501.41735287757,223.02531171816906,5724.442664595735,0.038960179145041594
2234,21,210,1330,23,0.017293233082706767,0.00327522333046279,0.00014240101436794738,21,210,5376.367667085611,204.16489494345225,5580.5325620290605,0.03658519911390297
2235,21,210,1330,13,0.009774436090225564,0.0017376329700261183,0.00013366407461739373,21,210,5648.189238574195,243.04896999033497,5891.23820856453,0.041256007885913805
2236,21,210,1330,15,0.011278195488721804,0.007738562248403835,0.0005159041498935889,21,210,5444.156114158066,217.6774602034728,5661.833574361535,0.03844646038152393
2237,21,210,1330,14,0.010526315789473684,0.0028338339933923038,0.00020241671381373595,21,210,5380.84500684253,185.03224842508155,5565.87725526761,0.03324404041608444
2238,21,210,1330,5,0.0037593984962406013,0.0009884630884771926,0.00019769261769543852,21,210,5392.917701852933,242.66496024493085,5635.5826620978605,0.04305942700068535
2239,21,210,1330,25,0.018796992481203006,0.01036199073491553,0.0004144796293966212,21,210,5443.992921878387,210.44052173210278,5654.433443610489,0.037216906668147386
2240,21,210,1330,23,0.017293233082706767,0.0027209655027369164,0.00011830284794508328,21,210,5634.26361737761,183.24827629732172,5817.511893674928,0.03149942443548037
2241,21,210,1330,15,0.011278195488721804,0.004888920424685482,0.00032592802831236543,21,210,5617.341819730858,220.4427009966032,5837.78452072746,0.037761363101687984
2242,21,210,1330,16,0.012030075187969926,0.005722605432708172,0.00035766283954426074,21,210,5551.911403143983,217.56243413886173,5769.4738372828415,0.037709233159695495
2243,21,210,1330,17,0.012781954887218045,0.006849005444976054,0.0004028826732338855,21,210,5410.634377444888,216.85856749795062,5627.492944942831,0.03853555564078164
2244,21,210,1330,17,0.012781954887218045,0.002062619754629481,0.00012133057380173419,21,210,5352.31175748362,172.602582737008,5524.914340220623,0.031240770826161907
2245,21,210,1330,16,0.012030075187969926,0.0029074074966937754,0.00018171296854336096,21,210,5230.006080932546,213.7599685976848,5443.76604953023,0.03926692783135514
2246,21,210,1330,8,0.006015037593984963,0.009661921446782674,0.0012077401808478342,21,210,5366.350648201721,200.48473324528626,5566.835381447,0.036014130023218655
2247,21,210,1330,22,0.016541353383458645,0.0043110000105987395,0.0001959545459363064,21,210,5512.704317282978,199.45960976497082,5712.16392704795,0.03491839735559754
2248,21,210,1330,24,0.01804511278195489,0.007056984610506178,0.00029404102543775746,21,210,5378.464605938145,191.60082896567997,5570.065434903825,0.03439830845882841
2249,21,210,1330,13,0.009774436090225564,0.0039767857696786126,0.0003059065976675855,21,210,5558.3214542329715,195.62846012766556,5753.949914360637,0.03399898557327002
2250,21,210,1330,11,0.008270676691729323,0.003246787405521753,0.0002951624914110685,21,210,5486.298360746079,212.76500544165822,5699.0633661877355,0.03733332861395832
2251,21,210,1330,23,0.017293233082706767,0.005903120396066108,0.0002566574085246134,21,210,5612.114054488737,233.973539900797,5846.087594389534,0.040022243273491215
2252,21,210,1330,30,0.022556390977443608,0.014180343274558565,0.0004726781091519522,21,210,5332.865257842501,204.31093795261876,5537.176195795117,0.036898038048305326
2253,21,210,1330,20,0.015037593984962405,0.0053302648799611356,0.0002665132439980568,21,210,5477.702066210684,229.30176101117107,5707.003827221852,0.040179009503625004
2254,21,210,1330,24,0.01804511278195489,0.011015869814432006,0.0004589945756013336,21,210,5488.047270757955,191.19956508652461,5679.246835844482,0.033666359398181356
2255,21,210,1330,18,0.013533834586466165,0.005312955238985763,0.0002951641799436535,21,210,5464.930904145356,190.73634570684334,5655.667249852199,0.03372481747610379
2256,21,210,1330,12,0.009022556390977444,0.009063104336465863,0.0007552586947054887,21,210,5629.649545914963,218.0919529277456,5847.7414988427045,0.037295074170242824
2257,21,210,1330,11,0.008270676691729323,0.006599780175813494,0.0005999800159830449,21,210,5354.9380332581895,226.44411420716347,5581.38214746535,0.0405713330899583
2258,21,210,1330,26,0.019548872180451128,0.007167562135385656,0.0002756754667456022,21,210,5422.90908753308,191.33790957257818,5614.246997105658,0.03408077871729185
2259,21,210,1330,21,0.015789473684210527,0.007321115739650079,0.0003486245590309561,21,210,5483.696723328358,217.87155249721627,5701.568275825577,0.03821256572879834
2260,21,210,1330,10,0.007518796992481203,0.003226678908506712,0.00032266789085067123,21,210,5497.08275903782,199.6207871431482,5696.703546180965,0.03504145608506743
2261,21,210,1330,12,0.009022556390977444,0.0032641607971580725,0.0002720133997631727,21,210,5506.294937478851,188.5209761780206,5694.815913656869,0.03310396315461648
2262,21,210,1330,30,0.022556390977443608,0.01223533241481122,0.0004078444138270406,21,210,5428.313602488688,210.7132596383882,5639.026862127075,0.03736695440370821
2263,21,210,1330,13,0.009774436090225564,0.005011230530189338,0.000385479271553026,21,210,5484.09657719621,215.8187174900014,5699.915294686212,0.03786349556653938
2264,21,210,1330,14,0.010526315789473684,0.003161940052879542,0.0002258528609199673,21,210,5511.081036842218,192.61220422779567,5703.693241070012,0.03376973411558537
2265,21,210,1330,15,0.011278195488721804,0.012683572985284506,0.0008455715323523003,21,210,5537.099058117517,201.27197956855053,5738.371037686067,0.03507475871579597
2266,21,210,1330,15,0.011278195488721804,0.008849250551021615,0.0005899500367347743,21,210,5496.300440112774,190.19941319478284,5686.49985330755,0.03344753681549001
2267,21,210,1330,11,0.008270676691729323,0.0030514713561137557,0.00027740648691943235,21,210,5469.210936371501,211.95964671216421,5681.17058308366,0.037309150220431415
2268,21,210,1330,14,0.010526315789473684,0.0040492137523429166,0.00028922955373877977,21,210,5462.42046042563,227.6184296838297,5690.038890109461,0.040002965547297153
2269,21,210,1330,13,0.009774436090225564,0.008797143498418406,0.0006767033460321851,21,210,5393.487083753109,201.66789942972596,5595.154983182834,0.036043308904913675
2270,21,210,1330,12,0.009022556390977444,0.002081739916916969,0.00017347832640974742,21,210,5488.347653171097,217.5616844858676,5705.909337656965,0.03812918706051604
2271,21,210,1330,23,0.017293233082706767,0.004399083947175186,0.0001912645194423994,21,210,5526.5886690484,221.01723177827216,5747.605900826669,0.03845379025491007
2272,21,210,1330,12,0.009022556390977444,0.003644038661759737,0.000303669888479978,21,210,5337.6669940336615,217.71680734062488,5555.383801374284,0.03919023691698247
2273,21,210,1330,10,0.007518796992481203,0.008303330149699969,0.0008303330149699971,21,210,5492.737761964454,213.03280282913596,5705.7705647935945,0.037336377341145754
2274,21,210,1330,22,0.016541353383458645,0.008651238754184743,0.0003932381251902155,21,210,5549.4324862366375,203.5943754789168,5753.026861715547,0.035389088278688335
2275,21,210,1330,15,0.011278195488721804,0.00658609179622285,0.0004390727864148566,21,210,5275.321609688901,221.05159036703702,5496.373200055937,0.040217718542981645
2276,21,210,1330,17,0.012781954887218045,0.012873693851880473,0.0007572761089341455,21,210,5355.289368609612,228.59537356273643,5583.884742172348,0.04093841189741391
2277,21,210,1330,20,0.015037593984962405,0.005946433096141597,0.0002973216548070799,21,210,5322.780346751599,217.8226844297504,5540.603031181348,0.0393138947518691
2278,21,210,1330,20,0.015037593984962405,0.007435725675494498,0.00037178628377472494,21,210,5430.574102498022,211.72364261258275,5642.2977451106,0.03752436545839049
2279,21,210,1330,15,0.011278195488721804,0.0004219321619635039,2.8128810797566926e-05,21,210,5548.007616649693,171.2988408996089,5719.306457549299,0.02995098132458001
2280,21,210,1330,17,0.012781954887218045,0.006852131109029226,0.00040306653582524864,21,210,5335.183307572612,216.10377873315005,5551.287086305763,0.03892858996001979
2281,21,210,1330,15,0.011278195488721804,0.01462167847346301,0.0009747785648975338,21,210,5479.3464010484095,235.7819891185809,5715.1283901669885,0.04125576417920012
2282,21,210,1330,23,0.017293233082706767,0.005847880675652098,0.0002542556815500912,21,210,5330.238358616178,211.04684854220454,5541.285207158378,0.03808626350247568
2283,21,210,1330,33,0.02481203007518797,0.009678880757899959,0.00029329941690605933,21,210,5227.664651643035,218.30144630565923,5445.966097948687,0.04008498076913958
2284,21,210,1330,17,0.012781954887218045,0.005089858430367472,0.0002994034370804395,21,210,5379.652247146754,184.36338735637895,5564.015634503132,0.03313495134936706
2285,21,210,1330,12,0.009022556390977444,0.00122804285528442,0.00010233690460703501,21,210,5428.6135451177515,192.5946588833666,5621.2082040011155,0.034262146480587535
2286,21,210,1330,24,0.01804511278195489,0.01777046700295882,0.0007404361251232842,21,210,5426.716098368779,216.02237188790735,5642.738470256686,0.038283250770273704
2287,21,210,1330,14,0.010526315789473684,0.010448551983388286,0.0007463251416705919,21,210,5530.026648077461,197.50234314685633,5727.528991224318,0.034482993180736075
2288,21,210,1330,26,0.019548872180451128,0.014194427565947507,0.0005459395217672117,21,210,5297.209764117561,229.98490256109682,5527.19466667865,0.04160969830637378
2289,21,210,1330,15,0.011278195488721804,0.004804362237805501,0.0003202908158537002,21,210,5536.8415331081205,234.61125626690733,5771.452789375022,0.04065029461885503
2290,21,210,1330,27,0.02030075187969925,0.0063634677621784725,0.00023568399119179524,21,210,5257.83471511714,184.29597170937018,5442.13068682651,0.033864672187216324
2291,21,210,1330,14,0.010526315789473684,0.006613507524140668,0.0004723933945814762,21,210,5484.4443191843075,245.4632047545324,5729.907523938837,0.042838947003772374
2292,21,210,1330,5,0.0037593984962406013,0.004101410929554636,0.0008202821859109273,21,210,5348.780260448157,220.0553324935831,5568.835592941736,0.039515501727595256
2293,21,210,1330,23,0.017293233082706767,0.012628969549010199,0.0005490856325656608,21,210,5536.1038448731315,220.07574953618388,5756.179594409315,0.038232953980437356
2294,21,210,1330,15,0.011278195488721804,0.015368823407339388,0.0010245882271559593,21,210,5385.205577429948,177.75757179050734,5562.9631492204535,0.03195375684187604
2295,21,210,1330,24,0.01804511278195489,0.010368314951678595,0.00043201312298660807,21,210,5509.771193706365,204.81973613494077,5714.590929841302,0.035841539429424876
2296,21,210,1330,28,0.021052631578947368,0.006238467898530949,0.00022280242494753387,21,210,5380.888905778827,204.33722023554986,5585.226126014373,0.036585308387749246
2297,21,210,1330,16,0.012030075187969926,0.004089777771459245,0.0002556111107162028,21,210,5333.946980968742,201.59686048529107,5535.543841454029,0.03641861870474092
2298,21,210,1330,23,0.017293233082706767,0.011246699926628655,0.0004889869533316806,21,210,5255.86590459155,194.99087518270505,5450.856779774253,0.03577251853437628
2299,21,210,1330,17,0.012781954887218045,0.012878400740307713,0.0007575529847239832,21,210,5288.50654963201,197.678753915949,5486.185303547957,0.03603209570557317
2300,21,210,1330,5,0.0037593984962406013,0.002163584854046777,0.0004327169708093554,21,210,5454.006558327763,187.49492128136654,5641.501479609131,0.03323493257230468
2301,21,210,1330,24,0.01804511278195489,0.00954568597597597,0.0003977369156656654,21,210,5445.980684691882,196.60897913315506,5642.589663825034,0.03484374920856402
2302,21,210,1330,21,0.015789473684210527,0.007234367518593235,0.00034449369136158264,21,210,5549.445823203243,216.1030653112672,5765.548888514502,0.03748178525409162
2303,21,210,1330,13,0.009774436090225564,0.007276297707249629,0.0005597152082499714,21,210,5491.573865555365,240.188111428459,5731.761976983823,0.0419047602452695
2304,21,210,1330,25,0.018796992481203006,0.005165408199469612,0.00020661632797878447,21,210,5453.551263752224,177.4360418155042,5630.9873055677235,0.03151064496985487
2305,21,210,1330,17,0.012781954887218045,0.01760039150532572,0.0010353171473721013,21,210,5582.763414426636,222.8432291805699,5805.606643607209,0.03838414189255342
2306,21,210,1330,9,0.006766917293233083,0.0009207636282803618,0.00010230706980892909,21,210,5484.5660691767425,193.98471207435426,5678.550781251096,0.034160954008694386
2307,21,210,1330,6,0.004511278195488722,0.0006022354673065795,0.00010037257788442992,21,210,5483.928133855741,187.5436226386501,5671.47175649439,0.0330678932543205
2308,21,210,1330,9,0.006766917293233083,0.0020323256632344424,0.0002258139625816047,21,210,5472.134044236218,195.60527808426787,5667.739322320485,0.034512045625306416
2309,21,210,1330,24,0.01804511278195489,0.007796351078694421,0.0003248479616122675,21,210,5415.908037835172,187.0303144413212,5602.9383522764965,0.03338075536121685
2310,21,210,1330,21,0.015789473684210527,0.0056215054738221176,0.0002676907368486723,21,210,5435.546107827129,213.30038226852486,5648.846490095655,0.037759989166374554
2311,21,210,1330,26,0.019548872180451128,0.013077167640060727,0.0005029679861561818,21,210,5467.028364081518,197.65264369005087,5664.681007771565,0.034892104854427744
2312,21,210,1330,6,0.004511278195488722,0.0022788348626359214,0.00037980581043932024,21,210,5547.584215826864,168.80160094067162,5716.3858167675335,0.02952942757039526
2313,21,210,1330,20,0.015037593984962405,0.006962515185230816,0.0003481257592615408,21,210,5380.669764818627,178.34787178034168,5559.017636598967,0.03208262384457117
2314,21,210,1330,19,0.014285714285714285,0.004712403196465419,0.00024802122086660107,21,210,5435.20869938844,220.53298837591942,5655.74168776436,0.038992761789849915
2315,21,210,1330,28,0.021052631578947368,0.014351981383624689,0.0005125707637008817,21,210,5391.0681597344965,229.45000474956151,5620.5181644840595,0.04082363903731358
2316,21,210,1330,16,0.012030075187969926,0.010848686906760632,0.0006780429316725395,21,210,5282.310151109279,201.68021965800216,5483.990370767275,0.036776180485850254
2317,21,210,1330,17,0.012781954887218045,0.006053511685013693,0.00035608892264786426,21,210,5486.081890964253,202.51983411920924,5688.601725083456,0.03560098665832299
2318,21,210,1330,17,0.012781954887218045,0.00966587987132113,0.0005685811689012431,21,210,5505.813442353408,183.32677527420253,5689.140217627606,0.03222398609655828
2319,21,210,1330,20,0.015037593984962405,0.0038391175838995498,0.00019195587919497746,21,210,5592.63765148106,208.22383722987234,5800.861488710929,0.035895329966953576
2320,21,210,1330,25,0.018796992481203006,0.009849414057115043,0.00039397656228460173,21,210,5396.963179330041,244.46661620804366,5641.42979553808,0.04333415908169188
2321,21,210,1330,21,0.015789473684210527,0.007965825818676062,0.0003793250389845744,21,210,5548.7148119759495,236.44260449869603,5785.157416474649,0.04087055675017035
2322,21,210,1330,13,0.009774436090225564,0.001677432488086328,0.0001290332683143329,21,210,5551.203813872363,208.6659008042331,5759.869714676597,0.036227538319579713
2323,21,210,1330,15,0.011278195488721804,0.003212277144874882,0.00021415180965832545,21,210,5407.099532756975,194.75194438461241,5601.851477141583,0.03476563867844406
2324,21,210,1330,13,0.009774436090225564,0.0041476139484180885,0.0003190472268013914,21,210,5502.384725061049,179.22188983942473,5681.606614900467,0.031544227185564204
2325,21,210,1330,17,0.012781954887218045,0.013575929285519393,0.0007985840756187879,21,210,5329.319113891405,206.33810209576285,5535.6572159871685,0.03727436400864044
2326,21,210,1330,20,0.015037593984962405,0.009828554376103258,0.0004914277188051628,21,210,5478.090362199782,219.59214480910043,5697.68250700888,0.03854060743801957
2327,21,210,1330,12,0.009022556390977444,0.0008013907959466096,6.678256632888412e-05,21,210,5369.562537006992,211.0693353080106,5580.631872314996,0.03782176286436421
2328,21,210,1330,19,0.014285714285714285,0.003188647134788865,0.00016782353340994024,21,210,5415.7966934892065,187.50832770759342,5603.3050211968,0.03346388015613397
2329,21,210,1330,18,0.013533834586466165,0.005043823122467893,0.00028021239569266066,21,210,5398.797903157094,213.5090758181185,5612.30697897521,0.03804301450686231
2330,21,210,1330,11,0.008270676691729323,0.00480116290708092,0.00043646935518917466,21,210,5502.812910615033,234.94709913851344,5737.760009753543,0.040947529826819165
2331,21,210,1330,34,0.02556390977443609,0.01684464388157566,0.0004954307023992842,21,210,5325.2197683778395,206.43637988005435,5531.656148257892,0.037319091126997876
2332,21,210,1330,13,0.009774436090225564,0.002684822019029612,0.00020652477069458555,21,210,5389.604093878068,201.4232807635267,5591.027374641595,0.03602616608122736
2333,21,210,1330,21,0.015789473684210527,0.008003092438496303,0.0003810996399283954,21,210,5606.244037549213,234.9159865621271,5841.160024111338,0.04021735162064263
2334,21,210,1330,6,0.004511278195488722,0.0028964724574005833,0.0004827454095667639,21,210,5590.009058029824,220.7415068787045,5810.750564908527,0.03798846713740834
2335,21,210,1330,12,0.009022556390977444,0.003041106388212483,0.0002534255323510403,21,210,5350.53263328116,182.81483369044525,5533.3474669716015,0.033038740975812914
2336,21,210,1330,40,0.03007518796992481,0.01227926449619388,0.000306981612404847,21,210,5419.637824696631,237.525306510104,5657.163131206733,0.04198664613361385
2337,21,210,1330,17,0.012781954887218045,0.007766092223395758,0.00045682895431739756,21,210,5240.8212953509865,225.0288554936708,5465.850150844654,0.041169964284311085
2338,21,210,1330,12,0.009022556390977444,0.007629750606555413,0.0006358125505462844,21,210,5318.560239139828,176.9838584621346,5495.544097601957,0.03220497467018116
2339,21,210,1330,16,0.012030075187969926,0.004246103554977244,0.00026538147218607775,21,210,5489.93252677401,209.89207557608256,5699.824602350092,0.036824304293423704
2340,21,210,1330,17,0.012781954887218045,0.0034391622635250394,0.00020230366256029643,21,210,5365.36069666325,175.40961127798124,5540.770307941231,0.03165798283075873
2341,21,210,1330,7,0.005263157894736842,0.0015740018792383059,0.000224857411319758,21,210,5374.347264253789,218.13089745291677,5592.478161706706,0.03900433602879691
2342,21,210,1330,25,0.018796992481203006,0.009111473557034927,0.000364458942281397,21,210,5694.041071185621,203.60383591111534,5897.644907096732,0.034522905179678674
2343,21,210,1330,10,0.007518796992481203,0.004598717150746321,0.00045987171507463215,21,210,5327.790169645347,218.97013561225876,5546.760305257601,0.03947712242129947
2344,21,210,1330,13,0.009774436090225564,0.0013198680629361971,0.00010152831253355362,21,210,5344.816403164863,227.47236535458828,5572.288768519449,0.04082207057173518
2345,21,210,1330,16,0.012030075187969926,0.004811547732408414,0.00030072173327552585,21,210,5396.644249283309,222.17006866390074,5618.81431794721,0.03954038273773547
2346,21,210,1330,23,0.017293233082706767,0.010684382902062644,0.0004645383870462019,21,210,5458.200143891727,197.136403905829,5655.336547797549,0.03485847433475963
2347,21,210,1330,15,0.011278195488721804,0.003422850088538637,0.00022819000590257581,21,210,5471.995794207554,204.09852402124451,5676.094318228792,0.035957563877291744
2348,21,210,1330,20,0.015037593984962405,0.0030314284676774593,0.00015157142338387297,21,210,5302.050923237224,171.17544838755998,5473.226371624779,0.03127505364568813
2349,21,210,1330,16,0.012030075187969926,0.006247235643552763,0.00039045222772204766,21,210,5519.010862420419,181.07384932275932,5700.084711743171,0.03176686987646263
2350,21,210,1330,12,0.009022556390977444,0.004165762980853385,0.00034714691507111545,21,210,5360.429966426845,183.6717401864904,5544.101706613332,0.033129215498950156
2351,21,210,1330,12,0.009022556390977444,0.007174040688828726,0.0005978367240690605,21,210,5400.625910596287,197.2777890876552,5597.903699683935,0.035241368853628864
2352,21,210,1330,17,0.012781954887218045,0.004648027533836943,0.0002734133843433496,21,210,5552.389095052695,218.1849757986448,5770.57407085134,0.03780992551516728
2353,21,210,1330,11,0.008270676691729323,0.0038413160627801066,0.0003492105511618279,21,210,5532.349568039357,165.39992552976665,5697.749493569125,0.029028992186555143
2354,21,210,1330,16,0.012030075187969926,0.0055698654716923104,0.00034811659198076935,21,210,5303.892310679163,210.03885905232096,5513.931169731483,0.0380923977080674
2355,21,210,1330,13,0.009774436090225564,0.002989178143771761,0.00022993678029013546,21,210,5404.113815696741,222.62062350176,5626.734439198496,0.03956480013538214
2356,21,210,1330,21,0.015789473684210527,0.00754620302655779,0.0003593430012646567,21,210,5521.693250165421,177.22569978468263,5698.918949950104,0.03109812603778727
2357,21,210,1330,28,0.021052631578947368,0.010281926192443377,0.00036721164973012055,21,210,5402.1180488481095,199.50957718346666,5601.627626031572,0.035616358405602844
2358,21,210,1330,28,0.021052631578947368,0.014377436551238649,0.0005134798768299518,21,210,5408.065461649199,226.35107416481213,5634.4165358140135,0.04017293942080035
2359,21,210,1330,14,0.010526315789473684,0.005349886426239537,0.0003821347447313955,21,210,5420.341092801791,222.4398317011628,5642.780924502953,0.03942024946161746
2360,21,210,1330,16,0.012030075187969926,0.0041657548464899795,0.0002603596779056237,21,210,5394.210353481205,220.64261894522488,5614.852972426427,0.039296241598624694
2361,21,210,1330,25,0.018796992481203006,0.014682131626328587,0.0005872852650531435,21,210,5437.622183979913,210.04003754730448,5647.662221527213,0.03719061610071052
2362,21,210,1330,23,0.017293233082706767,0.004499564302565981,0.000195633230546347,21,210,5414.277171834736,195.1355283471346,5609.412700181867,0.034787158438317076
2363,21,210,1330,9,0.006766917293233083,0.002073127362957979,0.00023034748477310878,21,210,5323.151245530569,217.26161094617498,5540.41285647674,0.03921397494632485
2364,21,210,1330,14,0.010526315789473684,0.001975226641518789,0.00014108761725134208,21,210,5437.536648855463,194.96004699939962,5632.496695854858,0.03461343299906011
2365,21,210,1330,5,0.0037593984962406013,0.003401163459265806,0.0006802326918531611,21,210,5424.259030756799,194.4329955091816,5618.692026265977,0.03460467215505959
2366,21,210,1330,33,0.02481203007518797,0.011425052908303146,0.0003462137244940347,21,210,5362.533763765676,225.82261006325018,5588.356373828923,0.04040948625266813
2367,21,210,1330,26,0.019548872180451128,0.004920506039762804,0.0001892502322985694,21,210,5126.864383640608,200.7075564214297,5327.571940062031,0.03767336390376228
2368,21,210,1330,12,0.009022556390977444,0.002235685054491993,0.00018630708787433273,21,210,5541.0353647378215,184.35412798349128,5725.389492721313,0.03219940376420864
2369,21,210,1330,11,0.008270676691729323,0.0022840929799821065,0.00020764481636200972,21,210,5461.527105058411,214.91804568485733,5676.445150743268,0.03786137978567734
2370,21,210,1330,8,0.006015037593984963,0.0031890087368406116,0.0003986260921050765,21,210,5435.410317115931,218.88947619377194,5654.299793309699,0.03871203936741506
2371,21,210,1330,27,0.02030075187969925,0.010166799327825894,0.0003765481232528109,21,210,5404.090135118326,211.044487480475,5615.134622598796,0.03758493814753802
2372,21,210,1330,23,0.017293233082706767,0.011528066225661536,0.0005012202706809365,21,210,5491.763463651521,198.1652135710794,5689.9286772226005,0.03482736336649634
2373,21,210,1330,19,0.014285714285714285,0.0028775548519546757,0.00015145025536603555,21,210,5432.33228639772,192.05894786768795,5624.391234265402,0.03414750856903585
2374,21,210,1330,9,0.006766917293233083,0.003952518936970429,0.00043916877077449206,21,210,5424.02453738354,200.49954596677773,5624.524083350311,0.03564737975970189
2375,21,210,1330,15,0.011278195488721804,0.009186650031627767,0.0006124433354418511,21,210,5312.756411720626,211.02379232169233,5523.780204042317,0.03820278586886288
2376,21,210,1330,18,0.013533834586466165,0.010831238122094475,0.0006017354512274708,21,210,5508.627715043198,203.69120030672326,5712.318915349924,0.035658233254339505
2377,21,210,1330,26,0.019548872180451128,0.015382860611807032,0.0005916484850695011,21,210,5394.519631093866,231.86811211747175,5626.387743211335,0.04121083058970443
2378,21,210,1330,20,0.015037593984962405,0.004248436030624205,0.00021242180153121024,21,210,5549.3790784340545,180.52503757359446,5729.904116007646,0.03150576936693605
2379,21,210,1330,8,0.006015037593984963,0.0005001233717784036,6.251542147230044e-05,21,210,5443.75168096374,190.8194820746982,5634.571163038434,0.03386583939633821
2380,21,210,1330,24,0.01804511278195489,0.0035972741395158413,0.0001498864224798267,21,210,5321.670122082475,192.21948549852345,5513.889607580995,0.03486096008056503
2381,21,210,1330,26,0.019548872180451128,0.019527099033084635,0.0007510422705032552,21,210,5328.844293135217,213.07971015504063,5541.924003290253,0.03844868858333942
2382,21,210,1330,8,0.006015037593984963,0.0026096154956195884,0.00032620193695244855,21,210,5370.1958942503425,206.30075625831108,5576.496650508653,0.036994688455429026
2383,21,210,1330,14,0.010526315789473684,0.003438492019820438,0.000245606572844317,21,210,5658.913755886891,211.68460774624992,5870.59836363314,0.03605843810702195
2384,21,210,1330,13,0.009774436090225564,0.0025971310271376397,0.00019977930977981847,21,210,5276.395024077408,153.51833400952225,5429.913358086926,0.02827270416403293
2385,21,210,1330,26,0.019548872180451128,0.005548888347426987,0.00021341878259334565,21,210,5480.64057452566,195.58601022234956,5676.22658474801,0.034457047706285736
2386,21,210,1330,13,0.009774436090225564,0.0013419516247741802,0.00010322704805955232,21,210,5279.979865731221,246.0377875700265,5526.017653301245,0.044523525440249616
2387,21,210,1330,11,0.008270676691729323,0.0038955615466025094,0.00035414195878204625,21,210,5389.327621986891,187.4512622501117,5576.778884237005,0.033612819539958885
2388,21,210,1330,16,0.012030075187969926,0.004082457289043265,0.0002551535805652041,21,210,5486.09302654569,236.044168381421,5722.137194927111,0.041251050147955735
2389,21,210,1330,23,0.017293233082706767,0.006488218780144445,0.0002820964687019325,21,210,5396.792533564999,228.00668067733994,5624.799214242334,0.040535967950644916
2390,21,210,1330,12,0.009022556390977444,0.00544765229802426,0.00045397102483535497,21,210,5522.777903417954,194.6804968149046,5717.458400232859,0.03405018159939313
2391,21,210,1330,11,0.008270676691729323,0.006159446850363392,0.0005599497136693993,21,210,5417.598051832358,210.3611545597238,5627.959206392079,0.03737787479354887
2392,21,210,1330,15,0.011278195488721804,0.007333674638508185,0.0004889116425672123,21,210,5356.565085479959,210.87781254985157,5567.442898029813,0.03787696010757044
2393,21,210,1330,15,0.011278195488721804,0.0010419715664431567,6.946477109621045e-05,21,210,5366.664511992747,200.55157377916444,5567.2160857719055,0.03602367335654757
2394,21,210,1330,22,0.016541353383458645,0.0034782094763303253,0.00015810043074228754,21,210,5454.856357890099,192.0156959361891,5646.872053826287,0.03400390412707871
2395,21,210,1330,18,0.013533834586466165,0.0034763237195822743,0.00019312909553234858,21,210,5386.336647272319,206.58086022258587,5592.9175074949035,0.036936153616739915
2396,21,210,1330,29,0.02180451127819549,0.01417068244089849,0.0004886442220999479,21,210,5609.1853488634515,214.87424501561617,5824.059593879065,0.03689423872678834
2397,21,210,1330,23,0.017293233082706767,0.0075226415522535355,0.00032707137183711027,21,210,5756.092449468022,241.99723705260655,5998.089686520632,0.040345718337030094
2398,21,210,1330,11,0.008270676691729323,0.004617390822832696,0.0004197628020756997,21,210,5292.61991512626,207.02735965674134,5499.647274782996,0.037643752283169865
2399,21,210,1330,19,0.014285714285714285,0.0059778234130535585,0.00031462228489755577,21,210,5351.556262774336,213.4395584444032,5564.995821218734,0.038353947658070285
2400,21,210,1330,30,0.022556390977443608,0.01530131184878185,0.0005100437282927284,21,210,5303.1700268668055,215.73984442382093,5518.909871290625,0.03909102512184513
2401,21,210,1330,20,0.015037593984962405,0.009892712001118525,0.0004946356000559262,21,210,5558.944492246503,205.86170373347633,5764.806195979978,0.03571008230546096
2402,21,210,1330,16,0.012030075187969926,0.004121082109499853,0.0002575676318437408,21,210,5425.219053616949,180.12130836431885,5605.340361981267,0.032133875328250905
2403,21,210,1330,18,0.013533834586466165,0.004303014182936781,0.00023905634349648784,21,210,5513.53271324627,208.78715226150382,5722.319865507772,0.03648645255222499
2404,21,210,1330,29,0.02180451127819549,0.006577378899437017,0.00022680616894610404,21,210,5413.103988845411,219.84587710578154,5632.949865951192,0.039028552061976834
2405,21,210,1330,12,0.009022556390977444,0.006868553439479709,0.0005723794532899758,21,210,5470.6954395866,225.02020388467264,5695.715643471274,0.03950692379501117
2406,21,210,1330,17,0.012781954887218045,0.005171209764480341,0.0003041888096753142,21,210,5592.753049492798,204.29895722864262,5797.052006721437,0.03524187069423677
2407,21,210,1330,11,0.008270676691729323,0.0012789302720214244,0.00011626638836558406,21,210,5493.984717653024,197.64895965011274,5691.633677303132,0.034726226397578844
2408,21,210,1330,24,0.01804511278195489,0.010144972315217984,0.00042270717980074924,21,210,5619.416030619388,225.61859897830988,5845.034629597694,0.03860004487156287
2409,21,210,1330,10,0.007518796992481203,0.012244496400931271,0.0012244496400931272,21,210,5393.192569900443,248.48523380722025,5641.677803707663,0.04404456306312244
2410,21,210,1330,13,0.009774436090225564,0.012137000320909079,0.0009336154093006984,21,210,5247.753904781994,195.74456712113374,5443.498471903122,0.03595933169293217
2411,21,210,1330,26,0.019548872180451128,0.011512973177686424,0.0004428066606802471,21,210,5270.949717056125,236.06050121090146,5507.010218267025,0.04286545545673351
2412,21,210,1330,25,0.018796992481203006,0.010757333358229445,0.0004302933343291779,21,210,5580.0883010028865,222.30564466742317,5802.393945670312,0.03831274586816109
2413,21,210,1330,16,0.012030075187969926,0.007299137705753445,0.00045619610660959026,21,210,5241.089606997561,193.6556963593282,5434.745303356886,0.035632892720789074
2414,21,210,1330,25,0.018796992481203006,0.00554017315584098,0.0002216069262336392,21,210,5504.055183538143,216.16574147651477,5720.220925014655,0.037789753981566886
2415,21,210,1330,10,0.007518796992481203,0.0026692313752184507,0.00026692313752184506,21,210,5662.350905596349,231.1272981444215,5893.478203740769,0.03921746889599388
2416,21,210,1330,27,0.02030075187969925,0.006273087484352827,0.00023233657349454914,21,210,5596.626208318265,239.60471475767076,5836.230923075934,0.04105470087043595
2417,21,210,1330,9,0.006766917293233083,0.0015799824489963396,0.00017555360544403776,21,210,5587.214217790432,195.98911771565247,5783.203335506087,0.033889370016159305
2418,21,210,1330,14,0.010526315789473684,0.002888701473673678,0.0002063358195481199,21,210,5360.868382817533,182.14506721919955,5543.013450036731,0.03286029681526256
2419,21,210,1330,29,0.02180451127819549,0.032104658237644676,0.0011070571806084371,21,210,5451.106111877088,224.54816430812028,5675.654276185209,0.03956339716644023
2420,21,210,1330,18,0.013533834586466165,0.0067179041222072316,0.0003732168956781795,21,210,5546.064127999708,228.06385865926376,5774.12798665897,0.039497541306012206
2421,21,210,1330,12,0.009022556390977444,0.0042130997558466965,0.00035109164632055804,21,210,5588.034326811652,191.21112660282836,5779.245453414476,0.03308582896230122
2422,21,210,1330,29,0.02180451127819549,0.011663114989406176,0.00040217637894504046,21,210,5346.481152349183,192.1312433943091,5538.612395743488,0.03468941851608266
2423,21,210,1330,12,0.009022556390977444,0.004788394912085202,0.00039903290934043353,21,210,5354.457889748541,176.4927482865975,5530.950638035136,0.03191002050766744
2424,21,210,1330,14,0.010526315789473684,0.005077692294266501,0.0003626923067333215,21,210,5442.377900744911,202.0550770906778,5644.432977835586,0.03579723204865794
2425,21,210,1330,34,0.02556390977443609,0.01219202465268201,0.00035858896037300027,21,210,5408.497087002081,245.68966234113802,5654.186749343219,0.04345269677724686
2426,21,210,1330,21,0.015789473684210527,0.007122219292120812,0.0003391532996248006,21,210,5324.733848096276,215.82672694693846,5540.560575043216,0.03895395132382521
2427,21,210,1330,25,0.018796992481203006,0.00929003597370744,0.00037160143894829757,21,210,5490.222938911382,201.25608104254837,5691.479019953929,0.03536094578174822
2428,21,210,1330,11,0.008270676691729323,0.0016882664691535746,0.00015347876992305223,21,210,5555.684059661988,195.30008877687877,5750.984148438863,0.03395942046369474
2429,21,210,1330,26,0.019548872180451128,0.006846399349416367,0.0002633230519006295,21,210,5562.577037144169,226.4613433796724,5789.038380523839,0.03911899153088364
2430,21,210,1330,24,0.01804511278195489,0.010637984181277456,0.0004432493408865607,21,210,5473.500298105055,204.88582213431988,5678.386120239368,0.036081699587854565
2431,21,210,1330,22,0.016541353383458645,0.005070777144704235,0.00023048987021382882,21,210,5376.095506253265,216.60929372403916,5592.7047999773,0.03873068604030707
2432,21,210,1330,26,0.019548872180451128,0.014203205604663595,0.0005462771386409074,21,210,5403.110757036689,228.78044552993902,5631.891202566627,0.04062231270122489
2433,21,210,1330,10,0.007518796992481203,0.002773470273774358,0.00027734702737743577,21,210,5491.777332388979,201.25681651343353,5693.034148902408,0.03535141565104347
2434,21,210,1330,12,0.009022556390977444,0.008521901888601073,0.0007101584907167561,21,210,5393.757315670378,202.7397805246237,5596.497096194998,0.03622619239139147
2435,21,210,1330,9,0.006766917293233083,0.0021187276120448804,0.00023541417911609783,21,210,5551.459634987263,210.77787247184352,5762.237507459107,0.036579171233222435
2436,21,210,1330,19,0.014285714285714285,0.008281841002815737,0.00043588636856924925,21,210,5430.74883033385,189.6781612915629,5620.426991625407,0.03374799843040194
2437,21,210,1330,17,0.012781954887218045,0.006189452312876604,0.00036408543016921204,21,210,5503.159227603715,179.38388631909197,5682.543113922806,0.0315675363517407
2438,21,210,1330,12,0.009022556390977444,0.004371251729710929,0.0003642709774759108,21,210,5492.861665589502,202.7066584399285,5695.568324029425,0.035590242607522665
2439,21,210,1330,12,0.009022556390977444,0.0025400933467433326,0.00021167444556194438,21,210,5414.095125936722,171.16646817063622,5585.261594107355,0.030646096926099715
2440,21,210,1330,6,0.004511278195488722,0.002336463096448884,0.00038941051607481393,21,210,5336.45161334007,226.65361079820795,5563.105224138277,0.04074228361073586
2441,21,210,1330,5,0.0037593984962406013,0.0005382825539235513,0.00010765651078471026,21,210,5356.61355273554,208.60666719778612,5565.220219933326,0.03748399146014124
2442,21,210,1330,15,0.011278195488721804,0.010344365408987513,0.0006896243605991677,21,210,5440.291637142964,240.49882380583475,5680.790460948798,0.04233545057841598
2443,21,210,1330,18,0.013533834586466165,0.0057404865211810605,0.00031891591784339224,21,210,5399.351866374965,147.12586966756,5546.477736042521,0.026526000223798984
2444,21,210,1330,22,0.016541353383458645,0.006097376107430831,0.0002771534594286742,21,210,5609.180385164944,198.48022066188327,5807.660605826823,0.03417558878401885
2445,21,210,1330,23,0.017293233082706767,0.009986803437952616,0.0004342088451283746,21,210,5385.12648962349,199.11582563408464,5584.242315257574,0.035656730921229805
2446,21,210,1330,20,0.015037593984962405,0.005550139248746235,0.00027750696243731177,21,210,5614.362165704262,226.3626040924149,5840.72476979667,0.03875591009920078
2447,21,210,1330,16,0.012030075187969926,0.0023074747838120083,0.00014421717398825054,21,210,5580.143490815564,181.09804420598414,5761.241535021548,0.031433857286684096
2448,21,210,1330,14,0.010526315789473684,0.004252139722098054,0.00030372426586414673,21,210,5450.297672076322,213.7777270443088,5664.075399120626,0.03774274033807862
2449,21,210,1330,19,0.014285714285714285,0.012870946810404143,0.0006774182531791655,21,210,5583.070295996911,233.95643749192638,5817.026733488836,0.04021924742842088
2450,21,210,1330,10,0.007518796992481203,0.0034786786717682676,0.0003478678671768268,21,210,5426.564727617813,219.89403063038623,5646.458758248202,0.03894370614310619
2451,21,210,1330,14,0.010526315789473684,0.0023171820826743423,0.00016551300590531012,21,210,5565.556991327201,201.99734558787262,5767.554336915075,0.03502305028926977
2452,21,210,1330,24,0.01804511278195489,0.004768973846046427,0.00019870724358526777,21,210,5398.28401212752,212.270273945403,5610.554286072923,0.03783410036194132
2453,21,210,1330,9,0.006766917293233083,0.005895641794667526,0.000655071310518614,21,210,5492.6569119492,220.74283425443645,5713.399746203632,0.038635986288393855
2454,21,210,1330,16,0.012030075187969926,0.005807765479603824,0.00036298534247523905,21,210,5618.648298422419,218.3213837071745,5836.969682129589,0.03740320673166852
2455,21,210,1330,17,0.012781954887218045,0.004459471664472388,0.0002623218626160228,21,210,5377.337279402911,194.0113292963143,5571.348608699229,0.0348230460742271
2456,21,210,1330,14,0.010526315789473684,0.004544974584375659,0.0003246410417411185,21,210,5446.161699054691,231.42902064798858,5677.590719702678,0.04076183579856703
2457,21,210,1330,22,0.016541353383458645,0.011638858133904523,0.0005290390060865692,21,210,5455.889480869337,206.79312041086473,5662.682601280197,0.03651857873229797
2458,21,210,1330,14,0.010526315789473684,0.004353525939234165,0.00031096613851672606,21,210,5597.839097496599,192.78351345552596,5790.622610952119,0.03329236360368296
2459,21,210,1330,27,0.02030075187969925,0.020605882339176266,0.0007631808273768988,21,210,5348.301753995939,219.92531595738964,5568.227069953321,0.039496470455403554
2460,21,210,1330,12,0.009022556390977444,0.003705907592760127,0.0003088256327300106,21,210,5491.162010105289,174.39528441907507,5665.557294524362,0.030781664601225427
2461,21,210,1330,25,0.018796992481203006,0.003106596070986174,0.00012426384283944697,21,210,5427.515592094403,191.4255322758504,5618.941124370252,0.034067901413952724
2462,21,210,1330,13,0.009774436090225564,0.003025286161446899,0.00023271432011129993,21,210,5517.259411792096,169.4342392381862,5686.69365103028,0.029794859655836944
2463,21,210,1330,24,0.01804511278195489,0.013366469350171465,0.0005569362229238111,21,210,5698.375749349096,229.50348980196145,5927.879239151052,0.0387159522896808
2464,21,210,1330,17,0.012781954887218045,0.0048233998102413505,0.0002837294006024324,21,210,5463.075646369708,203.86217924200594,5666.937825611711,0.03597395727912372
2465,21,210,1330,15,0.011278195488721804,0.008949205747235756,0.0005966137164823836,21,210,5477.3614017224945,229.43529654098737,5706.796698263477,0.04020386719064345
2466,21,210,1330,29,0.02180451127819549,0.005322935021412477,0.00018354948349698193,21,210,5299.878972016707,198.5947091978784,5498.473681214582,0.03611815218400935
2467,21,210,1330,20,0.015037593984962405,0.01191677175786092,0.000595838587893046,21,210,5265.407320292076,225.42877822999742,5490.836098522075,0.04105545570567555
2468,21,210,1330,5,0.0037593984962406013,0.0015161242114253967,0.00030322484228507935,21,210,5335.780159431743,187.48439439535923,5523.264553827101,0.03394448927228196
2469,21,210,1330,38,0.02857142857142857,0.01450373559437505,0.00038167725248355395,21,210,5474.5519745484025,224.53851838815922,5699.090492936561,0.03939900913425602
2470,21,210,1330,13,0.009774436090225564,0.006350727160307748,0.0004885174738698267,21,210,5442.685869416817,241.33481197175348,5684.020681388567,0.04245846830958346
2471,21,210,1330,15,0.011278195488721804,0.004254743036766502,0.00028364953578443344,21,210,5496.055256367634,187.1211086488102,5683.176365016438,0.03292544461591225
2472,21,210,1330,22,0.016541353383458645,0.0033875057303053794,0.00015397753319569907,21,210,5207.168595024903,208.7482235587479,5415.916818583648,0.03854346928713337
2473,21,210,1330,14,0.010526315789473684,0.02217598889268941,0.0015839992066206715,21,210,5325.931236183833,206.48393907600015,5532.41517525983,0.0373225675468766
2474,21,210,1330,17,0.012781954887218045,0.004052034401567317,0.00023835496479807742,21,210,5576.214931858585,218.44346539393504,5794.658397252522,0.03769738445626195
2475,21,210,1330,21,0.015789473684210527,0.0034404299919814645,0.00016382999961816496,21,210,5406.252424436239,197.19929981554452,5603.451724251785,0.03519246877100134
2476,21,210,1330,18,0.013533834586466165,0.0040880553643969425,0.0002271141869109412,21,210,5532.385467172214,202.10006953312688,5734.485536705341,0.03524292950771663
2477,21,210,1330,14,0.010526315789473684,0.008395109616071083,0.0005996506868622202,21,210,5515.612904019003,178.20030524967234,5693.813209268676,0.03129718146699806
2478,21,210,1330,6,0.004511278195488722,0.0008817072558723019,0.00014695120931205034,21,210,5581.609833205381,197.90397241358568,5779.513805618965,0.03424232194430944
2479,21,210,1330,27,0.02030075187969925,0.009269329509002165,0.0003433085003334135,21,210,5268.008066604356,205.31391345086993,5473.3219800552215,0.037511755054614654
2480,21,210,1330,19,0.014285714285714285,0.010902864559103949,0.0005738349767949447,21,210,5433.863567532735,220.2809250994392,5654.144492632169,0.038959196282741616
2481,21,210,1330,9,0.006766917293233083,0.003176651708826601,0.00035296130098073344,21,210,5371.709890602366,200.94230129522697,5572.652191897592,0.03605864754800037
2482,21,210,1330,16,0.012030075187969926,0.008655820068582678,0.0005409887542864173,21,210,5505.066784102197,232.21254133841558,5737.2793254406115,0.04047433080497299
2483,21,210,1330,15,0.011278195488721804,0.005575282207776861,0.0003716854805184574,21,210,5494.9913692146,211.1457132206038,5706.1370824352,0.03700326686341952
2484,21,210,1330,17,0.012781954887218045,0.004898258139590796,0.0002881328317406351,21,210,5580.036408024183,211.02905715696676,5791.065465181146,0.03644045442514536
2485,21,210,1330,11,0.008270676691729323,0.0028057113796334378,0.00025506467087576704,21,210,5549.769260992443,203.1848486039243,5752.9541095963605,0.03531835031762146
2486,21,210,1330,28,0.021052631578947368,0.014717820380410548,0.0005256364421575196,21,210,5349.1949400377725,223.09675188937047,5572.291691927142,0.040036804285134946
2487,21,210,1330,16,0.012030075187969926,0.008510971402656217,0.0005319357126660135,21,210,5539.008493446,180.72980824005185,5719.738301686051,0.031597565956256554
2488,21,210,1330,23,0.017293233082706767,0.030504292366598386,0.0013262735811564515,21,210,5349.68779795035,236.26644536082364,5585.954243311169,0.042296523578534126
2489,21,210,1330,16,0.012030075187969926,0.006870289941166676,0.00042939312132291723,21,210,5489.553822691367,212.28566495971947,5701.839487651082,0.03723108400709685
2490,21,210,1330,15,0.011278195488721804,0.005172413459085743,0.00034482756393904956,21,210,5632.955381906826,183.2623690693083,5816.217750976135,0.03150885625603536
2491,21,210,1330,23,0.017293233082706767,0.002164819960655177,9.412260698500768e-05,21,210,5298.740164080351,173.75181986920347,5472.4919839495515,0.0317500364329095
2492,21,210,1330,11,0.008270676691729323,0.00607284969552511,0.0005520772450477372,21,210,5507.226063820346,260.3730375810504,5767.599101401391,0.04514409427621034
2493,21,210,1330,12,0.009022556390977444,0.001378019700338765,0.00011483497502823039,21,210,5478.637737981946,210.5477276587739,5689.1854656407195,0.03700841340651599
2494,21,210,1330,17,0.012781954887218045,0.007839269278770676,0.0004611334869865104,21,210,5416.883925896286,217.7290388311994,5634.612964727485,0.03864134771885432
2495,21,210,1330,16,0.012030075187969926,0.00328806219874443,0.0002055038874215269,21,210,5411.356115067147,172.97716110519167,5584.3332761723395,0.03097543655627859
2496,21,210,1330,16,0.012030075187969926,0.005842714915354814,0.00036516968220967584,21,210,5350.427485708269,201.46896225308066,5551.896447961348,0.036288314117793014
2497,21,210,1330,21,0.015789473684210527,0.011528013967812141,0.0005489530460862924,21,210,5476.407236854884,196.0473806574279,5672.454617512309,0.03456129557249869
2498,21,210,1330,16,0.012030075187969926,0.003022176103753607,0.00018888600648460043,21,210,5267.991221768223,190.2914923025789,5458.282714070801,0.03486288678525759
2499,21,210,1330,29,0.02180451127819549,0.013142334429666823,0.00045318394585058006,21,210,5608.931978540308,231.89835516223724,5840.83033370254,0.03970297747293669
2500,21,210,1330,15,0.011278195488721804,0.006364662401077477,0.00042431082673849847,21,210,5193.394823280524,163.75806028288866,5357.152883563405,0.030568114041569425
2501,21,210,1330,20,0.015037593984962405,0.015242590628372901,0.0007621295314186449,21,210,5521.385969510855,209.70301898733538,5731.088988498186,0.036590431488359665
2502,21,210,1330,12,0.009022556390977444,0.008741426057328049,0.000728452171444004,21,210,5364.783102230561,213.72804560800432,5578.511147838561,0.038312739715652445
2503,21,210,1330,13,0.009774436090225564,0.0053701361226082935,0.0004130873940467918,21,210,5404.0752510179345,221.12586961198775,5625.201120629921,0.03930986019344774
2504,21,210,1330,15,0.011278195488721804,0.004886698272467993,0.0003257798848311995,21,210,5275.03552032599,207.7901468517321,5482.825667177716,0.037898368371557585
2505,21,210,1330,16,0.012030075187969926,0.0028269340702146615,0.00017668337938841634,21,210,5493.784510074738,225.2519735064954,5719.0364835812325,0.039386350157613215
2506,21,210,1330,24,0.01804511278195489,0.006622672572660171,0.0002759446905275071,21,210,5209.805159352165,221.55291754484972,5431.358076897013,0.04079144007964671
2507,21,210,1330,15,0.011278195488721804,0.001476626304736474,9.844175364909826e-05,21,210,5434.308894999613,154.90479958499992,5589.213694584611,0.027714953846743624
2508,21,210,1330,16,0.012030075187969926,0.0033168851646364675,0.00020730532278977922,21,210,5466.672151279043,180.05353590227998,5646.725687181321,0.031886361384797036
2509,21,210,1330,22,0.016541353383458645,0.011224030080430361,0.0005101831854741073,21,210,5537.9422081342145,219.9979006070555,5757.940108741272,0.03820774382023725
2510,21,210,1330,21,0.015789473684210527,0.009445463975130595,0.00044978399881574267,21,210,5334.73922969396,194.03746823287076,5528.776697926825,0.0350959134062388
2511,21,210,1330,14,0.010526315789473684,0.007995933423819086,0.0005711381017013633,21,210,5523.54063566616,203.34464838334264,5726.8852840495,0.035507023154400776
2512,21,210,1330,27,0.02030075187969925,0.009088628203739194,0.0003366158593977479,21,210,5470.482895931544,231.0064556238934,5701.489351555433,0.04051686171453993
2513,21,210,1330,11,0.008270676691729323,0.003652290035282282,0.00033202636684384384,21,210,5472.036392659921,230.54244580678596,5702.578838466701,0.04042775248483435
2514,21,210,1330,20,0.015037593984962405,0.005129620116514171,0.00025648100582570854,21,210,5470.034972118563,210.7512669957455,5680.786239114308,0.03709896097562083
2515,21,210,1330,18,0.013533834586466165,0.004585104475285477,0.0002547280264047487,21,210,5317.643491229041,191.28528228514642,5508.928773514186,0.03472277282015468
2516,21,210,1330,21,0.015789473684210527,0.00653282792683953,0.0003110870441352157,21,210,5533.932002097954,237.5711836138786,5771.503185711828,0.04116279173197368
2517,21,210,1330,33,0.02481203007518797,0.00699913789573885,0.00021209508774966212,21,210,5370.861406385831,209.52694213271215,5580.388348518536,0.037547018065209874
2518,21,210,1330,17,0.012781954887218045,0.004832826256510149,0.0002842838974417735,21,210,5501.007728255583,205.63519298136669,5706.642921236946,0.03603435431645934
2519,21,210,1330,22,0.016541353383458645,0.0070942127513586644,0.0003224642159708484,21,210,5543.132362317187,201.90784631896952,5745.0402086361555,0.035144722923862955
2520,21,210,1330,20,0.015037593984962405,0.007641492067127437,0.00038207460335637174,21,210,5521.699618392605,224.7104354442781,5746.410053836882,0.03910449016673267
2521,21,210,1330,8,0.006015037593984963,0.0046401266551720785,0.0005800158318965097,21,210,5566.45674024709,215.94345556634926,5782.4001958134395,0.037344951621075304
2522,21,210,1330,28,0.021052631578947368,0.0084479656112948,0.0003017130575462428,21,210,5283.832789493003,227.7853224468985,5511.618111939893,0.04132821211858711
2523,21,210,1330,18,0.013533834586466165,0.003513117967753256,0.00019517322043073647,21,210,5430.679269885995,194.40709401517478,5625.0863639011695,0.0345607305272283
2524,21,210,1330,15,0.011278195488721804,0.007497472077656923,0.0004998314718437949,21,210,5564.9921991115225,174.9371449081184,5739.929344019638,0.030477229670149732
2525,21,210,1330,25,0.018796992481203006,0.007268853126016804,0.00029075412504067215,21,210,5313.873552326384,230.01008038841977,5543.883632714803,0.04148898058233329
2526,21,210,1330,5,0.0037593984962406013,0.003879670208305471,0.0007759340416610942,21,210,5412.305331047843,211.26700461849398,5623.572335666334,0.037568113648788176
2527,21,210,1330,17,0.012781954887218045,0.00972733263382891,0.0005721960372840535,21,210,5551.348362835704,219.01962687715377,5770.367989712855,0.03795592018873178
2528,21,210,1330,25,0.018796992481203006,0.005805950784005941,0.0002322380313602376,21,210,5482.227768636097,216.21836286258156,5698.446131498678,0.03794338980716426
2529,21,210,1330,27,0.02030075187969925,0.013054345696057484,0.0004834942850391661,21,210,5449.8324613651785,216.6077781651733,5666.44023953035,0.03822642947049352
2530,21,210,1330,35,0.02631578947368421,0.01170856545024544,0.00033453044143558403,21,210,5563.904621596832,246.57996491835098,5810.484586515184,0.042437074093717955
2531,21,210,1330,17,0.012781954887218045,0.0044408222482070735,0.00026122483812982786,21,210,5457.460578127482,253.00502266846308,5710.465600795941,0.044305498072381086
2532,21,210,1330,14,0.010526315789473684,0.006626045930001729,0.00047328899500012346,21,210,5579.073667508995,224.11776586072972,5803.1914333697205,0.038619743710676106
2533,21,210,1330,13,0.009774436090225564,0.0023402251024229924,0.00018001731557099946,21,210,5339.54894849293,198.07951128476628,5537.628459777692,0.03576973658010963
2534,21,210,1330,38,0.02857142857142857,0.016530056840719724,0.0004350014958084137,21,210,5483.470950653336,230.6339510396116,5714.10490169295,0.040362218581475526
2535,21,210,1330,22,0.016541353383458645,0.006291127161305783,0.0002859603255138992,21,210,5370.046353842736,198.30321600682143,5568.349569849554,0.03561256589933868
2536,21,210,1330,10,0.007518796992481203,0.007609000626615395,0.0007609000626615395,21,210,5595.538314763963,217.08952075741206,5812.627835521373,0.03734791335353743
2537,21,210,1330,20,0.015037593984962405,0.003593075471152305,0.00017965377355761526,21,210,5117.896680029949,216.6668540163629,5334.563534046309,0.040615666611438665
2538,21,210,1330,9,0.006766917293233083,0.0035505025275394363,0.00039450028083771516,21,210,5613.538960313239,194.83599159785612,5808.37495191109,0.03354397627752158
2539,21,210,1330,9,0.006766917293233083,0.002611073619192564,0.00029011929102139603,21,210,5398.226310626969,193.1521534853742,5591.378464112338,0.034544639524063794
2540,21,210,1330,6,0.004511278195488722,0.0006665156567425067,0.0001110859427904178,21,210,5405.943814468487,206.80734480655394,5612.751159275036,0.03684598496136892
2541,21,210,1330,17,0.012781954887218045,0.005068246238671502,0.000298132131686559,21,210,5465.22849268551,228.34702831692363,5693.575521002434,0.04010608579346989
2542,21,210,1330,5,0.0037593984962406013,0.0006652069242453664,0.0001330413848490733,21,210,5297.641552279379,190.15091551825378,5487.792467797627,0.03464980074120142
2543,21,210,1330,14,0.010526315789473684,0.005460234159564339,0.00039001672568316707,21,210,5435.91887872294,201.0092648401597,5636.928143563098,0.035659362638797425
2544,21,210,1330,18,0.013533834586466165,0.011259347757145759,0.0006255193198414311,21,210,5446.418180132559,195.91547112950718,5642.333651262062,0.034722418637133476
2545,21,210,1330,16,0.012030075187969926,0.006523294727961006,0.0004077059204975629,21,210,5510.24163530843,200.86604298643977,5711.10767829486,0.035171118161514234
2546,21,210,1330,37,0.027819548872180452,0.01729008054797188,0.00046729947426951023,21,210,5334.758936856904,203.0435580399348,5537.80249489684,0.03666500533867761
2547,21,210,1330,14,0.010526315789473684,0.013559034995410434,0.0009685024996721739,21,210,5382.377948926563,194.1715613861926,5576.549510312754,0.034819301976447926
2548,21,210,1330,15,0.011278195488721804,0.009316531204925357,0.000621102080328357,21,210,5403.7656301697425,227.09975542762004,5630.865385597359,0.0403312350546501
2549,21,210,1330,10,0.007518796992481203,0.00729504473024787,0.0007295044730247872,21,210,5503.965196037931,202.85932694966175,5706.824522987591,0.035546795969023846
2550,21,210,1330,28,0.021052631578947368,0.016142708134453083,0.0005765252905161816,21,210,5516.887634054561,210.69533062941272,5727.582964683974,0.036786080957456384
2551,21,210,1330,8,0.006015037593984963,0.0017714786677146958,0.00022143483346433697,21,210,5484.005718033865,197.54069620362685,5681.546414237495,0.03476882556280907
2552,21,210,1330,18,0.013533834586466165,0.010124197134538613,0.0005624553963632562,21,210,5695.015469117745,208.6010023884975,5903.6164715062405,0.03533444345433153
2553,21,210,1330,15,0.011278195488721804,0.002726364716774261,0.0001817576477849507,21,210,5194.1300130435175,191.00773926393617,5385.137752307449,0.035469424933854715
2554,21,210,1330,21,0.015789473684210527,0.008509235670933792,0.00040520169861589484,21,210,5289.597466833698,185.00082589641016,5474.598292730103,0.03379258458873207
2555,21,210,1330,15,0.011278195488721804,0.004164257266107503,0.0002776171510738336,21,210,5430.923849309895,203.12070394134247,5634.044553251237,0.03605237800686678
2556,21,210,1330,25,0.018796992481203006,0.014210853249373242,0.0005684341299749296,21,210,5337.7773772188175,211.6700852925518,5549.447462511367,0.038142551438222254
2557,21,210,1330,19,0.014285714285714285,0.003440923987019203,0.0001811012624746949,21,210,5311.075126221052,220.98339311310792,5532.0585193341585,0.03994596086443887
2558,21,210,1330,31,0.02330827067669173,0.005669223929296337,0.00018287819126762376,21,210,5529.535009850051,214.27712034288322,5743.812130192933,0.03730573275830414
2559,21,210,1330,10,0.007518796992481203,0.0030351581765409234,0.00030351581765409235,21,210,5507.941652292449,179.34402140980222,5687.285673702252,0.031534203080228716
2560,21,210,1330,10,0.007518796992481203,0.00446504389361903,0.000446504389361903,21,210,5291.352054520542,208.98509000346172,5500.3371445240045,0.03799496003831728
2561,21,210,1330,8,0.006015037593984963,0.002525242522165642,0.00031565531527070524,21,210,5607.497567018041,217.14392070937902,5824.6414877274165,0.037280220794173105
2562,21,210,1330,9,0.006766917293233083,0.0032262561435052817,0.0003584729048339201,21,210,5488.260926919234,211.9618340638001,5700.222760983037,0.037184833462060356
2563,21,210,1330,20,0.015037593984962405,0.004783069654463356,0.00023915348272316779,21,210,5473.622615805374,208.72477570751323,5682.347391512885,0.03673213925978252
2564,21,210,1330,10,0.007518796992481203,0.005014521459572624,0.0005014521459572623,21,210,5496.193465236609,187.10627645107058,5683.299741687675,0.03292212006321327
2565,21,210,1330,6,0.004511278195488722,0.00343105309632199,0.0005718421827203316,21,210,5177.234627237088,189.0401204954052,5366.27474773249,0.03522743977566258
2566,21,210,1330,12,0.009022556390977444,0.00506403784138481,0.00042200315344873425,21,210,5491.6125748152535,218.17138860354362,5709.7839634187985,0.03821009516319966
2567,21,210,1330,27,0.02030075187969925,0.009700006056846537,0.00035925948358690875,21,210,5483.385091270982,209.5368139510427,5692.921905222021,0.03680654985954367
2568,21,210,1330,23,0.017293233082706767,0.01468057267368441,0.0006382857684210613,21,210,5459.863579972821,247.60137372810317,5707.464953700922,0.043382022620664484
2569,21,210,1330,22,0.016541353383458645,0.003560082220455038,0.0001618219191115926,21,210,5320.530205288784,210.45869134826802,5530.98889663705,0.038050825138381865
2570,21,210,1330,8,0.006015037593984963,0.0007857356246846899,9.821695308558624e-05,21,210,5375.666807826443,169.99349113255994,5545.660298959003,0.030653426637846908
2571,21,210,1330,21,0.015789473684210527,0.004907355984295715,0.0002336836182997959,21,210,5390.656917829945,206.76559476225168,5597.422512592196,0.03693942958515337
2572,21,210,1330,18,0.013533834586466165,0.006532889577151755,0.00036293830984176416,21,210,5377.745153148817,238.36052082304388,5616.105673971857,0.0424423140625253
2573,21,210,1330,21,0.015789473684210527,0.008006693110530306,0.00038127110050144313,21,210,5319.009900446647,209.93737258210945,5528.947273028756,0.03797058684321759
2574,21,210,1330,17,0.012781954887218045,0.0025010617278752065,0.0001471212781103063,21,210,5427.9445288024035,236.64932203359848,5664.593850836001,0.04177692668975251
2575,21,210,1330,11,0.008270676691729323,0.002150918379598737,0.0001955380345089761,21,210,5615.40019221783,194.0346899401702,5809.434882157993,0.033399925100476104
2576,21,210,1330,9,0.006766917293233083,0.0024224252878722063,0.00026915836531913397,21,210,5358.238196395139,236.7744982052505,5595.012694600393,0.0423188491482344
2577,21,210,1330,26,0.019548872180451128,0.012557427687353998,0.0004829779879751538,21,210,5611.1226767604585,225.50879082413869,5836.631467584593,0.03863680482082284
2578,21,210,1330,29,0.02180451127819549,0.013425316571476636,0.0004629419507405737,21,210,5380.870437851743,232.16485529469185,5613.035293146435,0.041361730894186106
2579,21,210,1330,11,0.008270676691729323,0.003538079918254765,0.00032164362893225137,21,210,5249.86646487756,200.05000816936112,5449.916473046924,0.03670698609028731
2580,21,210,1330,22,0.016541353383458645,0.009042787782806237,0.0004110358083093745,21,210,5462.446355350412,214.2077350422423,5676.65409039265,0.03773485782844762
2581,21,210,1330,17,0.012781954887218045,0.004876468587799807,0.0002868510933999887,21,210,5538.702853908866,195.79192731447435,5734.494781223336,0.034142838172172195
2582,21,210,1330,15,0.011278195488721804,0.0055608441814374914,0.00037072294542916614,21,210,5263.418242958822,183.7866888745673,5447.204931833382,0.03373963182485034
2583,21,210,1330,17,0.012781954887218045,0.007384711018704149,0.00043439476580612636,21,210,5272.530957737874,201.20594901632728,5473.736906754202,0.03675842526666809
2584,21,210,1330,7,0.005263157894736842,0.0012609772393484234,0.00018013960562120334,21,210,5604.5353540136875,229.00319446888284,5833.538548482567,0.039256309453625134
2585,21,210,1330,15,0.011278195488721804,0.004231782036217157,0.00028211880241447713,21,210,5407.351174256863,191.57572156351884,5598.926895820379,0.034216507042899746
2586,21,210,1330,16,0.012030075187969926,0.010976669544704052,0.0006860418465440033,21,210,5513.653328245916,242.02114010116264,5755.674468347077,0.04204913627970809
2587,21,210,1330,23,0.017293233082706767,0.007940217474618181,0.0003452268467225296,21,210,5585.449571966443,200.76808097003183,5786.217652936473,0.034697637215244256
2588,21,210,1330,26,0.019548872180451128,0.008026186353948675,0.0003086994751518722,21,210,5226.095217607883,208.5321021509792,5434.627319758859,0.03837100317676098
2589,21,210,1330,13,0.009774436090225564,0.004276398821128274,0.0003289537554714057,21,210,5394.827050710672,204.51485002434495,5599.3419007350185,0.03652480124449956
2590,21,210,1330,10,0.007518796992481203,0.00673426070252361,0.000673426070252361,21,210,5381.583343252342,197.28537560278767,5578.868718855127,0.03536297151714905
2591,21,210,1330,15,0.011278195488721804,0.003703693566152322,0.0002469129044101548,21,210,5473.9021005647155,216.61837378540872,5690.520474350122,0.038066530954736146
2592,21,210,1330,41,0.030827067669172932,0.011897272980291449,0.00029017738976320605,21,210,5446.223785322241,173.07684243370758,5619.300627755947,0.03080042409171217
2593,21,210,1330,12,0.009022556390977444,0.006288839281484898,0.0005240699401237415,21,210,5476.801053932197,253.81929175788008,5730.620345690072,0.04429176536686371
2594,21,210,1330,20,0.015037593984962405,0.009259344772229922,0.00046296723861149607,21,210,5343.761096197213,224.1389974294164,5567.900093626626,0.04025557098015825
2595,21,210,1330,11,0.008270676691729323,0.002243082514576095,0.00020391659223419043,21,210,5423.196395419027,196.01848271197645,5619.214878131006,0.034883606867366086
2596,21,210,1330,19,0.014285714285714285,0.008177665826247717,0.00043040346453935354,21,210,5357.303885994819,220.6372269538621,5577.94111294868,0.039555316645719506
2597,21,210,1330,14,0.010526315789473684,0.007236225400509016,0.0005168732428935013,21,210,5416.104637138056,213.03601832480922,5629.140655462866,0.03784521143881276
2598,21,210,1330,20,0.015037593984962405,0.0029286181317332892,0.00014643090658666446,21,210,5403.830192130174,180.87722163978765,5584.7074137699565,0.0323879494911062
2599,21,210,1330,12,0.009022556390977444,0.0029460884590651252,0.0002455073715887604,21,210,5429.297374255584,180.99287668046384,5610.2902509360465,0.03226087574529075
2600,21,210,1330,22,0.016541353383458645,0.011045183869227326,0.0005020538122376059,21,210,5287.434044626529,213.48770683748523,5500.921751464012,0.038809442577631234
2601,21,210,1330,8,0.006015037593984963,0.0011051886252995769,0.00013814857816244714,21,210,5518.172051286743,210.32155810830184,5728.49360939504,0.03671498520367782
2602,21,210,1330,5,0.0037593984962406013,0.0009493460363655241,0.00018986920727310483,21,210,5595.316954487844,182.86416959666604,5778.181124084511,0.03164735851468119
2603,21,210,1330,24,0.01804511278195489,0.012176224023208322,0.00050734266763368,21,210,5637.044870798542,208.9029472810788,5845.947818079621,0.03573465822514011
2604,21,210,1330,9,0.006766917293233083,0.0048321648643132285,0.0005369072071459143,21,210,5484.268460242957,220.0697394505438,5704.3381996935,0.038579363941354035
2605,21,210,1330,9,0.006766917293233083,0.0017315948303894056,0.0001923994255988228,21,210,5433.092229720634,200.7820012998817,5633.874231020513,0.03563835347874145
2606,21,210,1330,18,0.013533834586466165,0.005875175926853053,0.00032639866260294743,21,210,5414.545735881327,211.18071846740878,5625.726454348733,0.03753839085157871
2607,21,210,1330,20,0.015037593984962405,0.006693491189564437,0.0003346745594782219,21,210,5424.994311303939,224.11315730649986,5649.107468610435,0.039672312582438286
2608,21,210,1330,11,0.008270676691729323,0.006031113657315194,0.0005482830597559267,21,210,5330.028182242733,182.5541098740033,5512.582292116735,0.03311589745064935
2609,21,210,1330,13,0.009774436090225564,0.0017842510309115408,0.00013725007930088774,21,210,5313.890269313382,178.47828015858818,5492.368549471968,0.0324956853406618
2610,21,210,1330,21,0.015789473684210527,0.009495076072107773,0.0004521464796241797,21,210,5422.014401079834,225.56535100323956,5647.579752083071,0.039940179847843905
2611,21,210,1330,17,0.012781954887218045,0.004118383087649425,0.00024225782868526029,21,210,5497.41721729228,200.07577952232543,5697.492996814606,0.03511645905211032
2612,21,210,1330,22,0.016541353383458645,0.0043144434315018,0.00019611106506826364,21,210,5419.915164949877,193.5036322932111,5613.4187972430855,0.03447161868418697
2613,21,210,1330,13,0.009774436090225564,0.01170277333120321,0.0009002133331694779,21,210,5448.618398714963,212.31848731578484,5660.9368860307495,0.03750589197341416
2614,21,210,1330,12,0.009022556390977444,0.00286617055466421,0.0002388475462220175,21,210,5335.052410127508,179.6554181228448,5514.707828250353,0.03257750432443924
2615,21,210,1330,7,0.005263157894736842,0.002263189980482388,0.0003233128543546269,21,210,5397.970487159255,209.6789595090163,5607.649446668269,0.03739159544532425
2616,21,210,1330,10,0.007518796992481203,0.004035199312490456,0.0004035199312490456,21,210,5408.52684833356,174.19687578087866,5582.723724114439,0.03120284728195298
2617,21,210,1330,14,0.010526315789473684,0.01491710203636348,0.001065507288311677,21,210,5413.4688971471605,226.1848977473363,5639.653794894496,0.040106167146660404
2618,21,210,1330,15,0.011278195488721804,0.00504819636403503,0.00033654642426900194,21,210,5294.228030040471,154.82323552390184,5449.051265564371,0.02841287922951234
2619,21,210,1330,17,0.012781954887218045,0.011149656304893512,0.0006558621355819712,21,210,5560.819529659557,209.6134774447982,5770.433007104353,0.036325432976473254
2620,21,210,1330,35,0.02631578947368421,0.014498871539520349,0.00041425347255772424,21,210,5465.570980423447,235.2468560013996,5700.817836424843,0.0412654574749454
2621,21,210,1330,25,0.018796992481203006,0.023518994241771653,0.0009407597696708662,21,210,5353.39700641763,228.16988754639777,5581.566893964025,0.0408791817568546
2622,21,210,1330,7,0.005263157894736842,0.0016271299430091746,0.0002324471347155964,21,210,5416.150464655635,178.7459676385175,5594.89643229415,0.03194803868160682
2623,21,210,1330,16,0.012030075187969926,0.0032774924433335816,0.00020484327770834885,21,210,5480.527861721037,216.24648971426384,5696.7743514353,0.03795946203482338
2624,21,210,1330,21,0.015789473684210527,0.002756490415392012,0.00013126144835200058,21,210,5232.83565607622,197.89703647756818,5430.732692553789,0.036440209393644
2625,21,210,1330,35,0.02631578947368421,0.0072404635882069605,0.00020687038823448455,21,210,5301.161565740349,210.26463293426514,5511.426198674617,0.0381506755882587
2626,21,210,1330,25,0.018796992481203006,0.00455600746107478,0.0001822402984429912,21,210,5547.276981045243,193.89104417016054,5741.168025215404,0.03377205532368754
2627,21,210,1330,14,0.010526315789473684,0.00378276419434208,0.0002701974424530057,21,210,5440.187994115013,185.2532948977776,5625.441289012789,0.032931335584214724
2628,21,210,1330,23,0.017293233082706767,0.008478376933910098,0.0003686250840830478,21,210,5443.01462738509,207.09649536546587,5650.111122750553,0.03665352607519132
2629,21,210,1330,12,0.009022556390977444,0.003648453352065917,0.00030403777933882644,21,210,5382.891626706143,225.02860288126004,5607.920229587405,0.040126926501915704
2630,21,210,1330,6,0.004511278195488722,0.0006112313124028245,0.00010187188540047077,21,210,5539.659822050047,212.14555808338878,5751.8053801334345,0.036883299079647804
2631,21,210,1330,9,0.006766917293233083,0.006555303132800119,0.0007283670147555688,21,210,5581.164239962548,186.72953312464557,5767.893773087189,0.03237395494277646
2632,21,210,1330,21,0.015789473684210527,0.004434032925172703,0.00021114442500822398,21,210,5517.1435981448085,183.51896758102538,5700.662565725831,0.03219256805066816
2633,21,210,1330,22,0.016541353383458645,0.007057284704671586,0.00032078566839416307,21,210,5493.758590017118,238.84214524974004,5732.600735266855,0.04166383745869262
2634,21,210,1330,12,0.009022556390977444,0.0019603426208462055,0.00016336188507051712,21,210,5419.572768585247,177.8895222438764,5597.462290829122,0.031780387790254605
2635,21,210,1330,20,0.015037593984962405,0.005439721883955055,0.00027198609419775273,21,210,5316.630477556937,211.52672366014758,5528.157201217084,0.03826351457834406
2636,21,210,1330,20,0.015037593984962405,0.003811228856995221,0.00019056144284976105,21,210,5366.80811673137,193.54040292037607,5560.348519651745,0.034807243149661035
2637,21,210,1330,23,0.017293233082706767,0.013313191120369912,0.0005788343965378223,21,210,5171.019966399113,196.42193820232694,5367.441904601437,0.036595074840761105
2638,21,210,1330,23,0.017293233082706767,0.011558860949581874,0.000502559171720951,21,210,5442.70922050546,203.3205617733613,5646.029782278817,0.03601124500113747
2639,21,210,1330,23,0.017293233082706767,0.01114114426163475,0.0004843975765928152,21,210,5302.012963869909,218.44468548789632,5520.457649357801,0.039570031936266764
2640,21,210,1330,13,0.009774436090225564,0.008618135523534992,0.000662933501810384,21,210,5369.982298400708,208.8035979963036,5578.785896397012,0.03742814330464927
2641,21,210,1330,11,0.008270676691729323,0.001946157867239073,0.00017692344247627938,21,210,5474.077451222465,229.05590511070682,5703.133356333172,0.04016316834961374
2642,21,210,1330,25,0.018796992481203006,0.007549217949554708,0.0003019687179821883,21,210,5310.987097479416,212.76695078671779,5523.754048266132,0.03851854172498934
2643,21,210,1330,27,0.02030075187969925,0.004311687070670726,0.0001596921137285454,21,210,5529.166525007783,188.768059521439,5717.934584529219,0.03301332967889856
2644,21,210,1330,32,0.02406015037593985,0.00745621088689055,0.0002330065902153297,21,210,5475.348310840613,250.31865891463406,5725.666969755244,0.043718689933748354
2645,21,210,1330,7,0.005263157894736842,0.0031042949414800194,0.00044347070592571714,21,210,5413.065459057712,214.7148712512766,5627.780330308988,0.03815267452691919
2646,21,210,1330,19,0.014285714285714285,0.006334751796021339,0.000333407989264281,21,210,5823.025059925216,232.5305782107614,6055.555638135975,0.03839954450197061
2647,21,210,1330,12,0.009022556390977444,0.0031909970661648875,0.0002659164221804073,21,210,5277.439324507133,210.64801394027677,5488.087338447406,0.03838277362398347
2648,21,210,1330,21,0.015789473684210527,0.003520271612265255,0.0001676319815364407,21,210,5361.537511507382,227.5048811483269,5589.042392655705,0.040705520760994804
2649,21,210,1330,22,0.016541353383458645,0.004971401952925003,0.0002259728160420456,21,210,5346.680712306626,208.54956475000958,5555.230277056632,0.03754111969243279
2650,21,210,1330,17,0.012781954887218045,0.004768328889381879,0.0002804899346695223,21,210,5487.369555256379,220.39174282352536,5707.761298079902,0.03861264185971922
2651,21,210,1330,10,0.007518796992481203,0.007214797640528241,0.0007214797640528242,21,210,5469.399601543361,221.7759163297211,5691.175517873078,0.038968384586494674
2652,21,210,1330,13,0.009774436090225564,0.007456655106213373,0.0005735888543241056,21,210,5490.940434936527,251.91245352330458,5742.852888459829,0.04386538509971562
2653,21,210,1330,13,0.009774436090225564,0.008315499475058637,0.0006396538057737414,21,210,5365.746041317028,210.60254484953856,5576.348586166567,0.037767105408723425
2654,21,210,1330,12,0.009022556390977444,0.001956233358116685,0.00016301944650972376,21,210,5493.936259180668,190.50457947630454,5684.440838656974,0.03351333664707712
2655,21,210,1330,28,0.021052631578947368,0.00889389113104098,0.00031763896896574924,21,210,5670.951993417978,201.0709198745705,5872.022913292549,0.034242189249535204
2656,21,210,1330,12,0.009022556390977444,0.0030880582984413527,0.0002573381915367794,21,210,5367.108790930721,220.1410825526917,5587.2498734834135,0.03940061524677132
2657,21,210,1330,16,0.012030075187969926,0.00609841360989478,0.00038115085061842376,21,210,5515.492836594842,235.36364989410674,5750.856486488945,0.0409267124726673
2658,21,210,1330,21,0.015789473684210527,0.004537717281817021,0.0002160817753246201,21,210,5343.775879216409,188.60734729665313,5532.383226513057,0.03409151889420508
2659,21,210,1330,17,0.012781954887218045,0.003422013275463413,0.00020129489855667134,21,210,5457.365292587418,189.85577408235824,5647.221066669776,0.03361932742511144
2660,21,210,1330,20,0.015037593984962405,0.008232156308628922,0.0004116078154314461,21,210,5453.694223895172,194.511326386417,5648.205550281593,0.03443772091062083
2661,21,210,1330,19,0.014285714285714285,0.005533717988547306,0.00029124831518670033,21,210,5456.923830748684,233.37719049377154,5690.301021242448,0.04101315371938176
2662,21,210,1330,22,0.016541353383458645,0.011791003745423927,0.0005359547157010876,21,210,5459.060817704485,192.31310595822953,5651.373923662713,0.03402944284981756
2663,21,210,1330,7,0.005263157894736842,0.003407139958488788,0.0004867342797841126,21,210,5405.22227302717,204.0840451286349,5609.306318155801,0.036383116477000065
2664,21,210,1330,26,0.019548872180451128,0.004890330613048282,0.00018808963896339547,21,210,5391.889938803974,193.6132016684204,5585.503140472394,0.03466352033096262
2665,21,210,1330,31,0.02330827067669173,0.00703195973881597,0.0002268374109295474,21,210,5558.130878022841,193.6977396857725,5751.828617708612,0.03367585381271964
2666,21,210,1330,16,0.012030075187969926,0.0027832761158781377,0.00017395475724238358,21,210,5654.650554137905,230.3735377263705,5885.02409186427,0.039145725511107
2667,21,210,1330,21,0.015789473684210527,0.014435859536994078,0.0006874218827140037,21,210,5220.919772346253,187.45628253311833,5408.376054879366,0.03466036396710945
2668,21,210,1330,26,0.019548872180451128,0.005933141644390086,0.00022819775555346482,21,210,5377.3134317477725,206.5258440572317,5583.8392758049995,0.03698635183718781
2669,21,210,1330,11,0.008270676691729323,0.003618727334695329,0.00032897521224502994,21,210,5564.83439040444,219.66038167592149,5784.4947720803575,0.0379739960585913
2670,21,210,1330,19,0.014285714285714285,0.00957348785376659,0.0005038677817771891,21,210,5367.713321956349,233.84318688000675,5601.556508836347,0.04174610869516779
2671,21,210,1330,13,0.009774436090225564,0.0013795257055141694,0.00010611736196262841,21,210,5461.453445135776,201.24344390565943,5662.696889041437,0.03553844534661739
2672,21,210,1330,8,0.006015037593984963,0.006409678258570513,0.0008012097823213143,21,210,5557.248482660243,212.19637547939706,5769.4448581396355,0.03677934024796626
2673,21,210,1330,13,0.009774436090225564,0.003760209190209328,0.00028924686078533293,21,210,5403.1618766913025,233.8311476866731,5636.993024377978,0.041481539302148686
2674,21,210,1330,10,0.007518796992481203,0.0064855942993239,0.0006485594299323899,21,210,5577.433568155149,239.13151510735193,5816.565083262495,0.041112153252693205
2675,21,210,1330,18,0.013533834586466165,0.008345662666173976,0.0004636479258985542,21,210,5267.979019001981,187.70265526331713,5455.681674265295,0.03440498666715092
2676,21,210,1330,9,0.006766917293233083,0.0013257272619841064,0.00014730302910934514,21,210,5505.0766335476,208.6763944272367,5713.753027974832,0.03652177358831336
2677,21,210,1330,39,0.029323308270676692,0.010424338188966065,0.0002672907227940017,21,210,5609.785398878637,219.13365473267424,5828.919053611309,0.03759421819332178
2678,21,210,1330,11,0.008270676691729323,0.004790302851454661,0.00043548207740496916,21,210,5421.730822595352,182.2588037823943,5603.989626377747,0.03252304446184369
2679,21,210,1330,13,0.009774436090225564,0.005052501422444398,0.000388653955572646,21,210,5454.7883149750505,223.0704670425112,5677.858782017563,0.03928778006050472
2680,21,210,1330,15,0.011278195488721804,0.0036819601683339186,0.0002454640112222612,21,210,5350.46140688834,224.40615861425806,5574.8675655025945,0.04025318197743179
2681,21,210,1330,14,0.010526315789473684,0.0031272559312029062,0.0002233754236573505,21,210,5438.640508992565,177.30998626915724,5615.950495261721,0.031572569312845064
2682,21,210,1330,20,0.015037593984962405,0.00734195113147237,0.0003670975565736185,21,210,5397.571639850833,206.32602800276626,5603.8976678536,0.03681830758372736
2683,21,210,1330,4,0.0030075187969924814,0.0017220832858335165,0.0004305208214583792,21,210,5448.3214961760405,176.03626908453674,5624.357765260578,0.03129891028124896
2684,21,210,1330,19,0.014285714285714285,0.011221676247178843,0.0005906145393252024,21,210,5317.666970779362,243.3810301421791,5561.048000921536,0.043765317275061784
2685,21,210,1330,17,0.012781954887218045,0.0012808793327489937,7.534584310288199e-05,21,210,5558.509240005627,213.46665891906156,5771.975898924691,0.03698329006516296
2686,21,210,1330,9,0.006766917293233083,0.0053006211221890516,0.0005889579024654501,21,210,5507.967357522577,205.0937102027409,5713.0610677253135,0.035899092933099015
2687,21,210,1330,11,0.008270676691729323,0.0022620424350669878,0.00020564022136972617,21,210,5510.131546591175,219.0317293504325,5729.1632759416025,0.03823101538582597
2688,21,210,1330,19,0.014285714285714285,0.005004740338012943,0.00026340738621120755,21,210,5523.712061257207,194.59382350135473,5718.305884758562,0.03402997800800068
2689,21,210,1330,6,0.004511278195488722,0.00048067653685051487,8.011275614175246e-05,21,210,5460.595764107109,250.1240037406716,5710.719767847777,0.043799033030636154
2690,21,210,1330,13,0.009774436090225564,0.013748793739621078,0.001057599518432391,21,210,5365.86280056346,220.65709111780404,5586.51989168126,0.03949813039176299
2691,21,210,1330,12,0.009022556390977444,0.008724080481601492,0.0007270067068001242,21,210,5589.141738586093,208.97333125029198,5798.115069836385,0.036041597783637795
2692,21,210,1330,15,0.011278195488721804,0.0022278272801740905,0.0001485218186782727,21,210,5424.166888543714,207.48337152855663,5631.650260072274,0.03684237513817022
2693,21,210,1330,14,0.010526315789473684,0.0038416597435465853,0.0002744042673961847,21,210,5608.340393398563,230.21328050791743,5838.553673906478,0.03942984741868196
2694,21,210,1330,13,0.009774436090225564,0.0021927245049315823,0.00016867111576396784,21,210,5410.075126312716,208.83647939918683,5618.911605711903,0.037166713779034036
2695,21,210,1330,20,0.015037593984962405,0.007553479477673101,0.00037767397388365506,21,210,5525.309516072113,217.6342394289248,5742.9437555010345,0.037895937814201634
2696,21,210,1330,14,0.010526315789473684,0.005900249434349795,0.00042144638816784245,21,210,5331.325052070763,212.37874834530814,5543.703800416068,0.03830990182580978
2697,21,210,1330,16,0.012030075187969926,0.0064773446348793985,0.0004048340396799624,21,210,5590.865149951498,196.86766183546112,5787.732811786958,0.03401464238890433
2698,21,210,1330,15,0.011278195488721804,0.00721471141113589,0.0004809807607423927,21,210,5424.2414999002085,184.13677765905888,5608.378277559266,0.03283244612722417
2699,21,210,1330,23,0.017293233082706767,0.002676117263056795,0.00011635292448073022,21,210,5385.471426593158,197.14980127754725,5582.621227870706,0.035314916278628324
2700,21,210,1330,22,0.016541353383458645,0.0069753114550041625,0.00031705961159109836,21,210,5536.897682265947,218.8954751824678,5755.793157448413,0.03803046238713447
2701,21,210,1330,17,0.012781954887218045,0.004225066399036709,0.0002485333175903946,21,210,5347.30323505538,208.0969215672248,5555.400156622602,0.03745849366389064
2702,21,210,1330,22,0.016541353383458645,0.0077421635792678375,0.0003519165263303563,21,210,5437.254899934534,243.4903166393829,5680.74521657392,0.04286238994295768
2703,21,210,1330,21,0.015789473684210527,0.011262045939521084,0.0005362879018819564,21,210,5410.2888889586875,185.17842389845669,5595.467312857146,0.03309436255180289
2704,21,210,1330,26,0.019548872180451128,0.017358938178722524,0.0006676514684124048,21,210,5335.9304383989,215.7926276011206,5551.723066000017,0.03886948701074132
2705,21,210,1330,24,0.01804511278195489,0.009369577934217997,0.0003903990805924166,21,210,5297.161197000696,206.13952775743962,5503.300724758134,0.037457434740948
2706,21,210,1330,12,0.009022556390977444,0.0052794131065833335,0.00043995109221527773,21,210,5433.567120532665,209.11959419148621,5642.686714724148,0.03706028790253498
2707,21,210,1330,13,0.009774436090225564,0.0026625111129255363,0.0002048085471481182,21,210,5362.188226681803,174.91586309698457,5537.104089778785,0.03158977332932397
2708,21,210,1330,29,0.02180451127819549,0.010676637772028933,0.0003681599231734115,21,210,5376.115924386347,189.9311860162052,5566.047110402548,0.03412317255835605
2709,21,210,1330,21,0.015789473684210527,0.0028908925013367013,0.00013766154768270005,21,210,5524.535813769093,188.62327576947985,5713.159089538565,0.03301558258982674
2710,21,210,1330,7,0.005263157894736842,0.0017273748818872417,0.00024676784026960596,21,210,5312.031557091862,165.68123285327655,5477.712789945137,0.030246425690189566
2711,21,210,1330,13,0.009774436090225564,0.0038540393212814655,0.00029646456317549737,21,210,5434.2108267826325,213.93598512998787,5648.146811912615,0.037877199770864914
2712,21,210,1330,16,0.012030075187969926,0.00875665554301962,0.0005472909714387261,21,210,5382.39064400889,196.08422448209836,5578.474868490989,0.03515014929791022
2713,21,210,1330,15,0.011278195488721804,0.00875964391854454,0.0005839762612363027,21,210,5273.667897187286,229.7121543561728,5503.380051543457,0.04174019460853855
2714,21,210,1330,16,0.012030075187969926,0.0060023600958112565,0.00037514750598820353,21,210,5499.526130872906,220.1183450683078,5719.644475941211,0.038484620153263226
2715,21,210,1330,16,0.012030075187969926,0.005064688478740863,0.000316543029921304,21,210,5405.865379615496,244.17663164236967,5650.042011257863,0.04321678160194934
2716,21,210,1330,20,0.015037593984962405,0.0038345761333009707,0.00019172880666504857,21,210,5274.221502445316,221.19751229970498,5495.419014745017,0.04025125503736831
2717,21,210,1330,9,0.006766917293233083,0.004466472112082364,0.0004962746791202626,21,210,5417.12269820064,186.1204532802274,5603.24315148087,0.033216558383877735
2718,21,210,1330,24,0.01804511278195489,0.003613408507448577,0.00015055868781035735,21,210,5657.2682298725795,251.4758614998251,5908.744091372401,0.0425599514230131
2719,21,210,1330,25,0.018796992481203006,0.013834539705969694,0.0005533815882387878,21,210,5389.513335967407,185.6601287487686,5575.173464716175,0.033301229087088206
2720,21,210,1330,31,0.02330827067669173,0.005093807193402344,0.0001643163610774949,21,210,5460.218925486931,193.76410825956725,5653.983033746499,0.03427037313395922
2721,21,210,1330,12,0.009022556390977444,0.0033010470961275166,0.0002750872580106264,21,210,5307.866383972641,170.6224924870402,5478.488876459683,0.031144079386595403
2722,21,210,1330,5,0.0037593984962406013,0.0030809287121548604,0.0006161857424309721,21,210,5506.826387112611,189.8176521867396,5696.644039299348,0.03332096070550443
2723,21,210,1330,21,0.015789473684210527,0.013205128840972784,0.000628815659093942,21,210,5402.168083472558,233.02207682305897,5635.190160295619,0.041351235751525155
2724,21,210,1330,21,0.015789473684210527,0.012673021000592078,0.0006034771905043848,21,210,5345.6197693773065,187.21136035849793,5532.831129735805,0.033836449363571545
2725,21,210,1330,23,0.017293233082706767,0.004704981125495807,0.00020456439676068725,21,210,5446.146278765991,225.5829645955397,5671.72924336153,0.0397732252221971
2726,21,210,1330,12,0.009022556390977444,0.007131002208588242,0.0005942501840490202,21,210,5275.796685000434,242.1354565890718,5517.932141589499,0.04388155750667171
2727,21,210,1330,5,0.0037593984962406013,0.0008039666095481369,0.00016079332190962738,21,210,5485.548321365643,175.66597459807664,5661.214295963717,0.031029734154971213
2728,21,210,1330,19,0.014285714285714285,0.010770226614304127,0.0005668540323317963,21,210,5354.756481752613,200.52838526264645,5555.284867015258,0.03609686812881412
2729,21,210,1330,10,0.007518796992481203,0.0015732458384341483,0.0001573245838434148,21,210,5578.7043905337605,203.9136027246555,5782.617993258412,0.035263197908349725
2730,21,210,1330,11,0.008270676691729323,0.003154428019972952,0.0002867661836339047,21,210,5342.577123068802,210.79411663739543,5553.371239706192,0.03795786514869259
2731,21,210,1330,11,0.008270676691729323,0.005018650491017054,0.0004562409537288231,21,210,5474.972688429674,233.34779596531416,5708.320484394984,0.04087853802238756
2732,21,210,1330,8,0.006015037593984963,0.0005271374466140587,6.589218082675733e-05,21,210,5626.9227230000215,202.3068963416153,5829.229619341633,0.03470559740353208
2733,21,210,1330,16,0.012030075187969926,0.003233759527582332,0.00020210997047389576,21,210,5452.1475828443245,164.19914506202775,5616.34672790635,0.02923593449922875
2734,21,210,1330,23,0.017293233082706767,0.007836354233428431,0.0003407110536273231,21,210,5339.503423305384,228.19404126577155,5567.697464571152,0.040985352152812786
2735,21,210,1330,15,0.011278195488721804,0.002779817383136483,0.00018532115887576553,21,210,5509.02008708589,177.6136515832444,5686.633738669134,0.03123353107401147
2736,21,210,1330,34,0.02556390977443609,0.00882739166586487,0.00025962916664308447,21,210,5457.594740510987,231.8834070959403,5689.478147606926,0.04075653356599563
2737,21,210,1330,9,0.006766917293233083,0.0026760734934893693,0.0002973414992765966,21,210,5302.365503331406,172.29311148316674,5474.658614814569,0.03147102378528902
2738,21,210,1330,29,0.02180451127819549,0.012500010769949598,0.000431034854136193,21,210,5495.388447599204,241.67550736532627,5737.063954964529,0.04212529427289964
2739,21,210,1330,14,0.010526315789473684,0.004266240546477107,0.00030473146760550757,21,210,5453.000754903114,235.00282115416013,5688.003576057277,0.041315519234792
2740,21,210,1330,10,0.007518796992481203,0.004758881859218252,0.00047588818592182524,21,210,5368.051889784988,186.1437688689929,5554.195658653978,0.03351408202175283
2741,21,210,1330,14,0.010526315789473684,0.0022644955000340364,0.0001617496785738597,21,210,5559.972483221855,188.37361960109337,5748.34610282295,0.03277005528748263
2742,21,210,1330,25,0.018796992481203006,0.004324987765624603,0.00017299951062498412,21,210,5323.745760051426,208.8778875663765,5532.623647617796,0.03775385800122404
2743,21,210,1330,5,0.0037593984962406013,7.410750241366043e-05,1.4821500482732085e-05,21,210,5324.678502842038,188.84460850481742,5513.523111346856,0.034251168389259914
2744,21,210,1330,14,0.010526315789473684,0.01136206172711925,0.000811575837651375,21,210,5629.346440465599,201.09901661107992,5830.4454570766775,0.03449119249833593
2745,21,210,1330,19,0.014285714285714285,0.004384284300074868,0.00023075180526709832,21,210,5445.400041245131,179.60175844852648,5625.001799693653,0.03192919128635797
2746,21,210,1330,26,0.019548872180451128,0.006021426218741622,0.00023159331610544698,21,210,5431.2763806131825,186.57727939448824,5617.8536600076695,0.033211487996330884
2747,21,210,1330,16,0.012030075187969926,0.010789229744022775,0.0006743268590014234,21,210,5470.500570671683,214.0556919356009,5684.5562626072815,0.03765565543675734
2748,21,210,1330,9,0.006766917293233083,0.002070415967960953,0.00023004621866232818,21,210,5461.65281081088,202.68250877884572,5664.335319589723,0.035782222863445574
2749,21,210,1330,16,0.012030075187969926,0.004110213841309552,0.000256888365081847,21,210,5498.2774676575045,207.07295117286225,5705.350418830366,0.03629451934966574
2750,21,210,1330,13,0.009774436090225564,0.003380109263442601,0.0002600084048802001,21,210,5504.680232939682,214.90954084434537,5719.589773784025,0.03757429279795416
2751,21,210,1330,12,0.009022556390977444,0.006554855422344317,0.0005462379518620264,21,210,5524.194306524138,203.23265726150726,5727.426963785643,0.03548411154721685
2752,21,210,1330,10,0.007518796992481203,0.004526662401588806,0.00045266624015888064,21,210,5733.608248933442,226.36642224730826,5959.974671180747,0.037981104742255925
2753,21,210,1330,19,0.014285714285714285,0.011652014924708274,0.0006132639434056987,21,210,5559.6789573246115,216.4781123769128,5776.15706970152,0.037477878417198095
2754,21,210,1330,19,0.014285714285714285,0.011168174545815847,0.0005877986603060972,21,210,5576.582333072436,226.3270466451097,5802.9093797175465,0.03900234034951034
2755,21,210,1330,6,0.004511278195488722,0.0005500572886140594,9.167621476900989e-05,21,210,5264.761089734695,193.4463085237242,5458.207398258419,0.035441362778821525
2756,21,210,1330,10,0.007518796992481203,0.0010916395762756088,0.00010916395762756089,21,210,5226.885898981936,189.56002777576958,5416.445926757706,0.03499712363772097
2757,21,210,1330,18,0.013533834586466165,0.0031333123153054867,0.00017407290640586038,21,210,5151.346879738223,194.86792310201378,5346.214802840228,0.03644969951422235
2758,21,210,1330,26,0.019548872180451128,0.004329500586124046,0.0001665192533124633,21,210,5259.900871818725,212.3741554710527,5472.275027289774,0.038809115845230856
2759,21,210,1330,12,0.009022556390977444,0.001700151733256714,0.00014167931110472618,21,210,5396.875915637845,221.83562063163674,5618.711536269477,0.03948158206728721
2760,21,210,1330,15,0.011278195488721804,0.0041893194573371685,0.0002792879638224779,21,210,5284.197609043451,203.0734509653156,5487.271060008761,0.037008095416556905
2761,21,210,1330,17,0.012781954887218045,0.0033149748098878634,0.00019499851822869785,21,210,5534.517304839868,202.86526460484035,5737.382569444711,0.035358504012828015
2762,21,210,1330,9,0.006766917293233083,0.008219724560847292,0.0009133027289830324,21,210,5378.499077523704,172.74725437069233,5551.246331894396,0.031118643281632455
2763,21,210,1330,18,0.013533834586466165,0.00567457151239737,0.000315253972910965,21,210,5702.025524447229,213.386501393816,5915.412025841044,0.036072973524355144
2764,21,210,1330,17,0.012781954887218045,0.00318564548315317,0.00018739091077371584,21,210,5502.786843984566,166.4751466034691,5669.261990588029,0.02936451814713222
2765,21,210,1330,15,0.011278195488721804,0.0014244208142257758,9.496138761505172e-05,21,210,5376.52405946191,170.08692775036695,5546.610987212276,0.03066501835850806
2766,21,210,1330,20,0.015037593984962405,0.002504364959475107,0.00012521824797375537,21,210,5520.536051633936,205.55033257359702,5726.086384207529,0.03589717632282009
2767,21,210,1330,17,0.012781954887218045,0.003963944854227405,0.00023317322671925905,21,210,5550.6293408517095,193.30130587670263,5743.9306467284105,0.03365314063929409
2768,21,210,1330,12,0.009022556390977444,0.0025282256372065335,0.00021068546976721117,21,210,5347.242080997726,207.4292986113977,5554.671379609121,0.03734321698541137
2769,21,210,1330,27,0.02030075187969925,0.010743942712705823,0.00039792380417428977,21,210,5335.779182434804,229.8980391371662,5565.67722157197,0.04130639093587856
2770,21,210,1330,6,0.004511278195488722,0.0023103857581426844,0.0003850642930237807,21,210,5478.387876195571,218.79009033465871,5697.177966530227,0.038403239572294634
2771,21,210,1330,14,0.010526315789473684,0.007720010042066729,0.000551429288719052,21,210,5280.4386924602395,204.884026118508,5485.322718578744,0.03735131671005745
2772,21,210,1330,9,0.006766917293233083,0.002820845014037709,0.00031342722378196764,21,210,5335.184593570918,196.85125611195718,5532.035849682874,0.035583872097148785
2773,21,210,1330,21,0.015789473684210527,0.009286381572238022,0.0004422086462970486,21,210,5500.463140916858,235.48336422381882,5735.946505140671,0.04105396799164251
2774,21,210,1330,15,0.011278195488721804,0.002300198889639685,0.0001533465926426457,21,210,5523.473285049801,225.73261037669397,5749.205895426495,0.039263267742118045
2775,21,210,1330,34,0.02556390977443609,0.01552810312671562,0.00045670891549163596,21,210,5519.611068080408,191.49949049070239,5711.110558571103,0.03353104243504871
2776,21,210,1330,6,0.004511278195488722,0.0012321335576102827,0.00020535559293504706,21,210,5273.824655898472,205.0277953508528,5478.852451249324,0.03742166761656467
2777,21,210,1330,27,0.02030075187969925,0.01373373296947236,0.0005086567766471245,21,210,5294.003553829177,218.20105170740482,5512.204605536575,0.039585078443612025
2778,21,210,1330,8,0.006015037593984963,0.0030659125786414955,0.00038323907233018693,21,210,5380.053566220108,217.387720232184,5597.441286452286,0.03883698088237858
2779,21,210,1330,15,0.011278195488721804,0.0027701406463757844,0.00018467604309171896,21,210,5339.8921307625615,164.24595422164379,5504.138084984206,0.02984044943743723
2780,21,210,1330,17,0.012781954887218045,0.004053231145777258,0.00023842536151630936,21,210,5444.37564725752,201.7182201293129,5646.0938673868295,0.03572703976717159
2781,21,210,1330,9,0.006766917293233083,0.0004563297572486894,5.070330636096548e-05,21,210,5647.380826877473,202.42132502743942,5849.802151904909,0.034603106185655125
2782,21,210,1330,23,0.017293233082706767,0.004494560406402427,0.00019541566984358378,21,210,5596.473526347426,205.79613332108056,5802.269659668503,0.03546821250855793
2783,21,210,1330,8,0.006015037593984963,0.0017821220153286445,0.00022276525191608056,21,210,5502.800667310685,180.01001793842403,5682.810685249104,0.03167622993419028
2784,21,210,1330,22,0.016541353383458645,0.008987853333733557,0.0004085387878969799,21,210,5451.2573158411815,201.425674000392,5652.682989841569,0.03563364058489993
2785,21,210,1330,12,0.009022556390977444,0.006940424073864436,0.0005783686728220364,21,210,5390.692409140176,192.67334951510213,5583.365758655278,0.03450845920606613
2786,21,210,1330,26,0.019548872180451128,0.010325731779308137,0.00039714352997338986,21,210,5356.339085532174,228.0019088658332,5584.340994398002,0.04082879413964083
2787,21,210,1330,13,0.009774436090225564,0.0013944922943344604,0.00010726863802572773,21,210,5402.060804213177,160.27506623082775,5562.3358704440025,0.028814345261397187
2788,21,210,1330,19,0.014285714285714285,0.0038766985063927338,0.00020403676349435443,21,210,5633.221921612093,201.0352600804662,5834.257181692559,0.034457730233644665
2789,21,210,1330,25,0.018796992481203006,0.007927618436841742,0.0003171047374736697,21,210,5421.300198086479,196.02099849475192,5617.321196581224,0.03489581450568518
2790,21,210,1330,15,0.011278195488721804,0.005034791272080844,0.00033565275147205627,21,210,5434.25325342271,196.8849814296114,5631.138234852318,0.03496362071366818
2791,21,210,1330,15,0.011278195488721804,0.0031489155358937495,0.00020992770239291664,21,210,5400.787342022109,172.12841989574474,5572.915761917851,0.030886599986307498
2792,21,210,1330,23,0.017293233082706767,0.006203947647322097,0.00026973685423139555,21,210,5246.649983449085,192.26944252137196,5438.919425970458,0.03535066940011997
2793,21,210,1330,9,0.006766917293233083,0.005762281155185912,0.0006402534616873236,21,210,5353.572094182224,218.89706473291255,5572.469158915138,0.03928187998720624
2794,21,210,1330,15,0.011278195488721804,0.01043321333275882,0.0006955475555172547,21,210,5393.8768449340805,204.52777626723957,5598.404621201317,0.03653322510714697
2795,21,210,1330,12,0.009022556390977444,0.005468277965396038,0.0004556898304496699,21,210,5359.274386914515,205.92202645040823,5565.196413364925,0.03700175360493702
2796,21,210,1330,12,0.009022556390977444,0.003830883214754164,0.0003192402678961803,21,210,5505.317233319804,219.68058829953097,5724.997821619332,0.03837216976222249
2797,21,210,1330,19,0.014285714285714285,0.003928906095216703,0.0002067845313271949,21,210,5583.40337000179,230.76114837169644,5814.164518373484,0.03968947690462877
2798,21,210,1330,11,0.008270676691729323,0.004416055756718824,0.00040145961424716583,21,210,5247.925945945732,214.09962476085974,5462.025570706587,0.039197843728359376
2799,21,210,1330,24,0.01804511278195489,0.004561704671914211,0.00019007102799642548,21,210,5357.581082504887,195.17541389064206,5552.756496395527,0.035149283786770895
2800,21,210,1330,17,0.012781954887218045,0.003619472359805728,0.00021291013881210162,21,210,5543.980454229916,229.39702946795268,5773.3774836978655,0.0397335927047374
2801,21,210,1330,10,0.007518796992481203,0.0023652463009558103,0.000236524630095581,21,210,5418.954087059039,214.02966013449387,5632.983747193528,0.03799578868679108
2802,21,210,1330,27,0.02030075187969925,0.02717214605304918,0.001006375779742562,21,210,5451.866234374311,216.38269753551026,5668.248931909819,0.038174522702658344
2803,21,210,1330,17,0.012781954887218045,0.004458678453216193,0.0002622752031303643,21,210,5369.186989637376,203.22155114647717,5572.408540783848,0.036469248379604774
2804,21,210,1330,14,0.010526315789473684,0.002531759340805519,0.00018083995291467997,21,210,5353.96618217194,185.89498503623452,5539.861167208173,0.033555892363619784
2805,21,210,1330,19,0.014285714285714285,0.017450135788060567,0.0009184281993716087,21,210,5538.589311941424,216.462378193752,5755.051690135175,0.037612586271778166
2806,21,210,1330,20,0.015037593984962405,0.016362943180479095,0.0008181471590239548,21,210,5563.74931848557,220.96425247276554,5784.7135709583345,0.03819795911453557
2807,21,210,1330,15,0.011278195488721804,0.011845028589053822,0.0007896685726035881,21,210,5432.126290757119,229.6662318674175,5661.792522624535,0.040564226073221646
2808,21,210,1330,16,0.012030075187969926,0.0053355318672584,0.00033347074170365,21,210,5439.345012053744,206.60585247804715,5645.950864531789,0.036593632752980165
2809,21,210,1330,16,0.012030075187969926,0.0029000232928824998,0.00018125145580515626,21,210,5685.002368152933,175.92641561773968,5860.928783770672,0.030016815100175318
2810,21,210,1330,22,0.016541353383458645,0.03609677235399924,0.0016407623797272382,21,210,5593.756608727035,199.95564647028124,5793.712255197315,0.034512526280694865
2811,21,210,1330,8,0.006015037593984963,0.0026048956766063646,0.0003256119595757955,21,210,5533.604412965485,198.477097325089,5732.081510290567,0.0346256585794831
2812,21,210,1330,27,0.02030075187969925,0.005452775268423532,0.00020195463957124187,21,210,5372.7804843334,204.0923596386894,5576.872843972087,0.03659620101600274
2813,21,210,1330,11,0.008270676691729323,0.001135249449525026,0.00010320449541136602,21,210,5383.426933366283,185.37845752203768,5568.805390888318,0.03328872972026532
2814,21,210,1330,21,0.015789473684210527,0.008925490918036252,0.00042502337704934537,21,210,5392.207304264215,208.95381527829537,5601.161119542505,0.037305446284923584
2815,21,210,1330,18,0.013533834586466165,0.002776082337306218,0.0001542267965170121,21,210,5571.196965372586,212.86214159938595,5784.0591069719685,0.036801515624694595
2816,21,210,1330,22,0.016541353383458645,0.008208048777766506,0.00037309312626211384,21,210,5568.089093637747,189.7798206474876,5757.868914285229,0.0329600801047494
2817,21,210,1330,20,0.015037593984962405,0.008134532006802786,0.0004067266003401393,21,210,5380.924599719556,187.9268770164191,5568.851476735972,0.03374607453646209
2818,21,210,1330,6,0.004511278195488722,0.002061453387885068,0.0003435755646475113,21,210,5425.652295534212,219.25963323702788,5644.9119287712365,0.03884199364023656
2819,21,210,1330,21,0.015789473684210527,0.013721492880043594,0.0006534044228592188,21,210,5441.721905554441,218.36335022099024,5660.085255775427,0.03857951609442226
2820,21,210,1330,23,0.017293233082706767,0.006039632915876831,0.00026259273547290564,21,210,5514.697579118462,221.8719976589511,5736.569576777407,0.038676772710493405
2821,21,210,1330,19,0.014285714285714285,0.0194196688032595,0.0010220878317505004,21,210,5461.491010156399,213.3834564505553,5674.874466606953,0.037601440825904074
2822,21,210,1330,15,0.011278195488721804,0.005774625042302489,0.0003849750028201659,21,210,5347.266975894462,201.17271116432227,5548.439687058783,0.0362575286946957
2823,21,210,1330,17,0.012781954887218045,0.007199460536190426,0.0004234976785994368,21,210,5386.235215238986,199.3344615707589,5585.569676809744,0.03568740040937254
2824,21,210,1330,21,0.015789473684210527,0.006173718336383159,0.00029398658744681703,21,210,5612.343741469811,209.57987642843779,5821.923617898248,0.03599838991087579
2825,21,210,1330,7,0.005263157894736842,0.0008745266498053101,0.00012493237854361574,21,210,5442.592955579655,193.63277313664295,5636.22572871629,0.034355042267042925
2826,21,210,1330,12,0.009022556390977444,0.0035052813393934255,0.0002921067782827854,21,210,5428.060262426108,189.95805368212564,5618.0183161082305,0.03381228806917014
2827,21,210,1330,22,0.016541353383458645,0.010766993101806805,0.0004894087773548547,21,210,5478.50146519064,203.756771709029,5682.258236899662,0.035858414597538996
2828,21,210,1330,18,0.013533834586466165,0.003751948715299631,0.00020844159529442396,21,210,5411.596608483214,203.16938769414392,5614.765996177355,0.03618483616814409
2829,21,210,1330,22,0.016541353383458645,0.007986936246659759,0.00036304255666635266,21,210,5481.82030180814,228.68405881425608,5710.504360622395,0.040046210347229556
2830,21,210,1330,28,0.021052631578947368,0.013707075234106383,0.0004895384012180851,21,210,5265.369791290999,192.62086937638622,5457.990660667381,0.035291535173281756
2831,21,210,1330,19,0.014285714285714285,0.01017297794022924,0.0005354198915910126,21,210,5477.024146802397,209.37880624384394,5686.402953046239,0.03682095834092772
2832,21,210,1330,8,0.006015037593984963,0.0010629157862572475,0.00013286447328215593,21,210,5364.039552707158,169.29108492346583,5533.330637630622,0.030594789288781135
2833,21,210,1330,12,0.009022556390977444,0.004060788436817204,0.00033839903640143365,21,210,5304.395461035891,185.48211530599,5489.877576341876,0.033786202465663016
2834,21,210,1330,30,0.022556390977443608,0.016788184729701974,0.0005596061576567323,21,210,5316.36382771894,197.29201168136512,5513.655839400306,0.035782431371854294
2835,21,210,1330,11,0.008270676691729323,0.00510456335939932,0.0004640512144908472,21,210,5534.164318048339,212.133379429322,5746.29769747766,0.03691653140811657
2836,21,210,1330,14,0.010526315789473684,0.007236601040697854,0.0005169000743355611,21,210,5531.502464766142,181.5684478264057,5713.070912592547,0.031781234751733785
2837,21,210,1330,12,0.009022556390977444,0.004235147221307696,0.00035292893510897465,21,210,5601.189813909174,170.45495474585672,5771.644768655026,0.02953316802717539
2838,21,210,1330,12,0.009022556390977444,0.0027830489411456902,0.00023192074509547416,21,210,5423.659733287124,232.86971828373765,5656.529451570858,0.04116830298109172
2839,21,210,1330,13,0.009774436090225564,0.009300564254560793,0.0007154280195815995,21,210,5490.2918500436745,172.16378315181893,5662.45563319549,0.03040443833988362
2840,21,210,1330,19,0.014285714285714285,0.004574237770014674,0.00024074935631656177,21,210,5485.224823567439,211.25840797073243,5696.483231538169,0.03708575964923683
2841,21,210,1330,13,0.009774436090225564,0.010713466988848428,0.000824112845296033,21,210,5614.258044716112,182.65799774380955,5796.916042459916,0.031509512369321604
2842,21,210,1330,20,0.015037593984962405,0.011391324091765572,0.0005695662045882786,21,210,5409.291329097878,209.54342091106173,5618.834750008937,0.03729303854517673
2843,21,210,1330,24,0.01804511278195489,0.017803225738019155,0.0007418010724174648,21,210,5294.520660018603,232.40621501192712,5526.926875030532,0.04204980819664694
2844,21,210,1330,27,0.02030075187969925,0.019350101798537047,0.0007166704369828536,21,210,5278.587975644219,233.1519059891582,5511.739881633377,0.04230096321600445
2845,21,210,1330,27,0.02030075187969925,0.008566627240727251,0.0003172824903973055,21,210,5593.002670002652,216.08996996158686,5809.092639964238,0.0371985752946982
2846,21,210,1330,19,0.014285714285714285,0.003818094025566485,0.00020095231713507814,21,210,5367.587478341667,190.91666708299314,5558.5041454246575,0.03434677065773917
2847,21,210,1330,23,0.017293233082706767,0.010015711513032929,0.0004354657179579535,21,210,5480.751369340856,212.8992016711071,5693.650571011962,0.03739238982368169
2848,21,210,1330,14,0.010526315789473684,0.004778077769636711,0.00034129126925976506,21,210,5411.251112048084,201.3278893105251,5612.579001358607,0.035870833936019565
2849,21,210,1330,11,0.008270676691729323,0.0019124272755675173,0.00017385702505159247,21,210,5371.201561201204,194.16226805170336,5565.363829252909,0.03488761454033591
2850,21,210,1330,29,0.02180451127819549,0.018143869424608453,0.0006256506698140847,21,210,5472.083544923691,222.67876556515864,5694.762310488845,0.03910238099929471
2851,21,210,1330,18,0.013533834586466165,0.0029556949426141595,0.00016420527458967555,21,210,5405.86034717574,171.6814388363955,5577.541786012131,0.03078084314257473
2852,21,210,1330,14,0.010526315789473684,0.005937725981848278,0.0004241232844177341,21,210,5352.890328485621,218.02044718287033,5570.910775668486,0.03913551229990912
2853,21,210,1330,11,0.008270676691729323,0.00923126175971443,0.0008392056145194935,21,210,5241.308067934051,222.31693516969807,5463.625003103749,0.040690372242495665
2854,21,210,1330,8,0.006015037593984963,0.003845464676157961,0.00048068308451974513,21,210,5556.530410628842,199.89844480303566,5756.428855431877,0.03472612097245111
2855,21,210,1330,29,0.02180451127819549,0.012631628121108289,0.00043557338348649275,21,210,5385.678433641217,227.29848545158777,5612.976919092804,0.040495175506320244
2856,21,210,1330,25,0.018796992481203006,0.008921165749102079,0.00035684662996408314,21,210,5445.839070489235,212.91105780511668,5658.750128294349,0.037625103243300824
2857,21,210,1330,9,0.006766917293233083,0.0034580003387725627,0.0003842222598636181,21,210,5403.692497083739,183.82372044217337,5587.51621752591,0.03289900436719778
2858,21,210,1330,15,0.011278195488721804,0.007233348973303649,0.00048222326488690987,21,210,5494.434382388819,162.86702422386188,5657.3014066126725,0.02878881864655308
2859,21,210,1330,7,0.005263157894736842,0.0025989880596406704,0.00037128400852009575,21,210,5301.834309636648,155.5279791345968,5457.362288771241,0.02849874553034574
2860,21,210,1330,22,0.016541353383458645,0.01601528916141979,0.000727967689155445,21,210,5434.603027077686,236.29752988815207,5670.900556965838,0.041668431233183326
2861,21,210,1330,35,0.02631578947368421,0.010748805343610855,0.00030710872410316735,21,210,5549.20796152372,246.87484760377217,5796.082809127489,0.04259339552826979
2862,21,210,1330,16,0.012030075187969926,0.00588973424246536,0.00036810839015408506,21,210,5626.399315877632,237.57458089606394,5863.97389677369,0.04051426303701241
2863,21,210,1330,6,0.004511278195488722,0.004519267926596389,0.0007532113210993981,21,210,5398.809343784047,203.87867739087685,5602.688021174917,0.03638943960833327
2864,21,210,1330,21,0.015789473684210527,0.011951822991350902,0.0005691344281595666,21,210,5432.151358361357,228.12184324587403,5660.273201607226,0.0403022672441145
2865,21,210,1330,8,0.006015037593984963,0.0029542216564009956,0.00036927770705012444,21,210,5529.6576668467715,212.0816464120141,5741.739313258786,0.03693682956352208
2866,21,210,1330,19,0.014285714285714285,0.0036305643630256327,0.00019108233489608593,21,210,5446.269401038185,192.0440040190134,5638.3134050572,0.034060540843075957
2867,21,210,1330,5,0.0037593984962406013,0.0001458563612515867,2.917127225031734e-05,21,210,5454.763383762664,180.0600729944606,5634.823456757121,0.03195487389734237
2868,21,210,1330,23,0.017293233082706767,0.006817878019790427,0.00029642947912132293,21,210,5464.117567283174,196.97339154482842,5661.090958828001,0.03479424601677964
2869,21,210,1330,20,0.015037593984962405,0.0060087664261847295,0.00030043832130923647,21,210,5548.330874499582,190.26523571576678,5738.596110215347,0.03315536275101732
2870,21,210,1330,24,0.01804511278195489,0.005080720867532262,0.00021169670281384425,21,210,5543.613890983578,212.41419211854895,5756.028083102121,0.03690291100943894
2871,21,210,1330,17,0.012781954887218045,0.008233225712453052,0.0004843073948501795,21,210,5673.613563640683,224.99864028769167,5898.612203928375,0.03814433505865099
2872,21,210,1330,20,0.015037593984962405,0.008041165127222378,0.0004020582563611189,21,210,5442.999843651118,210.0538774805628,5653.053721131677,0.03715759443349362
2873,21,210,1330,10,0.007518796992481203,0.011001327786794426,0.0011001327786794427,21,210,5526.25288545302,194.88638638828678,5721.13927184131,0.0340642618765622
2874,21,210,1330,28,0.021052631578947368,0.01737382289788777,0.0006204936749245631,21,210,5455.466429145643,227.4431447569691,5682.909573902614,0.04002230579234388
2875,21,210,1330,11,0.008270676691729323,0.0044187354580639,0.00040170322346035455,21,210,5401.530605256841,192.99687617061625,5594.527481427458,0.034497440009245
2876,21,210,1330,19,0.014285714285714285,0.0072857765411777995,0.0003834619232198842,21,210,5428.557465378672,212.3938169362204,5640.951282314893,0.037652127505887575
2877,21,210,1330,20,0.015037593984962405,0.002006761462071816,0.00010033807310359077,21,210,5442.893905442164,204.27479279372744,5647.16869823589,0.036172957407406746
2878,21,210,1330,19,0.014285714285714285,0.011062505721155821,0.0005822371432187274,21,210,5295.234699852655,198.22818564585032,5493.462885498506,0.03608437697269744
2879,21,210,1330,29,0.02180451127819549,0.005255024752123158,0.00018120775007321235,21,210,5634.788263014827,224.76336760543597,5859.55163062026,0.03835845842383059
2880,21,210,1330,19,0.014285714285714285,0.01011778660344056,0.0005325150843916085,21,210,5467.605911829889,188.70495187728625,5656.310863707175,0.03336184244895057
2881,21,210,1330,11,0.008270676691729323,0.002739271156695472,0.0002490246506086792,21,210,5409.965474932874,198.50845571615372,5608.4739306490255,0.035394379678106457
2882,21,210,1330,15,0.011278195488721804,0.0045316817294755105,0.00030211211529836737,21,210,5477.310671655998,195.64030267872323,5672.950974334715,0.034486513908515946
2883,21,210,1330,18,0.013533834586466165,0.005592404153734263,0.00031068911965190346,21,210,5330.001546261581,194.5700583946952,5524.571604656274,0.03521903096173208
2884,21,210,1330,8,0.006015037593984963,0.0022208095922396855,0.0002776011990299607,21,210,5427.58295980965,175.98423825706035,5603.5671980667075,0.03140575137883184
2885,21,210,1330,17,0.012781954887218045,0.0034389662661978536,0.00020229213330575613,21,210,5487.975782781012,210.98422689131678,5698.960009672327,0.03702153139050501
2886,21,210,1330,16,0.012030075187969926,0.00542218580597623,0.00033888661287351436,21,210,5517.658372410824,237.69174775011953,5755.350120160943,0.04129926812227936
2887,21,210,1330,3,0.002255639097744361,0.0013187970451206022,0.00043959901504020074,21,210,5597.218419641966,192.06341652052262,5789.281836162485,0.03317568948203683
2888,21,210,1330,20,0.015037593984962405,0.0065033147062431304,0.0003251657353121566,21,210,5444.840531037978,184.8714685210366,5629.711999559012,0.03283853037873305
2889,21,210,1330,3,0.002255639097744361,0.0010199677336706569,0.0003399892445568856,21,210,5474.563418951649,222.33933897656397,5696.90275792821,0.03902810850459768
2890,21,210,1330,9,0.006766917293233083,0.003154727174176157,0.0003505252415751286,21,210,5449.617894078112,202.61349599852508,5652.231390076637,0.035846638613246495
2891,21,210,1330,24,0.01804511278195489,0.008917118950405077,0.00037154662293354497,21,210,5235.446441317021,178.6089363389882,5414.055377656008,0.032989861366419224
2892,21,210,1330,22,0.016541353383458645,0.01373842806670614,0.0006244740030320974,21,210,5636.343029278156,183.1116279741683,5819.454657252321,0.031465427391202526
2893,21,210,1330,20,0.015037593984962405,0.004940412425777761,0.00024702062128888804,21,210,5493.830556085588,219.57908523788905,5713.409641323475,0.03843223206852449
2894,21,210,1330,12,0.009022556390977444,0.0036465688204480036,0.0003038807350373336,21,210,5338.048721496254,204.18952569791207,5542.238247194164,0.036842430186267414
2895,21,210,1330,20,0.015037593984962405,0.005229510825835199,0.00026147554129175995,21,210,5518.621172023457,220.80938005630458,5739.430552079759,0.038472349835523556
2896,21,210,1330,30,0.022556390977443608,0.010013663704620122,0.000333788790154004,21,210,5540.127474359437,203.48179822615634,5743.60927258559,0.035427514054164645
2897,21,210,1330,13,0.009774436090225564,0.004194669012455425,0.0003226668471119557,21,210,5337.75291057179,212.0250944744035,5549.778005046191,0.038204247860295956
2898,21,210,1330,23,0.017293233082706767,0.01200398976658363,0.0005219125985471144,21,210,5500.64984705595,212.98635485363772,5713.636201909586,0.037276849159989286
2899,21,210,1330,23,0.017293233082706767,0.0037976622939472505,0.00016511575191075,21,210,5418.842280032423,184.79680390383527,5603.639083936256,0.0329779989638493
2900,21,210,1330,18,0.013533834586466165,0.005574329510269983,0.00030968497279277685,21,210,5426.956355476151,220.16164632304753,5647.118001799191,0.03898654964406681
2901,21,210,1330,20,0.015037593984962405,0.007153429879285727,0.0003576714939642864,21,210,5465.374419905453,237.39673856275067,5702.771158468198,0.0416283122653859
2902,21,210,1330,30,0.022556390977443608,0.004727601623603607,0.0001575867207867869,21,210,5675.896566040159,211.38225792265354,5887.278823962812,0.035904917066654086
2903,21,210,1330,8,0.006015037593984963,0.001585932221173778,0.00019824152764672226,21,210,5450.578088834036,186.51445868449582,5637.092547518527,0.03308699602006717
2904,21,210,1330,18,0.013533834586466165,0.00985047992117283,0.0005472488845096016,21,210,5408.377344822058,239.95969895066884,5648.337043772724,0.04248324720905664
2905,21,210,1330,22,0.016541353383458645,0.002467050492512482,0.00011213865875056736,21,210,5374.917761325342,185.32185626171275,5560.239617587051,0.033329832706406985
2906,21,210,1330,17,0.012781954887218045,0.00543618480892383,0.00031977557699551935,21,210,5353.285362202504,199.13818735799828,5552.423549560505,0.03586509306801006
2907,21,210,1330,11,0.008270676691729323,0.005853884078150007,0.0005321712798318188,21,210,5483.454719102812,247.80460998979996,5731.25932909261,0.043237375201626606
2908,21,210,1330,18,0.013533834586466165,0.005105732875359764,0.0002836518264088758,21,210,5485.641877766696,221.0865765311967,5706.728454297894,0.038741387171609735
2909,21,210,1330,20,0.015037593984962405,0.008775989012479026,0.0004387994506239513,21,210,5261.023689214346,205.93281435099016,5466.956503565336,0.03766863961999493
2910,21,210,1330,18,0.013533834586466165,0.0023345991194786563,0.0001296999510821476,21,210,5504.380667248725,187.69848628305886,5692.079153531777,0.0329753823199379
2911,21,210,1330,14,0.010526315789473684,0.002570798238501786,0.0001836284456072704,21,210,5534.060390113246,209.60006210944508,5743.660452222688,0.0364924187028385
2912,21,210,1330,22,0.016541353383458645,0.004642440924446203,0.00021102004202028194,21,210,5455.953015932884,204.88165766900536,5660.83467360189,0.03619283541779233
2913,21,210,1330,17,0.012781954887218045,0.0024786555243911453,0.00014580326614065562,21,210,5462.728240742599,230.90362963327712,5693.631870375877,0.040554717075172185
2914,21,210,1330,19,0.014285714285714285,0.005211077967560646,0.00027426726145056033,21,210,5213.209752049481,206.1372199253238,5419.346971974806,0.03803728032017989
2915,21,210,1330,13,0.009774436090225564,0.0034725993241442286,0.00026712302493417145,21,210,5355.047559697032,219.97918655138903,5575.026746248421,0.039457960753178214
2916,21,210,1330,21,0.015789473684210527,0.008025804032309646,0.00038218114439569743,21,210,5457.113904195317,234.45582592283785,5691.56973011815,0.041193526046455174
2917,21,210,1330,19,0.014285714285714285,0.00543400887668148,0.0002860004671937621,21,210,5320.854953397753,231.8105052433105,5552.665458641066,0.041747608778152964
2918,21,210,1330,10,0.007518796992481203,0.004544917918757251,0.00045449179187572505,21,210,5509.497124311788,212.02211180068358,5721.519236112468,0.037056960407030576
2919,21,210,1330,11,0.008270676691729323,0.002977613090642434,0.00027069209914931224,21,210,5471.282127576063,195.98640450558474,5667.268532081644,0.03458216306429316
2920,21,210,1330,19,0.014285714285714285,0.003865725183461584,0.00020345922018218866,21,210,5378.111430496368,214.47667143069918,5592.588101927063,0.0383501640960821
2921,21,210,1330,37,0.027819548872180452,0.01399929927365889,0.00037835943982861866,21,210,5440.841106470123,213.58820146005286,5654.429307930172,0.03777360894060549
2922,21,210,1330,16,0.012030075187969926,0.012685294520149102,0.000792830907509319,21,210,5391.157987490067,214.42247356084766,5605.580461050913,0.038251609275919404
2923,21,210,1330,15,0.011278195488721804,0.0041556734321975715,0.0002770448954798381,21,210,5473.271880889359,205.34442131557444,5678.616302204933,0.036160995986969896
2924,21,210,1330,33,0.02481203007518797,0.01331301021790538,0.00040342455205773876,21,210,5309.062982925596,230.5045885456098,5539.5675714712015,0.04161057439441835
2925,21,210,1330,7,0.005263157894736842,0.0012773410964719452,0.00018247729949599214,21,210,5577.939757923672,193.26531844887404,5771.20507637254,0.03348786187482873
2926,21,210,1330,26,0.019548872180451128,0.007070377981909751,0.00027193761468883654,21,210,5440.678834395676,192.73077334975432,5633.409607745427,0.034212100090284046
2927,21,210,1330,12,0.009022556390977444,0.007887705837949635,0.0006573088198291362,21,210,5553.068475142307,234.81812821296222,5787.886603355266,0.04057061658340663
2928,21,210,1330,5,0.0037593984962406013,0.0012227098727813036,0.0002445419745562607,21,210,5515.555626967922,161.59196867924675,5677.147595647166,0.02846358421316085
2929,21,210,1330,16,0.012030075187969926,0.008027151936472434,0.0005016969960295272,21,210,5457.682924459072,209.97629185477257,5667.659216313839,0.03704815053988691
2930,21,210,1330,12,0.009022556390977444,0.002235893445562382,0.00018632445379686518,21,210,5204.35421293272,199.5151330309439,5403.8693459636615,0.03692079142882474
2931,21,210,1330,15,0.011278195488721804,0.008424942359196316,0.0005616628239464211,21,210,5467.016470231456,231.14264173214798,5698.159111963601,0.04056444146090115
2932,21,210,1330,18,0.013533834586466165,0.003532421170350476,0.00019624562057502643,21,210,5375.1441652268595,201.1424837707127,5576.2866489975695,0.03607104448385404
2933,21,210,1330,16,0.012030075187969926,0.009922702539544448,0.0006201689087215281,21,210,5426.241995683913,200.77021843943908,5627.012214123349,0.035679719680636546
2934,21,210,1330,23,0.017293233082706767,0.009649558908821264,0.00041954603951396797,21,210,5443.76541629882,204.39419588662332,5648.159612185445,0.036187751395279175
2935,21,210,1330,19,0.014285714285714285,0.005680239769762227,0.00029895998788222243,21,210,5404.79266439555,198.45599291096957,5603.248657306517,0.03541802355178137
2936,21,210,1330,28,0.021052631578947368,0.015355055322901021,0.0005483948329607508,21,210,5461.186898523276,230.1207610976137,5691.307659620892,0.040433723646727336
2937,21,210,1330,10,0.007518796992481203,0.0008280834991581341,8.280834991581342e-05,21,210,5491.900228654167,165.4687862520321,5657.369014906202,0.029248363650320505
2938,21,210,1330,7,0.005263157894736842,0.0005624314067994848,8.034734382849783e-05,21,210,5306.865288650653,193.51211964783687,5500.377408298485,0.03518160760312244
2939,21,210,1330,11,0.008270676691729323,0.005405261974995382,0.0004913874522723074,21,210,5474.539394489223,212.3921572619283,5686.931551751155,0.03734740876150113
2940,21,210,1330,14,0.010526315789473684,0.002265325760296397,0.00016180898287831408,21,210,5560.771185315338,215.3550603494774,5776.126245664812,0.03728364845056997
2941,21,210,1330,20,0.015037593984962405,0.009619027046214782,0.00048095135231073915,21,210,5345.435332960813,178.45552324771336,5523.890856208528,0.03230612767215338
2942,21,210,1330,9,0.006766917293233083,0.0027340965402091874,0.0003037885044676875,21,210,5501.497304170625,231.79452368337328,5733.291827854002,0.040429570069545034
2943,21,210,1330,6,0.004511278195488722,0.001688811688389915,0.00028146861473165257,21,210,5434.059099788423,205.5513082332102,5639.610408021632,0.03644778510601361
2944,21,210,1330,15,0.011278195488721804,0.002153218828646096,0.00014354792190973974,21,210,5487.914066242765,220.83111658139495,5708.745182824157,0.038682952121563814
2945,21,210,1330,13,0.009774436090225564,0.0015938443676970812,0.00012260341289977548,21,210,5624.505499440667,160.8062240339455,5785.31172347461,0.02779560233227444
2946,21,210,1330,15,0.011278195488721804,0.007752420358916287,0.0005168280239277525,21,210,5495.194072072486,237.34300913135408,5732.537081203838,0.04140278654447218
2947,21,210,1330,25,0.018796992481203006,0.01045567493994101,0.00041822699759764035,21,210,5684.162650089779,257.1158953505568,5941.278545440331,0.043276189356225674
2948,21,210,1330,16,0.012030075187969926,0.00441498372223555,0.0002759364826397218,21,210,5508.282291419916,210.85055151831315,5719.132842938225,0.03686757368796979
2949,21,210,1330,13,0.009774436090225564,0.003783035379292381,0.00029100272148402926,21,210,5314.842032602213,189.02315824263633,5503.865190844849,0.0343437114987951
2950,21,210,1330,10,0.007518796992481203,0.0027945865502103707,0.0002794586550210371,21,210,5590.1165938071645,208.16060920475795,5798.277203011918,0.0359004238529039
2951,21,210,1330,4,0.0030075187969924814,0.0004818725112478166,0.00012046812781195415,21,210,5488.546365963079,209.86297504893156,5698.409341012,0.036828343225279996
2952,21,210,1330,10,0.007518796992481203,0.0031371979503342085,0.0003137197950334208,21,210,5391.159482515594,199.54179893910236,5590.701281454697,0.03569172969427222
2953,21,210,1330,17,0.012781954887218045,0.009568348519509714,0.000562844030559395,21,210,5388.741563250246,225.00032207145213,5613.7418853217005,0.04008027562858962
2954,21,210,1330,21,0.015789473684210527,0.0062391533190113806,0.00029710253900054194,21,210,5371.658503972826,191.15123660545623,5562.809740578282,0.034362353831929746
2955,21,210,1330,24,0.01804511278195489,0.00954171810018665,0.0003975715875077772,21,210,5311.890531279849,172.03325646246992,5483.923787742313,0.03137046813943682
2956,21,210,1330,14,0.010526315789473684,0.007308878487401055,0.0005220627491000754,21,210,5468.354977904024,208.5704476409924,5676.925425545012,0.03674003655261485
2957,21,210,1330,26,0.019548872180451128,0.004720498604590399,0.00018155763863809225,21,210,5319.643291139657,224.7203505520451,5544.3636416917,0.0405313152373747
2958,21,210,1330,9,0.006766917293233083,0.0024820850165751325,0.0002757872240639036,21,210,5680.293291245703,188.2642419226152,5868.557533168316,0.032080156130117235
2959,21,210,1330,29,0.02180451127819549,0.02349210577077911,0.0008100726127854863,21,210,5546.671448647522,221.31563770425709,5767.987086351779,0.0383696486124136
2960,21,210,1330,14,0.010526315789473684,0.0031904343967425926,0.00022788817119589954,21,210,5371.273195507314,156.24000367552358,5527.513199182835,0.028265876180742812
2961,21,210,1330,29,0.02180451127819549,0.01980199585241542,0.0006828274431867387,21,210,5525.04808275611,226.3153810344032,5751.363463790511,0.03934986589862417
2962,21,210,1330,16,0.012030075187969926,0.007924388673274359,0.0004952742920796474,21,210,5491.315629070346,207.29236847343515,5698.607997543781,0.03637596559770079
2963,21,210,1330,11,0.008270676691729323,0.006461713844906075,0.0005874285313550977,21,210,5451.516513870038,221.588339541048,5673.104853411083,0.03905944721043063
2964,21,210,1330,9,0.006766917293233083,0.003027830612322097,0.00033642562359134415,21,210,5347.714812933069,198.04004327531413,5545.754856208379,0.035710205086618936
2965,21,210,1330,20,0.015037593984962405,0.00919897332276153,0.0004599486661380766,21,210,5338.501977062446,235.19536605418392,5573.697343116624,0.042197369461519876
2966,21,210,1330,25,0.018796992481203006,0.018065896807840105,0.0007226358723136042,21,210,5298.000818339679,214.8748273421093,5512.875645681786,0.03897690446009242
2967,21,210,1330,17,0.012781954887218045,0.008121165155778062,0.0004777155973987095,21,210,5663.847942520493,211.6871313843871,5875.535073904875,0.036028570797672056
2968,21,210,1330,16,0.012030075187969926,0.00811309500894687,0.0005070684380591793,21,210,5575.509616677364,242.30528219517345,5817.814898872535,0.041648846930852176
2969,21,210,1330,43,0.032330827067669175,0.024756661640525778,0.0005757363172215297,21,210,5378.28471224192,246.0838750381677,5624.368587280091,0.04375315579329275
2970,21,210,1330,19,0.014285714285714285,0.009851215817139778,0.0005184850430073567,21,210,5463.165040842314,199.99328541955873,5663.15832626187,0.035314796779056336
2971,21,210,1330,25,0.018796992481203006,0.011798613696191248,0.00047194454784764986,21,210,5547.827562683815,213.55535390535897,5761.382916589176,0.037066682946980185
2972,21,210,1330,32,0.02406015037593985,0.009931845266546111,0.000310370164579566,21,210,5226.5927497747125,195.6453677967259,5422.2381175714345,0.03608203172832135
2973,21,210,1330,6,0.004511278195488722,0.0017699962707066405,0.00029499937845110677,21,210,5529.05454634852,209.37510014915932,5738.429646497674,0.0364864802824492
2974,21,210,1330,13,0.009774436090225564,0.00597198379649426,0.000459383368961097,21,210,5220.291287283241,195.93087988125245,5416.222167164491,0.036174823305637496
2975,21,210,1330,15,0.011278195488721804,0.004153359938562233,0.0002768906625708155,21,210,5348.08575429303,203.98154905213391,5552.067303345156,0.036739747180160036
2976,21,210,1330,18,0.013533834586466165,0.003533602169879082,0.000196311231659949,21,210,5294.895553369663,189.4499476575258,5484.345501027186,0.03454376600125628
2977,21,210,1330,4,0.0030075187969924814,0.00039771602553041686,9.942900638260422e-05,21,210,5465.580697728441,185.49936149949033,5651.080059227928,0.03282547045083519
2978,21,210,1330,11,0.008270676691729323,0.0014039939963889168,0.0001276358178535379,21,210,5394.708797959202,188.85869056412147,5583.567488523322,0.03382401859605151
2979,21,210,1330,43,0.032330827067669175,0.020774787428731966,0.0004831345913658597,21,210,5154.145238674091,248.15816883616742,5402.303407510257,0.04593562229236868
2980,21,210,1330,23,0.017293233082706767,0.007333114984516575,0.0003188310862833294,21,210,5557.835498198181,224.00639409632367,5781.841892294503,0.038743085381642554
2981,21,210,1330,19,0.014285714285714285,0.008785901466436057,0.0004624158666545292,21,210,5490.324989780389,224.53447231884934,5714.859462099235,0.03928958775066207
2982,21,210,1330,16,0.012030075187969926,0.003751564916767349,0.00023447280729795933,21,210,5281.515846278204,220.74299141643502,5502.258837694634,0.04011861272395595
2983,21,210,1330,30,0.022556390977443608,0.00780260693285711,0.00026008689776190364,21,210,5420.640094672604,229.1052458005624,5649.745340473168,0.040551428780217336
2984,21,210,1330,18,0.013533834586466165,0.0029015073993360874,0.00016119485551867153,21,210,5310.152696228599,198.70830314132178,5508.860999369919,0.03607066926612402
2985,21,210,1330,8,0.006015037593984963,0.0005520729641426281,6.900912051782851e-05,21,210,5333.576274768365,160.87955242999791,5494.455827198359,0.02928034322045518
2986,21,210,1330,19,0.014285714285714285,0.003381808710775019,0.00017798993214605363,21,210,5336.843419619998,218.94859320445636,5555.7920128244505,0.03940906943583502
2987,21,210,1330,22,0.016541353383458645,0.007881314546645285,0.00035824157030205843,21,210,5372.824245016338,223.15151841332477,5595.97576342966,0.039877141690220566
2988,21,210,1330,11,0.008270676691729323,0.008363576234879289,0.0007603251122617537,21,210,5404.96002915045,213.16177169281062,5618.12180084326,0.03794182099448535
2989,21,210,1330,26,0.019548872180451128,0.00962539739923717,0.0003702075922783527,21,210,5407.471725163356,196.3068606350909,5603.778585798451,0.03503115935604373
2990,21,210,1330,11,0.008270676691729323,0.0021418188450776777,0.0001947108040979707,21,210,5436.161014128748,221.40743323091056,5657.568447359656,0.03913473346208294
2991,21,210,1330,18,0.013533834586466165,0.006839453675511379,0.0003799696486395211,21,210,5386.913627203994,204.80535103921892,5591.718978243214,0.036626545760989566
2992,21,210,1330,25,0.018796992481203006,0.006531050632120459,0.0002612420252848184,21,210,5483.199004996226,240.37484292102218,5723.573847917247,0.041997334062264656
2993,21,210,1330,21,0.015789473684210527,0.0104841894851818,0.0004992471183419905,21,210,5516.794083762135,192.89846642334032,5709.692550185474,0.03378438764046485
2994,21,210,1330,11,0.008270676691729323,0.0024431799727342267,0.000222107270248566,21,210,5411.935305537378,160.571318285948,5572.506623823323,0.02881491743759997
2995,21,210,1330,13,0.009774436090225564,0.017309644476871864,0.0013315111136055283,21,210,5454.871343928899,226.2629123447997,5681.134256273694,0.039827066592368746
2996,21,210,1330,4,0.0030075187969924814,0.001396921721595514,0.0003492304303988785,21,210,5488.323095864813,228.867213561745,5717.190309426557,0.040031414239331264
2997,21,210,1330,16,0.012030075187969926,0.005094512230075801,0.00031840701437973757,21,210,5375.89447230646,197.71765138846007,5573.612123694919,0.035473880672088634
2998,21,210,1330,14,0.010526315789473684,0.0040805486818955485,0.00029146776299253916,21,210,5357.554319400578,210.06046417914382,5567.6147835797165,0.037728986710550534
2999,21,210,1330,18,0.013533834586466165,0.00572642059523448,0.0003181344775130267,21,210,5536.438289036936,194.04659276716654,5730.484881804102,0.033862159445410794
3000,21,210,1330,23,0.017293233082706767,0.006254101042213525,0.0002719174366179793,21,210,5421.791384514725,239.36057924073464,5661.1519637554575,0.04228124960665235
3001,21,210,1330,16,0.012030075187969926,0.007075874521889661,0.0004422421576181038,21,210,5490.88701352192,172.8448147962484,5663.731828318167,0.03051783171160035
3002,21,210,1330,27,0.02030075187969925,0.010628527185867195,0.0003936491550321182,21,210,5403.378380933116,218.1890897226068,5621.567470655722,0.038812856176065134
3003,21,210,1330,18,0.013533834586466165,0.005358192975469803,0.0002976773875261002,21,210,5453.293359290854,249.23360339819124,5702.526962689042,0.04370581761890775
3004,21,210,1330,14,0.010526315789473684,0.005849821417733279,0.00041784438698094843,21,210,5380.718179092395,197.92304025959442,5578.641219351985,0.035478718289502255
3005,21,210,1330,11,0.008270676691729323,0.00824899529730704,0.0007499086633915491,21,210,5520.5157610131,215.51800412999256,5736.033765143091,0.03757265262970715
3006,21,210,1330,9,0.006766917293233083,0.0021865134685278968,0.00024294594094754403,21,210,5385.522281666741,232.60262601768045,5618.124907684423,0.04140218130421568
3007,21,210,1330,18,0.013533834586466165,0.0024653462900063126,0.00013696368277812848,21,210,5536.097673686583,164.30088061124826,5700.39855429783,0.028822700561414814
3008,21,210,1330,21,0.015789473684210527,0.0051352207692304,0.0002445343223443048,21,210,5419.5060020772125,201.27979706889147,5620.785799146099,0.035809903501298625
3009,21,210,1330,19,0.014285714285714285,0.004802684634979584,0.0002527728755252413,21,210,5393.730667179477,216.17378143892552,5609.904448618402,0.03853430720948633
3010,21,210,1330,19,0.014285714285714285,0.006760455033670486,0.0003558134228247624,21,210,5445.139552525503,199.7798749967525,5644.919427522253,0.03539109416207251
3011,21,210,1330,20,0.015037593984962405,0.0044472578262573,0.000222362891312865,21,210,5477.203913143474,213.54872917225538,5690.752642315726,0.03752556868916313
3012,21,210,1330,23,0.017293233082706767,0.009098127132172815,0.00039557074487707894,21,210,5560.486060392557,211.1973141591261,5771.683374551688,0.03659197853616333
3013,21,210,1330,23,0.017293233082706767,0.005017494837216664,0.00021815194944420287,21,210,5481.056804593909,202.92064803088135,5683.977452624793,0.035700466745724864
3014,21,210,1330,13,0.009774436090225564,0.005760134014104815,0.00044308723185421643,21,210,5404.4532915735,180.16812441118367,5584.621415984677,0.03226147503848594
3015,21,210,1330,12,0.009022556390977444,0.001542863888400161,0.00012857199070001344,21,210,5502.827970972665,187.13209753509096,5689.960068507749,0.03288812140718033
3016,21,210,1330,18,0.013533834586466165,0.006960942964259066,0.0003867190535699481,21,210,5205.737026898583,245.07638657277687,5450.813413471356,0.04496143382326854
3017,21,210,1330,18,0.013533834586466165,0.004440640911464009,0.00024670227285911167,21,210,5355.046706155135,197.70819927024294,5552.754905425374,0.03560542516959828
3018,21,210,1330,6,0.004511278195488722,0.00046521581207728725,7.753596867954788e-05,21,210,5331.515966951914,176.86340558593292,5508.379372537846,0.03210806548069103
3019,21,210,1330,12,0.009022556390977444,0.00439464014421305,0.00036622001201775425,21,210,5617.678927130626,230.60281647508378,5848.2817436057085,0.03943086646384919
3020,21,210,1330,27,0.02030075187969925,0.005506094576900457,0.00020392942877409099,21,210,5386.461219090018,188.21885442158742,5574.6800735116,0.03376316702296867
3021,21,210,1330,16,0.012030075187969926,0.006606376135031728,0.00041289850843948293,21,210,5372.071907425947,212.03191369052706,5584.103821116469,0.0379706252753972
3022,21,210,1330,16,0.012030075187969926,0.008977794304853244,0.0005611121440533278,21,210,5374.397426785983,200.7047779608454,5575.102204746827,0.036000197052882495
3023,21,210,1330,21,0.015789473684210527,0.003479134232872972,0.00016567305870823678,21,210,5515.689495105684,221.93802482732386,5737.627519933011,0.038681148969028065
3024,21,210,1330,22,0.016541353383458645,0.008778455578874465,0.0003990207081306574,21,210,5399.238180699944,210.4042807721139,5609.642461472053,0.0375076098373836
3025,21,210,1330,15,0.011278195488721804,0.009977762393632171,0.0006651841595754782,21,210,5538.658326466635,200.25661807149856,5738.91494453813,0.03489450880642304
3026,21,210,1330,23,0.017293233082706767,0.0025986674059110555,0.0001129855393874372,21,210,5524.551937548382,197.51107607296393,5722.063013621344,0.03451745910570886
3027,21,210,1330,27,0.02030075187969925,0.014321648279875558,0.0005304314177731689,21,210,5407.503128319293,171.69098935415428,5579.194117673442,0.030773438911236607
3028,21,210,1330,22,0.016541353383458645,0.01128869107664251,0.0005131223216655687,21,210,5447.434749978934,221.17991672259197,5668.614666701521,0.03901833688252674
3029,21,210,1330,16,0.012030075187969926,0.007159636802316692,0.0004474773001447933,21,210,5437.777055582157,220.57445836300434,5658.351513945157,0.038982105975458176
3030,21,210,1330,18,0.013533834586466165,0.0028960122738848158,0.00016088957077137864,21,210,5514.996490335316,204.03875782204767,5719.035248157362,0.035677128915718385
3031,21,210,1330,15,0.011278195488721804,0.0066149763526964075,0.00044099842351309385,21,210,5524.986031488903,227.92628827560014,5752.912319764502,0.039619287694085764
3032,21,210,1330,15,0.011278195488721804,0.0019586867286947003,0.00013057911524631336,21,210,5433.455627012743,204.8836337609102,5638.339260773653,0.036337585286203136
3033,21,210,1330,16,0.012030075187969926,0.004253563212106608,0.0002658477007566629,21,210,5473.32597883611,205.25489158770722,5678.580870423819,0.036145455400089795
3034,21,210,1330,18,0.013533834586466165,0.005958915629093608,0.0003310508682829783,21,210,5416.012880104361,250.51780921479332,5666.530689319152,0.04421008602088656
3035,21,210,1330,26,0.019548872180451128,0.011662330395303053,0.00044855116905011743,21,210,5386.66366202095,219.80021562006766,5606.463877641017,0.03920478583597886
3036,21,210,1330,6,0.004511278195488722,0.00027131621769016246,4.521936961502707e-05,21,210,5355.981415554543,198.55442395805238,5554.535839512596,0.0357463575166121
3037,21,210,1330,14,0.010526315789473684,0.004766724617520073,0.0003404803298228624,21,210,5519.409686204639,205.8308653791401,5725.240551583778,0.03595147898583946
3038,21,210,1330,21,0.015789473684210527,0.0049983455899254865,0.0002380164566631184,21,210,5285.7713697629115,188.7987751353271,5474.570144898233,0.03448650216150198
3039,21,210,1330,14,0.010526315789473684,0.004972974726971811,0.0003552124804979865,21,210,5403.196409682946,212.77849931710472,5615.97490900005,0.037888078697807234
3040,21,210,1330,14,0.010526315789473684,0.005908524233879626,0.0004220374452771161,21,210,5428.638026544968,233.863155908867,5662.501182453832,0.041300327959935705
3041,21,210,1330,12,0.009022556390977444,0.0037661759580953453,0.00031384799650794546,21,210,5376.157825960399,154.09464360293413,5530.252469563329,0.02786394372608119
3042,21,210,1330,8,0.006015037593984963,0.0016481442731047888,0.0002060180341380986,21,210,5492.761897451724,197.01251909901075,5689.774416550731,0.03462571706286453
3043,21,210,1330,15,0.011278195488721804,0.00936387196594464,0.0006242581310629759,21,210,5380.551946785739,203.38395946784283,5583.935906253588,0.03642304691213739
3044,21,210,1330,7,0.005263157894736842,0.002207858016160408,0.0003154082880229154,21,210,5660.568020691313,156.1916124316043,5816.759633122912,0.026851997036664188
3045,21,210,1330,26,0.019548872180451128,0.016132270878395794,0.0006204719568613767,21,210,5479.013450982364,207.4831240198033,5686.496575002164,0.03648698654491397
3046,21,210,1330,21,0.015789473684210527,0.010721179746920367,0.0005105323689009698,21,210,5450.136537503866,233.32814759078926,5683.464685094654,0.041053857201349596
3047,21,210,1330,13,0.009774436090225564,0.010954758373424297,0.0008426737210326381,21,210,5424.909688597161,189.6228313266971,5614.532519923856,0.03377357431875179
3048,21,210,1330,7,0.005263157894736842,0.0009696480493521478,0.00013852114990744972,21,210,5515.820575821674,199.2059881686806,5715.026563990347,0.03485652882592919
3049,21,210,1330,17,0.012781954887218045,0.0030314880707290096,0.00017832282768994175,21,210,5496.219163126132,199.74697354041555,5695.966136666546,0.035068146254344415
3050,21,210,1330,14,0.010526315789473684,0.0038210185168763362,0.00027292989406259543,21,210,5646.2124619875485,187.76316795416136,5833.975629941704,0.0321844278866207
3051,21,210,1330,8,0.006015037593984963,0.006370517290647666,0.0007963146613309582,21,210,5564.756052596344,236.47552319992428,5801.2315757962715,0.04076298629183164
3052,21,210,1330,16,0.012030075187969926,0.0060904155749527174,0.00038065097343454484,21,210,5490.218903162731,189.42901297875068,5679.647916141475,0.033352245733471654
3053,21,210,1330,19,0.014285714285714285,0.0067705863274009695,0.0003563466488105773,21,210,5708.414839462541,228.81595489376306,5937.230794356297,0.03853917134420085
3054,21,210,1330,26,0.019548872180451128,0.01528811185922059,0.0005880043022777151,21,210,5443.535087343444,213.35073191280657,5656.885819256249,0.037715226845582206
3055,21,210,1330,15,0.011278195488721804,0.0016110680479061543,0.00010740453652707695,21,210,5385.669965097693,211.6235367103199,5597.293501808008,0.03780819009079342
3056,21,210,1330,25,0.018796992481203006,0.020856445741528548,0.0008342578296611419,21,210,5627.439233010824,240.6063945129662,5868.045627523788,0.041002815892298684
3057,21,210,1330,21,0.015789473684210527,0.004367085052005242,0.00020795643104786862,21,210,5500.434862098598,219.3236922633261,5719.758554361923,0.03834492141212298
3058,21,210,1330,16,0.012030075187969926,0.007015565235098745,0.0004384728271936715,21,210,5441.533329787371,200.90333625138032,5642.436666038744,0.035605776040092255
3059,21,210,1330,7,0.005263157894736842,0.0007864956392764477,0.00011235651989663539,21,210,5230.118200047009,199.79073579625492,5429.908935843263,0.03679449105995504
3060,21,210,1330,23,0.017293233082706767,0.010803830827723949,0.0004697317751184326,21,210,5386.989945526926,230.0548356418268,5617.044781168754,0.040956560719097326
3061,21,210,1330,17,0.012781954887218045,0.006420163239373885,0.0003776566611396403,21,210,5249.646090907884,207.01783975601606,5456.663930663901,0.03793853577690071
3062,21,210,1330,16,0.012030075187969926,0.009834421660139295,0.0006146513537587059,21,210,5503.761746950086,213.93358158913495,5717.695328539219,0.037416051275294446
3063,21,210,1330,33,0.02481203007518797,0.00883025022310271,0.0002675833400940215,21,210,5275.787901580654,174.38323744907296,5450.171139029724,0.03199591957769565
3064,21,210,1330,12,0.009022556390977444,0.003355526651044732,0.0002796272209203944,21,210,5336.768557313228,188.94060744230802,5525.7091647555335,0.03419300614795695
3065,21,210,1330,16,0.012030075187969926,0.0023246590334744135,0.00014529118959215085,21,210,5492.348266403575,205.50216825568128,5697.850434659255,0.03606661329782181
3066,21,210,1330,15,0.011278195488721804,0.006715018655949548,0.0004476679103966365,21,210,5392.522245503729,251.5602823699727,5644.0825278737,0.04457062438892849
3067,21,210,1330,21,0.015789473684210527,0.006886041068374022,0.0003279067175416201,21,210,5539.655440012431,217.558597532605,5757.214037545032,0.03778886734344438
3068,21,210,1330,14,0.010526315789473684,0.005799828327773454,0.00041427345198381815,21,210,5406.766060864018,198.44780286433877,5605.213863728355,0.03540414472826904
3069,21,210,1330,19,0.014285714285714285,0.005383278268095279,0.0002833304351629094,21,210,5608.122474468157,195.4345072471616,5803.556981715315,0.03367495276825876
3070,21,210,1330,14,0.010526315789473684,0.007372630391333046,0.000526616456523789,21,210,5620.582466979555,213.15500621626393,5833.737473195816,0.03653832679232549
3071,21,210,1330,16,0.012030075187969926,0.005657756121256331,0.0003536097575785207,21,210,5347.730278622211,198.83608116561447,5546.566359787826,0.03584849946214663
3072,21,210,1330,27,0.02030075187969925,0.01477958098972008,0.0005473918885081511,21,210,5442.035336151046,222.43070191703185,5664.4660380680725,0.03926772628208647
3073,21,210,1330,21,0.015789473684210527,0.012107562319588695,0.0005765505866470807,21,210,5294.058308555094,231.11975036448948,5525.178058919584,0.04183028092486192
3074,21,210,1330,29,0.02180451127819549,0.007947866136736264,0.0002740643495426298,21,210,5585.366477973857,205.34501376246914,5790.711491736322,0.03546110250104987
3075,21,210,1330,19,0.014285714285714285,0.004006477617437577,0.00021086724302303033,21,210,5604.454458273743,187.17573306669485,5791.630191340435,0.03231831572163523
3076,21,210,1330,17,0.012781954887218045,0.017998389237708967,0.0010587287786887629,21,210,5390.282501877422,214.080312884451,5604.362814761875,0.03819886755378579
3077,21,210,1330,17,0.012781954887218045,0.004383112269560588,0.00025783013350356396,21,210,5399.5900223684675,200.500253181276,5600.090275549746,0.03580303947182234
3078,21,210,1330,11,0.008270676691729323,0.005981510932591355,0.0005437737211446686,21,210,5456.862399289805,237.82280354070213,5694.685202830504,0.041762238836747984
3079,21,210,1330,25,0.018796992481203006,0.010655951530852845,0.0004262380612341137,21,210,5370.031124939105,235.5529217626417,5605.584046701744,0.04202112033290056
3080,21,210,1330,15,0.011278195488721804,0.005782959723174542,0.00038553064821163614,21,210,5542.824522117316,248.3578194323223,5791.1823415496365,0.042885511936041947
3081,21,210,1330,33,0.02481203007518797,0.007242702155438758,0.00021947582289208358,21,210,5603.327398852611,265.47756974406764,5868.804968596678,0.04523537094256983
3082,21,210,1330,9,0.006766917293233083,0.0030357272338991516,0.0003373030259887947,21,210,5507.765419966394,170.84246528624524,5678.607885252636,0.030085272436211646
3083,21,210,1330,13,0.009774436090225564,0.00482632877173614,0.0003712560593643185,21,210,5236.519524862377,225.19891235092402,5461.718437213296,0.041232244931656725
3084,21,210,1330,28,0.021052631578947368,0.00673616462921897,0.00024057730818639175,21,210,5467.27957787912,219.97378655818108,5687.2533644373,0.03867838699321696
3085,21,210,1330,17,0.012781954887218045,0.004411118519236707,0.00025947755995510044,21,210,5414.42227758232,196.49167114194566,5610.913948724261,0.035019548140926574
3086,21,210,1330,7,0.005263157894736842,0.0008747340744826343,0.00012496201064037633,21,210,5299.740899340692,218.75446636550933,5518.495365706202,0.03964023739603436
3087,21,210,1330,25,0.018796992481203006,0.0029439902985093163,0.00011775961194037265,21,210,5516.839358049541,203.38055053240697,5720.219908581945,0.03555467338367162
3088,21,210,1330,36,0.02706766917293233,0.0216597340523183,0.000601659279231064,21,210,5384.981214045072,217.04158753109067,5602.0228015761595,0.03874343165294237
3089,21,210,1330,13,0.009774436090225564,0.011410837756622487,0.0008777567505094221,21,210,5469.148346105481,224.65760112749805,5693.805947232977,0.03945649065133228
3090,21,210,1330,8,0.006015037593984963,0.002834718875463482,0.00035433985943293526,21,210,5626.539982054746,188.46153524901254,5815.0015173037555,0.03240954188716989
3091,21,210,1330,24,0.01804511278195489,0.003918319506361969,0.00016326331276508203,21,210,5435.054531015031,187.11552306040227,5622.170054075428,0.033281725963583225
3092,21,210,1330,28,0.021052631578947368,0.0037177836931374317,0.0001327779890406226,21,210,5471.809901918134,208.66918841531032,5680.479090333442,0.036734434736395004
3093,21,210,1330,19,0.014285714285714285,0.02171973881493889,0.0011431441481546782,21,210,5508.584259188134,229.676804004811,5738.261063192942,0.04002550624230608
3094,21,210,1330,18,0.013533834586466165,0.006744169361905933,0.0003746760756614407,21,210,5460.526765177632,195.82037843301484,5656.347143610645,0.034619582826384984
3095,21,210,1330,18,0.013533834586466165,0.015082094712662803,0.0008378941507034889,21,210,5532.087300029842,206.92480277973144,5739.012102809567,0.036055822687397744
3096,21,210,1330,12,0.009022556390977444,0.004947237335180282,0.0004122697779316901,21,210,5418.93186277806,220.36604071535402,5639.297903493416,0.03907685752491322
3097,21,210,1330,19,0.014285714285714285,0.007978570813658582,0.0004199247796662411,21,210,5208.738086277627,212.69540945651048,5421.4334957341325,0.0392323192055884
3098,21,210,1330,31,0.02330827067669173,0.016060800000887054,0.0005180903226092599,21,210,5452.03665445468,211.97940377622223,5664.016058230899,0.03742563608522536
3099,21,210,1330,16,0.012030075187969926,0.0026066433244400556,0.00016291520777750348,21,210,5369.49202954441,202.88950702898833,5572.381536573398,0.03640983764255137
3100,21,210,1330,13,0.009774436090225564,0.007289667099653697,0.0005607436230502844,21,210,5591.119149007149,250.71831329626247,5841.837462303408,0.04291771465983332
3101,21,210,1330,22,0.016541353383458645,0.005720466443292087,0.0002600212019678221,21,210,5485.250467637485,183.36758375182555,5668.618051389305,0.032347845998705896
3102,21,210,1330,10,0.007518796992481203,0.005084121598601409,0.000508412159860141,21,210,5370.482390760408,201.9287530244392,5572.411143784846,0.03623723157069255
3103,21,210,1330,14,0.010526315789473684,0.006539904836172299,0.0004671360597265928,21,210,5462.951917524589,175.84914922851385,5638.801066753097,0.03118555649450679
3104,21,210,1330,15,0.011278195488721804,0.005604191809426101,0.0003736127872950734,21,210,5446.17895644018,199.22266545210516,5645.4016218922825,0.03528936979072318
3105,21,210,1330,13,0.009774436090225564,0.0021781600305107547,0.00016755077157775035,21,210,5536.893129187514,203.50206653512748,5740.395195722641,0.03545088092310502
3106,21,210,1330,23,0.017293233082706767,0.005110743786974445,0.00022220625160758464,21,210,5459.690685495269,230.5977474198174,5690.288432915084,0.04052479063907209
3107,21,210,1330,16,0.012030075187969926,0.0034744219617096088,0.00021715137260685057,21,210,5278.068479804533,197.6042128051701,5475.6726926097,0.03608765970834392
3108,21,210,1330,8,0.006015037593984963,0.0032639849650819754,0.00040799812063524693,21,210,5589.823225013983,208.3963816883513,5798.219606702334,0.03594144337814659
3109,21,210,1330,16,0.012030075187969926,0.01181415641506028,0.0007383847759412675,21,210,5413.102914902976,237.6776630215986,5650.780577924574,0.04206103205460035
3110,21,210,1330,17,0.012781954887218045,0.0044196875315787925,0.00025998161950463493,21,210,5522.073337205304,208.1533690209183,5730.226706226222,0.0363255032815277
3111,21,210,1330,12,0.009022556390977444,0.006422447624946863,0.0005352039687455719,21,210,5370.845456323878,173.72576452161564,5544.571220845488,0.031332587787577255
3112,21,210,1330,36,0.02706766917293233,0.012375139861757724,0.00034375388504882565,21,210,5434.847363687655,220.07306722952663,5654.92043091718,0.0389170935149361
3113,21,210,1330,22,0.016541353383458645,0.004568750635854014,0.0002076704834479098,21,210,5399.639405971535,187.99005490631032,5587.629460877843,0.03364397303409883
3114,21,210,1330,7,0.005263157894736842,0.0017692766887235966,0.0002527538126747995,21,210,5422.4568100159395,183.97189773574604,5606.428707751677,0.03281445414286264
3115,21,210,1330,10,0.007518796992481203,0.005605248300764317,0.0005605248300764317,21,210,5487.741077909435,215.8657784774943,5703.606856386925,0.03784724016098109
3116,21,210,1330,21,0.015789473684210527,0.018696426397146103,0.0008903060189117192,21,210,5434.247526855321,215.95410358699138,5650.2016304423105,0.03822060126553148
3117,21,210,1330,6,0.004511278195488722,0.0015655351427845052,0.0002609225237974175,21,210,5528.092019837446,186.52640009456172,5714.618419932003,0.03264021958911145
3118,21,210,1330,12,0.009022556390977444,0.005257651492987644,0.000438137624415637,21,210,5357.258075187739,171.30142199312513,5528.559497180862,0.030984820201442276
3119,21,210,1330,20,0.015037593984962405,0.0031944930338032914,0.0001597246516901646,21,210,5364.630919101748,175.57250110189636,5540.203420203641,0.03169062357198481
3120,21,210,1330,18,0.013533834586466165,0.006204335198091413,0.0003446852887828563,21,210,5488.3261639247,203.9547643677662,5692.280928292463,0.035830059502869153
3121,21,210,1330,26,0.019548872180451128,0.010106594991957337,0.0003887151919983592,21,210,5280.826225896311,181.90559665119673,5462.731822547509,0.033299382536111075
3122,21,210,1330,23,0.017293233082706767,0.005753615033907033,0.0002501571753872623,21,210,5261.044484233776,212.19866563334406,5473.243149867114,0.03877018795309616
3123,21,210,1330,22,0.016541353383458645,0.004079838378714544,0.00018544719903247926,21,210,5302.691270940521,202.4350168391528,5505.126287779671,0.036772093183133674
3124,21,210,1330,29,0.02180451127819549,0.005649691410149507,0.00019481694517756919,21,210,5434.637437719117,213.09257945763986,5647.730017176753,0.037730659718072504
3125,21,210,1330,16,0.012030075187969926,0.0049215344617303085,0.0003075959038581443,21,210,5433.965719464862,183.4259291280268,5617.391648592883,0.03265322067653476
3126,21,210,1330,18,0.013533834586466165,0.004404800471588589,0.00024471113731047717,21,210,5473.959863752342,183.57396428147746,5657.533828033817,0.03244770068750531
3127,21,210,1330,3,0.002255639097744361,0.00016933827469689983,5.644609156563328e-05,21,210,5586.608585437558,174.76062791188116,5761.369213349435,0.030333176271180536
3128,21,210,1330,14,0.010526315789473684,0.0028006963429009148,0.00020004973877863676,21,210,5330.773848565397,201.77108932507338,5532.544937890469,0.03646985096193501
3129,21,210,1330,19,0.014285714285714285,0.013080702581467823,0.0006884580306035696,21,210,5591.167937783008,218.9425763081249,5810.1105140911295,0.03768303129125142
3130,21,210,1330,16,0.012030075187969926,0.004200114144381551,0.0002625071340238469,21,210,5577.652744274912,214.26985374428278,5791.922598019193,0.03699459896400583
3131,21,210,1330,15,0.011278195488721804,0.009204820314957595,0.0006136546876638397,21,210,5389.416439990418,201.49631954814734,5590.912759538562,0.03603996846568172
3132,21,210,1330,5,0.0037593984962406013,0.0017330677533935691,0.00034661355067871385,21,210,5525.726825748494,211.88380497278735,5737.610630721281,0.03692892714578493
3133,21,210,1330,17,0.012781954887218045,0.006114533807973459,0.0003596784592925564,21,210,5329.577539737694,199.37295703681832,5528.9504967745115,0.03605981951785042
3134,21,210,1330,13,0.009774436090225564,0.00373802548382612,0.0002875404218327785,21,210,5385.543939069636,204.40233735431343,5589.946276423952,0.036566064725236574
3135,21,210,1330,17,0.012781954887218045,0.004446559805889468,0.00026156234152290996,21,210,5406.832954352403,211.0609800883634,5617.893934440763,0.037569413476186184
3136,21,210,1330,11,0.008270676691729323,0.0020898548208837745,0.00018998680189852497,21,210,5388.389194664983,195.16532640567945,5583.554521070657,0.03495359912206179
3137,21,210,1330,12,0.009022556390977444,0.004865130762669231,0.0004054275635557692,21,210,5517.540553152041,226.78727225569372,5744.327825407736,0.03948021059184522
3138,21,210,1330,15,0.011278195488721804,0.0038876832312320056,0.0002591788820821337,21,210,5306.0454309385605,188.93573617138958,5494.981167109944,0.03438332733554377
3139,21,210,1330,12,0.009022556390977444,0.00769977286071205,0.0006416477383926709,21,210,5286.922417291982,203.50699056537286,5490.429407857353,0.03706576944129981
3140,21,210,1330,22,0.016541353383458645,0.006082320035965943,0.00027646909254390646,21,210,5564.078339536451,258.8814407306219,5822.959780267067,0.04445873756640449
3141,21,210,1330,19,0.014285714285714285,0.005113547373349127,0.000269134072281533,21,210,5377.1546771098,196.66358099208105,5573.81825810188,0.035283457745723716
3142,21,210,1330,6,0.004511278195488722,0.000662765530389228,0.00011046092173153803,21,210,5494.034712932182,202.85840728664272,5696.893120218823,0.035608603322164964
3143,21,210,1330,11,0.008270676691729323,0.00430243240208194,0.00039113021837108543,21,210,5682.294400039069,224.29174031133402,5906.5861403504005,0.037973159957678734
3144,21,210,1330,13,0.009774436090225564,0.0020024141078869894,0.00015403185445284537,21,210,5362.6763443954,176.59232244570495,5539.268666841108,0.03188007895389026
3145,21,210,1330,17,0.012781954887218045,0.005736672283138273,0.0003374513107728396,21,210,5438.708181657499,210.29365592798683,5649.001837585483,0.037226692781157124
3146,21,210,1330,17,0.012781954887218045,0.0064770974593506055,0.0003810057329029768,21,210,5391.428467725467,195.6866156741001,5587.115083399565,0.035024625903182866
3147,21,210,1330,24,0.01804511278195489,0.006281679116462787,0.0002617366298526161,21,210,5351.149748874277,246.86276620629852,5598.012515080571,0.0440982876585701
3148,21,210,1330,20,0.015037593984962405,0.0035942441742351492,0.00017971220871175746,21,210,5405.805031882719,171.75298231205605,5577.558014194779,0.030793580609103116
3149,21,210,1330,11,0.008270676691729323,0.007334919815277017,0.0006668108922979106,21,210,5316.90495131042,229.04819024873098,5545.95314155915,0.0413000586918659
3150,21,210,1330,20,0.015037593984962405,0.0036593554112184868,0.0001829677705609243,21,210,5407.237302611149,220.4546064216919,5627.691909032846,0.03917318324904151
3151,21,210,1330,27,0.02030075187969925,0.010353269689357588,0.00038345443293916995,21,210,5335.678373073459,212.59985616963246,5548.278229243086,0.038318167796469
3152,21,210,1330,13,0.009774436090225564,0.0049620905195981975,0.000381699270738323,21,210,5329.14645191013,194.5848667658691,5523.731318675997,0.03522706944633032
3153,21,210,1330,23,0.017293233082706767,0.015230096868290681,0.0006621781247082904,21,210,5337.609376639584,179.58493794528067,5517.194314584862,0.0325500476701614
3154,21,210,1330,20,0.015037593984962405,0.005417410182607844,0.0002708705091303922,21,210,5295.616446710155,229.8583461332691,5525.474792843424,0.04159974567814169
3155,21,210,1330,21,0.015789473684210527,0.014525465999196768,0.000691688857104608,21,210,5384.647902720482,201.2563589497386,5585.904261670223,0.03602932480077301
3156,21,210,1330,13,0.009774436090225564,0.003169879600637265,0.0002438368923567127,21,210,5595.774092808464,186.2125690176351,5781.986661826099,0.032205637942240496
3157,21,210,1330,18,0.013533834586466165,0.0037600626859542576,0.0002088923714419032,21,210,5540.965169148405,177.54700984357225,5718.512178991974,0.031047762824712426
3158,21,210,1330,17,0.012781954887218045,0.0036315000291294555,0.00021361764877232093,21,210,5539.470766601189,176.65583401574213,5716.126600616932,0.030904814808803565
3159,21,210,1330,12,0.009022556390977444,0.0008628742933795335,7.190619111496112e-05,21,210,5114.196108302128,197.47825829321667,5311.674366595341,0.037178156013316685
3160,21,210,1330,11,0.008270676691729323,0.00406979376471944,0.00036998125133813094,21,210,5410.790302335168,189.62705407479814,5600.417356409964,0.033859450467162114
3161,21,210,1330,36,0.02706766917293233,0.011161410188816657,0.00031003917191157386,21,210,5318.281431969586,216.95295977034485,5535.234391739931,0.039194900236582106
3162,21,210,1330,15,0.011278195488721804,0.00264348831017258,0.0001762325540115053,21,210,5480.546842879914,191.95355361885356,5672.500396498764,0.03383931955956019
3163,21,210,1330,21,0.015789473684210527,0.003166697291232038,0.00015079510910628752,21,210,5306.59764719014,193.75752572449625,5500.355172914636,0.035226366231514504
3164,21,210,1330,10,0.007518796992481203,0.002148417539126543,0.0002148417539126543,21,210,5574.610356739628,221.36361088998885,5795.973967629612,0.03819265098951441
3165,21,210,1330,15,0.011278195488721804,0.005741693324565339,0.00038277955497102256,21,210,5383.262753354428,181.52103834262343,5564.783791697051,0.03261960304971099
3166,21,210,1330,13,0.009774436090225564,0.004042656332681199,0.0003109735640523999,21,210,5526.305178553796,209.42736983287585,5735.732548386672,0.03651275021388208
3167,21,210,1330,23,0.017293233082706767,0.0033949739505554745,0.00014760756306762934,21,210,5544.365291759303,232.4473436197208,5776.812635379019,0.04023799252136725
3168,21,210,1330,9,0.006766917293233083,0.0035106895074912916,0.00039007661194347685,21,210,5479.388110603424,167.34984895395115,5646.737959557377,0.029636553024512756
3169,21,210,1330,20,0.015037593984962405,0.005235213295048227,0.00026176066475241136,21,210,5321.790749814894,192.24259932868966,5514.033349143583,0.03486424313312287
3170,21,210,1330,24,0.01804511278195489,0.009778389174128307,0.00040743288225534614,21,210,5476.295286186827,191.4839109719186,5667.779197158743,0.033784645504170215
3171,21,210,1330,22,0.016541353383458645,0.01370506959107692,0.0006229577086853147,21,210,5488.364201262213,206.32291060058645,5694.6871118628005,0.036230772042029846
3172,21,210,1330,19,0.014285714285714285,0.004135649986701076,0.00021766578877374087,21,210,5478.232971531355,206.93333990360412,5685.166311434956,0.036398819061350104
3173,21,210,1330,15,0.011278195488721804,0.0025477305746688535,0.00016984870497792354,21,210,5439.724273139143,197.4576530692255,5637.181926208368,0.03502772407454264
3174,21,210,1330,19,0.014285714285714285,0.014924959982145594,0.0007855242095866103,21,210,5493.761903663935,218.48397650923278,5712.245880173166,0.03824834943950442
3175,21,210,1330,10,0.007518796992481203,0.0011630962017991776,0.00011630962017991776,21,210,5471.453187163037,165.3709344774765,5636.824121640511,0.02933760765083936
3176,21,210,1330,28,0.021052631578947368,0.012050656996523223,0.00043038060701868646,21,210,5235.588270879029,244.22408891357486,5479.812359792606,0.04456796563063666
3177,21,210,1330,7,0.005263157894736842,0.0014276726486941625,0.00020395323552773747,21,210,5570.8753792101925,202.77736506666213,5773.652744276851,0.0351211570989727
3178,21,210,1330,15,0.011278195488721804,0.003484679446812683,0.00023231196312084552,21,210,5431.95959330563,205.28022208803432,5637.239815393659,0.0364150238078348
3179,21,210,1330,28,0.021052631578947368,0.004609226831326918,0.00016461524397596135,21,210,5565.647657076512,195.528780654846,5761.176437731357,0.03393903706442318
3180,21,210,1330,12,0.009022556390977444,0.001713041397031355,0.0001427534497526129,21,210,5620.063575974025,181.90541823818907,5801.968994212211,0.03135235959027873
3181,21,210,1330,20,0.015037593984962405,0.01059671656205976,0.000529835828102988,21,210,5521.989790038452,210.0356202086562,5732.025410247109,0.03664247891036504
3182,21,210,1330,21,0.015789473684210527,0.005941899390656014,0.0002829475900312388,21,210,5436.413532563856,226.1043027996405,5662.517835363496,0.039929993930893484
3183,21,210,1330,13,0.009774436090225564,0.0006806441908492899,5.2357245449945376e-05,21,210,5250.118902502889,191.4257567244243,5441.544659227311,0.03517856945266831
3184,21,210,1330,27,0.02030075187969925,0.0041462494680352905,0.00015356479511241818,21,210,5501.528448513129,235.4466407330725,5736.975089246202,0.04104020621850191
3185,21,210,1330,11,0.008270676691729323,0.0025664785470515296,0.00023331623155013902,21,210,5330.563900363837,191.16310459566847,5521.727004959501,0.03462016583289426
3186,21,210,1330,11,0.008270676691729323,0.0034595338097814688,0.00031450307361649717,21,210,5382.521794079483,213.59885231477125,5596.120646394251,0.03816909352238491
3187,21,210,1330,14,0.010526315789473684,0.001904979068215431,0.00013606993344395936,21,210,5376.930380073416,207.6006753243425,5584.531055397759,0.03717423598597145
3188,21,210,1330,15,0.011278195488721804,0.0063561796078733905,0.0004237453071915593,21,210,5211.718220518511,176.65686652668325,5388.375087045192,0.03278481242915034
3189,21,210,1330,24,0.01804511278195489,0.009089070783798654,0.00037871128265827726,21,210,5498.20140725467,227.06623962682477,5725.267646881492,0.03966037111828404
3190,21,210,1330,14,0.010526315789473684,0.006859436144051751,0.000489959724575125,21,210,5443.048971750741,201.12513631776022,5644.174108068499,0.0356341127092884
3191,21,210,1330,20,0.015037593984962405,0.008480114469242479,0.00042400572346212395,21,210,5461.3630559860485,208.36104238398542,5669.724098370034,0.036749767496426555
3192,21,210,1330,17,0.012781954887218045,0.00807039993871893,0.000474729408159937,21,210,5188.882700358303,234.26302285938817,5423.145723217693,0.04319688881979625
3193,21,210,1330,12,0.009022556390977444,0.0045769302032791104,0.0003814108502732592,21,210,5396.465592011705,175.8362522710891,5572.301844282789,0.03155540693681159
3194,21,210,1330,12,0.009022556390977444,0.005994696434363638,0.0004995580361969698,21,210,5359.389615886195,202.26568910565985,5561.655304991851,0.036367893731946446
3195,21,210,1330,20,0.015037593984962405,0.0052357303545274275,0.0002617865177263714,21,210,5450.516792279232,226.31026935116245,5676.827061630394,0.03986562685356241
3196,21,210,1330,17,0.012781954887218045,0.003995380986802269,0.00023502241098836876,21,210,5363.107487249336,207.8841210634368,5570.991608312774,0.037315461174495725
3197,21,210,1330,15,0.011278195488721804,0.005504006106487684,0.00036693374043251224,21,210,5451.36047448367,227.96179712631033,5679.322271609979,0.04013890852185916
3198,21,210,1330,13,0.009774436090225564,0.0049057249450191005,0.0003773634573091615,21,210,5443.184101622031,199.4656313210528,5642.649732943085,0.035349639045735314
3199,21,210,1330,6,0.004511278195488722,0.0009697886305629395,0.00016163143842715658,21,210,5496.273224408293,189.48316447951228,5685.756388887799,0.033325937926189875
3200,21,210,1330,25,0.018796992481203006,0.0074294053535138415,0.00029717621414055367,21,210,5391.57048797047,216.6234501664511,5608.193938136919,0.0386262409174842
3201,21,210,1330,19,0.014285714285714285,0.00898285883338924,0.00047278204386259155,21,210,5503.621336229822,170.42668070050894,5674.048016930329,0.030036171740525752
3202,21,210,1330,17,0.012781954887218045,0.0041028785095446815,0.0002413457946790989,21,210,5486.939824815454,198.32358863106714,5685.263413446514,0.03488379943170296
3203,21,210,1330,14,0.010526315789473684,0.0057588882603948725,0.0004113491614567766,21,210,5368.386209599226,215.43077101382778,5583.816980613048,0.038581273663123465
3204,21,210,1330,25,0.018796992481203006,0.01639076715771417,0.0006556306863085668,21,210,5445.403916380217,197.18095637725756,5642.584872757472,0.034945146741035604
3205,21,210,1330,11,0.008270676691729323,0.008813206768648219,0.0008012006153316562,21,210,5464.015014453556,207.93850830159676,5671.953522755146,0.03666082725596645
3206,21,210,1330,15,0.011278195488721804,0.003939619954043982,0.0002626413302695988,21,210,5572.245308084932,188.2065417230279,5760.451849807958,0.03267218381997279
3207,21,210,1330,26,0.019548872180451128,0.009394246331361794,0.00036131716659083823,21,210,5401.31103979708,220.77619947480213,5622.087239271874,0.039269436790773674
3208,21,210,1330,12,0.009022556390977444,0.007824282637898835,0.0006520235531582362,21,210,5378.919920428621,202.44004388836376,5581.359964316982,0.036270737809890985
3209,21,210,1330,19,0.014285714285714285,0.0025516897394939116,0.00013429945997336378,21,210,5463.947662565493,206.21865446656517,5670.166317032059,0.03636906625598002
3210,21,210,1330,16,0.012030075187969926,0.012194432105128827,0.0007621520065705518,21,210,5300.407615015608,204.75420067175918,5505.1618156873665,0.03719313028879495
3211,21,210,1330,31,0.02330827067669173,0.011186200679646274,0.0003608451832143959,21,210,5499.708617203849,207.62244974986498,5707.3310669537095,0.03637820328174576
3212,21,210,1330,10,0.007518796992481203,0.0038600576160507873,0.00038600576160507873,21,210,5280.60504082645,219.21870248479485,5499.823743311247,0.03985922326172786
3213,21,210,1330,17,0.012781954887218045,0.004804505843669577,0.0002826179908040927,21,210,5545.89973141609,249.83261698629474,5795.732348402382,0.043106306842337565
3214,21,210,1330,15,0.011278195488721804,0.00760894121219766,0.0005072627474798439,21,210,5328.597377665068,201.0856096607703,5529.6829873258375,0.036364762703696256
3215,21,210,1330,19,0.014285714285714285,0.003503537045483932,0.00018439668660441747,21,210,5390.084386585511,216.10933419210636,5606.193720777614,0.038548317264022525
3216,21,210,1330,16,0.012030075187969926,0.007665875561438823,0.0004791172225899265,21,210,5438.575023132995,217.08569953850142,5655.660722671491,0.03838379106941186
3217,21,210,1330,26,0.019548872180451128,0.02742611508042342,0.0010548505800162852,21,210,5393.969539633261,202.68584935561827,5596.655388988876,0.03621553146802499
3218,21,210,1330,16,0.012030075187969926,0.005124435553238289,0.00032027722207739304,21,210,5552.017844695381,206.97011077601667,5758.987955471394,0.035938625393265894
3219,21,210,1330,16,0.012030075187969926,0.005768836209297558,0.00036055226308109737,21,210,5512.980214898381,231.85233321363665,5744.8325481120155,0.04035841450066856
3220,21,210,1330,19,0.014285714285714285,0.0030741083301767014,0.00016179517527245796,21,210,5583.664333257358,204.90107566952037,5788.565408926879,0.03539755728656545
3221,21,210,1330,16,0.012030075187969926,0.0020859248160280583,0.00013037030100175365,21,210,5482.583111509039,185.12212173333637,5667.705233242373,0.032662623427829884
3222,21,210,1330,17,0.012781954887218045,0.002943338810140685,0.0001731375770670991,21,210,5421.64065631469,204.86267231750975,5626.503328632194,0.03641029967493363
3223,21,210,1330,7,0.005263157894736842,0.0019574174241157854,0.0002796310605879694,21,210,5498.779634176577,185.39665979321072,5684.176293969782,0.03261627546455482
3224,21,210,1330,17,0.012781954887218045,0.008839307197087646,0.0005199592468875086,21,210,5395.673665042117,177.01632665908232,5572.6899917012,0.03176496932768438
3225,21,210,1330,12,0.009022556390977444,0.0011825506830327839,9.854589025273197e-05,21,210,5565.238304650408,183.7377593178134,5748.976063968219,0.03196008424341722
3226,21,210,1330,25,0.018796992481203006,0.005007789504241812,0.00020031158016967248,21,210,5555.766224002529,185.78487508535585,5741.551099087883,0.03235795900429591
3227,21,210,1330,17,0.012781954887218045,0.013789097129980893,0.0008111233605871114,21,210,5435.552568809652,235.76849025593373,5671.3210590655835,0.04157205839705702
3228,21,210,1330,18,0.013533834586466165,0.002342428738757513,0.00013013492993097295,21,210,5436.255691296168,203.68328114512695,5639.938972441295,0.03611444771661437
3229,21,210,1330,10,0.007518796992481203,0.0028710980529112543,0.0002871098052911254,21,210,5639.331896091943,188.62689080796815,5827.958786899907,0.032365858734616296
3230,21,210,1330,17,0.012781954887218045,0.004401489676517409,0.0002589111574422005,21,210,5649.947076907961,225.01971580309538,5874.966792711053,0.03830144471323184
3231,21,210,1330,15,0.011278195488721804,0.002616477047798003,0.00017443180318653354,21,210,5285.117260528521,200.55705247203173,5485.6743130005525,0.03656014575942462
3232,21,210,1330,7,0.005263157894736842,0.0004079696642113466,5.8281380601620946e-05,21,210,5585.9297197605665,246.99452392984693,5832.924243690414,0.04234488802027999
3233,21,210,1330,22,0.016541353383458645,0.00622577765128233,0.00028298989324010594,21,210,5308.880984520826,187.82626612295275,5496.707250643776,0.034170687569536194
3234,21,210,1330,13,0.009774436090225564,0.0033241447297822193,0.0002557034407524784,21,210,5411.212500015166,193.4693462878928,5604.681846303061,0.03451923795023411
3235,21,210,1330,26,0.019548872180451128,0.016103615095891192,0.0006193698113804304,21,210,5375.505132875409,190.3528568953019,5565.857989770713,0.03420009228498903
3236,21,210,1330,15,0.011278195488721804,0.0032441903733014476,0.00021627935822009654,21,210,5211.445657897582,213.93058236457858,5425.37624026216,0.03943147403805514
3237,21,210,1330,23,0.017293233082706767,0.005942250187021874,0.00025835870378355973,21,210,5278.771824813837,185.4293557806562,5464.201180594493,0.033935309051062776
3238,21,210,1330,9,0.006766917293233083,0.00228318416800779,0.0002536871297786433,21,210,5437.351470268895,189.41814806462165,5626.769618333519,0.033663746858845385
3239,21,210,1330,14,0.010526315789473684,0.0030292797461714525,0.00021637712472653232,21,210,5425.233344536908,202.80273629345783,5628.036080830365,0.03603437031688968
3240,21,210,1330,21,0.015789473684210527,0.006050677722521709,0.0002881275105962719,21,210,5424.895335508978,212.93239756720178,5637.8277330761775,0.03776851788463907
3241,21,210,1330,19,0.014285714285714285,0.0073632465327319865,0.0003875392911964204,21,210,5445.239227463902,194.93415877484668,5640.173386238747,0.034561731603936045
3242,21,210,1330,17,0.012781954887218045,0.010440972643654657,0.0006141748613914505,21,210,5673.4411998051655,226.1416879499759,5899.582887755141,0.038331809596123055
3243,21,210,1330,15,0.011278195488721804,0.005789610639289785,0.00038597404261931907,21,210,5331.376748953333,172.92602253781277,5504.302771491144,0.031416517171522926
3244,21,210,1330,21,0.015789473684210527,0.005115307839052391,0.00024358608757392335,21,210,5264.976076534093,209.7285486938035,5474.704625227897,0.038308650977690525
3245,21,210,1330,26,0.019548872180451128,0.00980053710817746,0.0003769437349299023,21,210,5497.325338552171,195.49627057156573,5692.821609123734,0.03434083904161849
3246,21,210,1330,17,0.012781954887218045,0.006922787103481042,0.00040722277079300245,21,210,5344.382499768197,201.72263964382427,5546.10513941202,0.036371946541426406
3247,21,210,1330,20,0.015037593984962405,0.004542805466055723,0.00022714027330278616,21,210,5521.069771538909,210.55580845690457,5731.625579995812,0.03673579258069025
3248,21,210,1330,15,0.011278195488721804,0.012381358111874793,0.0008254238741249863,21,210,5547.826350502776,260.55115337505356,5808.377503877826,0.04485782014015149
3249,21,210,1330,13,0.009774436090225564,0.0009882969937194638,7.602284567072798e-05,21,210,5323.20431195852,204.46940196746613,5527.673713925983,0.03699013591419879
3250,21,210,1330,26,0.019548872180451128,0.013098838470209827,0.0005038014796234549,21,210,5378.051608970662,235.00601299564164,5613.0576219663,0.041867735701832526
3251,21,210,1330,4,0.0030075187969924814,0.0025299080358578765,0.0006324770089644691,21,210,5564.755815970373,193.85244975320478,5758.608265723577,0.03366307288291418
3252,21,210,1330,19,0.014285714285714285,0.004162621612322923,0.00021908534801699597,21,210,5364.669354567855,197.87568180460602,5562.545036372461,0.03557286826636607
3253,21,210,1330,17,0.012781954887218045,0.004022888660308319,0.0002366405094299011,21,210,5327.114847592247,181.69956304672465,5508.81441063897,0.032983424291044366
3254,21,210,1330,5,0.0037593984962406013,0.001246711221877839,0.0002493422443755678,21,210,5454.1637706344445,231.4377133773674,5685.601484011811,0.04070593305355318
3255,21,210,1330,14,0.010526315789473684,0.010295621140339682,0.0007354015100242631,21,210,5581.288441056068,270.9401330154802,5852.228574071546,0.046296915711031464
3256,21,210,1330,8,0.006015037593984963,0.0034349245064043024,0.00042936556330053785,21,210,5443.107135747994,170.4127240643804,5613.519859812377,0.030357552537469096
3257,21,210,1330,6,0.004511278195488722,0.0016355430965190535,0.0002725905160865089,21,210,5374.731843645028,221.99855917389,5596.730402818914,0.03966575896921453
3258,21,210,1330,21,0.015789473684210527,0.0079735123560313,0.00037969106457291904,21,210,5512.776666747318,224.2061619965697,5736.982828743885,0.039080849409768886
3259,21,210,1330,25,0.018796992481203006,0.006408452861810127,0.000256338114472405,21,210,5502.694355440242,184.48494286036743,5687.179298300605,0.03243874215738084
3260,21,210,1330,17,0.012781954887218045,0.0090239305567838,0.0005308194445166943,21,210,5458.947899149813,216.3347439975813,5675.28264314739,0.03811876123188231
3261,21,210,1330,19,0.014285714285714285,0.007379216644220424,0.0003883798233800223,21,210,5380.832869379655,233.1440758913962,5613.97694527105,0.041529218620640365
3262,21,210,1330,12,0.009022556390977444,0.0033026005968121307,0.00027521671640101094,21,210,5323.121614158052,210.5728051203434,5533.694419278398,0.038052843031365365
3263,21,210,1330,11,0.008270676691729323,0.0033448517270040627,0.00030407742972764207,21,210,5380.802706494136,192.4058065013757,5573.2085129955085,0.034523346121489495
3264,21,210,1330,18,0.013533834586466165,0.0033911155931410576,0.00018839531073005876,21,210,5525.4655244385285,167.61819876605534,5693.0837232045815,0.029442426445066346
3265,21,210,1330,10,0.007518796992481203,0.0007801002059685924,7.801002059685925e-05,21,210,5352.077478168681,206.77717020177016,5558.854648370452,0.03719780121654841
3266,21,210,1330,19,0.014285714285714285,0.004360105621727484,0.00022947924324881496,21,210,5707.014875461314,201.66427571652622,5908.679151177834,0.0341301787686892
3267,21,210,1330,10,0.007518796992481203,0.0013298362852028297,0.00013298362852028298,21,210,5389.306852129911,197.04834207805678,5586.355194207968,0.035273149527326866
3268,21,210,1330,19,0.014285714285714285,0.005616196663924455,0.00029558929810128716,21,210,5375.229667438948,189.79640164587926,5565.026069084831,0.03410521339697718
3269,21,210,1330,16,0.012030075187969926,0.013940059261263646,0.000871253703828978,21,210,5536.612620793174,244.6857081792989,5781.2983289724725,0.04232366057864162
3270,21,210,1330,11,0.008270676691729323,0.003046897648747878,0.0002769906953407162,21,210,5499.48059400674,195.79987645021612,5695.280470456955,0.034379321170552694
3271,21,210,1330,11,0.008270676691729323,0.0039236818438162045,0.00035669834943783687,21,210,5448.4892711521325,199.65821314890877,5648.147484301036,0.03534932713847445
3272,21,210,1330,12,0.009022556390977444,0.01060243078521402,0.0008835358987678349,21,210,5303.502312282212,204.86929640695217,5508.37160868916,0.03719235210706952
3273,21,210,1330,23,0.017293233082706767,0.010589862591578968,0.0004604288083295204,21,210,5362.4291384097105,208.39078671514025,5570.819925124852,0.03740756109801375
3274,21,210,1330,8,0.006015037593984963,0.003815479100279578,0.00047693488753494727,21,210,5547.010093421187,206.1795978031235,5753.18969122431,0.035837441292370695
3275,21,210,1330,22,0.016541353383458645,0.003022356684046259,0.00013737984927482993,21,210,5509.909899896877,202.76936960893576,5712.679269505812,0.03549461820678702
3276,21,210,1330,13,0.009774436090225564,0.007504287137917011,0.000577252856762847,21,210,5445.422611147263,228.04156857605716,5673.464179723318,0.04019441409202274
3277,21,210,1330,6,0.004511278195488722,0.0009339159637362247,0.0001556526606227041,21,210,5374.66884038639,196.73363415814856,5571.402474544541,0.03531133050556205
3278,21,210,1330,18,0.013533834586466165,0.002933338656469406,0.00016296325869274476,21,210,5330.969164408804,177.67288125972337,5508.6420456685255,0.032253480946257615
3279,21,210,1330,16,0.012030075187969926,0.004215631613213437,0.0002634769758258398,21,210,5568.173719207373,182.17244321436215,5750.346162421738,0.031680256817381035
3280,21,210,1330,11,0.008270676691729323,0.006221749933105072,0.0005656136302822791,21,210,5527.544117895579,187.21415339504387,5714.7582712906205,0.032759767694034665
3281,21,210,1330,17,0.012781954887218045,0.004627592224086566,0.00027221130729920975,21,210,5509.075057444436,214.4264100288965,5723.501467473329,0.037464201109667264
3282,21,210,1330,16,0.012030075187969926,0.008597457097254242,0.0005373410685783901,21,210,5283.991631110943,220.79959227228173,5504.791223383227,0.04011043894532643
3283,21,210,1330,21,0.015789473684210527,0.006692265148318134,0.000318679292777054,21,210,5509.888238181775,197.6793327313075,5707.567570913079,0.03463460226712364
3284,21,210,1330,9,0.006766917293233083,0.0031638368519575906,0.0003515374279952879,21,210,5484.700043849929,233.975027435304,5718.675071285233,0.04091420206931249
3285,21,210,1330,20,0.015037593984962405,0.008271632447568109,0.00041358162237840554,21,210,5336.609092704863,215.17337983169443,5551.7824725365535,0.03875753073830068
3286,21,210,1330,15,0.011278195488721804,0.008649405883541208,0.0005766270589027473,21,210,5455.80114035013,214.85245954437198,5670.653599894498,0.037888482475524385
3287,21,210,1330,5,0.0037593984962406013,0.001384631111563821,0.0002769262223127642,21,210,5587.814759460115,208.86576571507027,5796.6805251751875,0.03603196084516973
3288,21,210,1330,8,0.006015037593984963,0.0008302021869174275,0.00010377527336467843,21,210,5485.65261873246,189.6406901550762,5675.293308887536,0.03341513466063471
3289,21,210,1330,19,0.014285714285714285,0.003541769149669627,0.0001864089026141909,21,210,5347.644354543527,193.68917296877427,5541.333527512301,0.03495353095191297
3290,21,210,1330,17,0.012781954887218045,0.002771800035605122,0.00016304706091794835,21,210,5331.073250509549,201.32319962454213,5532.396450134089,0.03638987217187999
3291,21,210,1330,37,0.027819548872180452,0.018455070673055064,0.0004987856938663531,21,210,5351.970676074541,252.0273046863141,5603.9979807608515,0.0449727686468753
3292,21,210,1330,14,0.010526315789473684,0.0031883696414522922,0.0002277406886751637,21,210,5631.06714180368,251.0318710369916,5882.099012840672,0.04267726036045753
3293,21,210,1330,15,0.011278195488721804,0.004651502474638574,0.00031010016497590496,21,210,5481.078229781018,194.62210909074173,5675.700338871759,0.03429041307163683
3294,21,210,1330,9,0.006766917293233083,0.0023420838831788,0.00026023154257542224,21,210,5493.144905194227,195.99242056128486,5689.1373257555115,0.034450288213996885
3295,21,210,1330,23,0.017293233082706767,0.005784102650556824,0.00025148272393725327,21,210,5576.626758604999,201.1497758141942,5777.776534419192,0.03481439176747508
3296,21,210,1330,11,0.008270676691729323,0.002548357101237316,0.00023166882738521056,21,210,5383.602094903057,173.7937800327744,5557.395874935832,0.031272521149086054
3297,21,210,1330,9,0.006766917293233083,0.004571183591199573,0.0005079092879110637,21,210,5443.407316894775,172.067455110107,5615.474772004876,0.030641657579502272
3298,21,210,1330,34,0.02556390977443609,0.012623830510710385,0.0003712891326679525,21,210,5164.394559712648,185.99159435052547,5350.386154063176,0.03476227490781768
3299,21,210,1330,21,0.015789473684210527,0.007461939495945091,0.00035533045218786154,21,210,5462.322660434937,194.70322950430793,5657.025889939241,0.034417949164874534
3300,21,210,1330,21,0.015789473684210527,0.0035832339331177284,0.00017063018729132038,21,210,5330.849973551558,215.0324421605771,5545.882415712129,0.038773350396208404
3301,21,210,1330,20,0.015037593984962405,0.002958094737638193,0.00014790473688190963,21,210,5549.98819275212,183.6831300387842,5733.6713227908995,0.032035866672136926
3302,21,210,1330,22,0.016541353383458645,0.002791827198583819,0.00012690123629926448,21,210,5325.014458278023,220.5426638427843,5545.557122120808,0.03976925293277681
3303,21,210,1330,15,0.011278195488721804,0.0034904389004730336,0.00023269592669820222,21,210,5706.724792624449,247.11861060671498,5953.843403231158,0.041505728967040585
3304,21,210,1330,23,0.017293233082706767,0.011595951636045787,0.0005041718102628604,21,210,5472.686927646655,206.21681055106018,5678.903738197714,0.036312785012359836
3305,21,210,1330,9,0.006766917293233083,0.002355291790337205,0.00026169908781524504,21,210,5293.84365935748,189.09116878966506,5482.934828147139,0.034487218016699475
3306,21,210,1330,7,0.005263157894736842,0.0019276984202112365,0.0002753854886016052,21,210,5501.896536917186,219.83380131215233,5721.730338229334,0.038420860179891464
3307,21,210,1330,11,0.008270676691729323,0.0010379867887235212,9.436243533850196e-05,21,210,5382.286871609333,209.39156366647774,5591.6784352758095,0.037446996655870736
3308,21,210,1330,17,0.012781954887218045,0.007166774907989108,0.00042157499458759465,21,210,5513.010498375877,192.09626821463925,5705.1067665905175,0.033670933090957686
3309,21,210,1330,16,0.012030075187969926,0.0024542128562803672,0.00015338830351752295,21,210,5532.89877517802,205.99681357040066,5738.895588748423,0.03589485300521487
3310,21,210,1330,14,0.010526315789473684,0.002041908705837387,0.00014585062184552762,21,210,5324.993669658044,181.99002026187264,5506.983689919914,0.03304713260636501
3311,21,210,1330,18,0.013533834586466165,0.007811728173192987,0.0004339848985107215,21,210,5428.101628896221,224.8422315035453,5652.943860399766,0.039774361298476585
3312,21,210,1330,10,0.007518796992481203,0.0013548464018473222,0.00013548464018473222,21,210,5300.405544530261,191.15790861070346,5491.563453140963,0.034809378101853396
3313,21,210,1330,26,0.019548872180451128,0.003716301707646675,0.00014293468106333366,21,210,5352.880369330364,207.6415390006173,5560.52190833098,0.03734209529676001
3314,21,210,1330,13,0.009774436090225564,0.0020635512949927957,0.00015873471499944583,21,210,5471.097648826925,193.88982403215707,5664.987472859078,0.03422599343089144
3315,21,210,1330,10,0.007518796992481203,0.0012676138563501394,0.00012676138563501394,21,210,5584.1012516919745,208.43757296450946,5792.538824656482,0.035983802486964006
3316,21,210,1330,17,0.012781954887218045,0.0022625373108217713,0.00013309043004833948,21,210,5493.643091284439,210.11820578595757,5703.761297070392,0.036838534230715446
3317,21,210,1330,16,0.012030075187969926,0.0035206048009304375,0.00022003780005815234,21,210,5387.895281113472,196.1559688078944,5584.051249921365,0.035127895506090974
3318,21,210,1330,17,0.012781954887218045,0.008267071563403828,0.0004862983272590487,21,210,5300.684980978749,179.58882416407556,5480.2738051428205,0.032770045904557746
3319,21,210,1330,20,0.015037593984962405,0.012236116101303571,0.0006118058050651785,21,210,5408.862130326372,221.38143750999046,5630.243567836356,0.039320046254244914
3320,21,210,1330,9,0.006766917293233083,0.0029208790565887384,0.0003245421173987487,21,210,5379.782307153866,228.6676953486828,5608.450002502545,0.040771994980190435
3321,21,210,1330,27,0.02030075187969925,0.008009098916147286,0.0002966332931906402,21,210,5373.309664710111,195.45289117286495,5568.762555882971,0.03509808313992198
3322,21,210,1330,16,0.012030075187969926,0.005036312690655495,0.0003147695431659685,21,210,5506.662968918348,204.29088394376538,5710.953852862118,0.03577176233728143
3323,21,210,1330,20,0.015037593984962405,0.005663587872618181,0.00028317939363090906,21,210,5537.908415991842,198.69788464250735,5736.606300634344,0.03463683478166101
3324,21,210,1330,39,0.029323308270676692,0.011304970625136832,0.0002898710416701751,21,210,5169.623013493071,229.89850362899386,5399.521517122066,0.042577569679086914
3325,21,210,1330,11,0.008270676691729323,0.0027609756163810245,0.00025099778330736584,21,210,5270.638946882649,198.09233047436797,5468.731277357017,0.03622272158344266
3326,21,210,1330,22,0.016541353383458645,0.007318068222807996,0.0003326394646730907,21,210,5453.283981497503,201.67989726515773,5654.963878762657,0.035664223784447335
3327,21,210,1330,7,0.005263157894736842,0.0005326521628347032,7.609316611924331e-05,21,210,5589.966205455063,201.8802230611505,5791.846428516206,0.034855935072309836
3328,21,210,1330,9,0.006766917293233083,0.0033319293829284927,0.0003702143758809436,21,210,5353.895446966639,196.36789924711871,5550.263346213756,0.03537992469872186
3329,21,210,1330,19,0.014285714285714285,0.007422575874173044,0.0003906618881143707,21,210,5683.651065127029,224.78587514282015,5908.436940269848,0.03804489705403437
3330,21,210,1330,20,0.015037593984962405,0.007319895533582082,0.0003659947766791041,21,210,5643.4197630900435,197.58565899992016,5841.005422089962,0.03382733702877172
3331,21,210,1330,23,0.017293233082706767,0.007479316950005971,0.00032518769347852054,21,210,5385.946965942097,216.01800178422025,5601.964967726313,0.03856111257901995
3332,21,210,1330,19,0.014285714285714285,0.007887793800850083,0.0004151470421500044,21,210,5351.585412098426,208.31922322967833,5559.904635328102,0.037468128842714395
3333,21,210,1330,11,0.008270676691729323,0.002872941697710804,0.00026117651797370945,21,210,5532.86064925589,191.58860430515972,5724.449253561048,0.03346847806991683
3334,21,210,1330,7,0.005263157894736842,0.0015497040018515181,0.00022138628597878832,21,210,5443.470927898809,205.56132173018835,5649.032249628995,0.03638876760593618
3335,21,210,1330,17,0.012781954887218045,0.00477689100547111,0.0002809935885571241,21,210,5325.962994693749,205.298946523984,5531.261941217728,0.037116113593200516
3336,21,210,1330,10,0.007518796992481203,0.0015757563218253199,0.00015757563218253196,21,210,5695.071181808243,161.59567857099785,5856.666860379237,0.027591748416527492
3337,21,210,1330,19,0.014285714285714285,0.008494354385746708,0.00044707128346035307,21,210,5689.734954097307,240.2249561608697,5929.959910258169,0.04051038452137043
3338,21,210,1330,16,0.012030075187969926,0.007822888589542575,0.0004889305368464109,21,210,5486.932558755274,244.4796109901576,5731.41216974543,0.0426560861005075
3339,21,210,1330,14,0.010526315789473684,0.0023488180260223747,0.0001677727161444553,21,210,5513.354597943586,181.4509829933633,5694.805580936947,0.03186254217365394
3340,21,210,1330,24,0.01804511278195489,0.004918181765235422,0.00020492424021814257,21,210,5339.167897714669,192.4482345957615,5531.616132310432,0.03479059826144881
3341,21,210,1330,16,0.012030075187969926,0.003136330659544353,0.00019602066622152205,21,210,5358.031642409025,211.6788047756387,5569.710447184663,0.03800535176521368
3342,21,210,1330,20,0.015037593984962405,0.005091182995957235,0.0002545591497978618,21,210,5620.843667242335,175.23863511356018,5796.08230235589,0.030233979776707495
3343,21,210,1330,19,0.014285714285714285,0.0060177943344900805,0.0003167260176047411,21,210,5465.643136642468,220.6667702597311,5686.309906902197,0.038806673198004876
3344,21,210,1330,28,0.021052631578947368,0.006986645075516866,0.00024952303841131664,21,210,5356.133686820898,218.09120979624345,5574.224896617137,0.03912493913343858
3345,21,210,1330,16,0.012030075187969926,0.007845029633768394,0.0004903143521105246,21,210,5653.366403605052,226.01164371644137,5879.378047321491,0.03844142048654399
3346,21,210,1330,18,0.013533834586466165,0.008575063174334258,0.00047639239857412543,21,210,5510.335681656108,228.12243853569834,5738.4581201918045,0.03975326363941007
3347,21,210,1330,17,0.012781954887218045,0.004191665688819613,0.0002465685699305655,21,210,5406.772578967219,200.59731692073757,5607.369895887956,0.035773869148144
3348,21,210,1330,17,0.012781954887218045,0.006689564291228749,0.0003935037818369852,21,210,5414.247981621712,222.76732970312463,5637.015311324834,0.03951866677665081
3349,21,210,1330,14,0.010526315789473684,0.005338790550993546,0.0003813421822138248,21,210,5516.537839315159,204.04703756058296,5720.584876875739,0.03566891182497793
3350,21,210,1330,23,0.017293233082706767,0.004733999158494012,0.0002058260503693049,21,210,5467.163459296013,234.36355779641156,5701.527017092421,0.04110540160448608
3351,21,210,1330,23,0.017293233082706767,0.006309440578128215,0.00027432350339687885,21,210,5368.377002647632,208.73785293782424,5577.1148555854525,0.037427569333411584
3352,21,210,1330,13,0.009774436090225564,0.002822120232207875,0.0002170861717082981,21,210,5454.376603539453,179.2877118702851,5633.664315409735,0.031824351227296294
3353,21,210,1330,27,0.02030075187969925,0.0142842451627831,0.0005290461171401148,21,210,5510.490525133184,225.88699950881437,5736.377524641996,0.039377986985421054
3354,21,210,1330,16,0.012030075187969926,0.004607107726078823,0.00028794423287992644,21,210,5464.543924358972,211.4123796045228,5675.956303963492,0.03724700619292904
3355,21,210,1330,17,0.012781954887218045,0.002933023638817909,0.00017253080228340638,21,210,5532.094794335479,189.74519848134562,5721.839992816824,0.033161570180143284
3356,21,210,1330,16,0.012030075187969926,0.0037934343007869683,0.00023708964379918555,21,210,5341.014488605017,199.25772055398102,5540.272209158994,0.03596533040823784
3357,21,210,1330,12,0.009022556390977444,0.004803087460653072,0.00040025728838775595,21,210,5444.653643069776,209.0265953927328,5653.680238462508,0.036971775299689855
3358,21,210,1330,15,0.011278195488721804,0.003748106782342322,0.00024987378548948813,21,210,5402.000036060784,208.73555477548217,5610.735590836261,0.03720288568158509
3359,21,210,1330,8,0.006015037593984963,0.0016888022318265435,0.00021110027897831797,21,210,5500.571926253228,212.81685896298154,5713.388785216208,0.03724879698606544
3360,21,210,1330,19,0.014285714285714285,0.013578211595843964,0.0007146427155707349,21,210,5406.029982537402,187.18117755615646,5593.211160093556,0.03346578060411106
3361,21,210,1330,9,0.006766917293233083,0.002403238001568012,0.00026702644461866796,21,210,5479.685311244485,182.75506059208504,5662.440371836565,0.0322749642541154
3362,21,210,1330,23,0.017293233082706767,0.006770355894619739,0.00029436329976607564,21,210,5318.138297396333,208.33891750617477,5526.477214902507,0.037698321987897694
3363,21,210,1330,14,0.010526315789473684,0.0029849581106185944,0.00021321129361561388,21,210,5390.644414049769,165.44257291357766,5556.086986963346,0.029776814744219754
3364,21,210,1330,15,0.011278195488721804,0.0061147600485636664,0.00040765066990424445,21,210,5469.2881797682185,222.78337757467898,5692.071557342892,0.03913924400463373
3365,21,210,1330,24,0.01804511278195489,0.009082553793867743,0.00037843974141115594,21,210,5557.978065427555,236.79478481940808,5794.77285024696,0.04086351457405555
3366,21,210,1330,18,0.013533834586466165,0.0042928571672860155,0.00023849206484922314,21,210,5317.072521323502,214.042248020819,5531.114769344322,0.038697849700593416
3367,21,210,1330,17,0.012781954887218045,0.0035553646977867057,0.00020913909986980625,21,210,5474.510117318096,210.1390174063271,5684.649134724423,0.036966048814288714
3368,21,210,1330,16,0.012030075187969926,0.001731426026900704,0.00010821412668129401,21,210,5485.8824045310375,172.29669259876016,5658.1790971297905,0.030450908258835542
3369,21,210,1330,24,0.01804511278195489,0.004236176929151888,0.00017650737204799537,21,210,5456.949301881199,191.05517444381437,5648.00447632501,0.0338270224899199
3370,21,210,1330,14,0.010526315789473684,0.0034221135123290725,0.0002444366794520766,21,210,5464.031762577498,200.33502466629915,5664.366787243795,0.03536759397669222
3371,21,210,1330,17,0.012781954887218045,0.003944168135737488,0.0002320098903374993,21,210,5618.660432625953,233.77770969728195,5852.43814232323,0.0399453533744621
3372,21,210,1330,9,0.006766917293233083,0.0039934175481677915,0.00044371306090753237,21,210,5388.611766056311,229.0081695070829,5617.619935563388,0.0407660489911936
3373,21,210,1330,18,0.013533834586466165,0.0027388922223734367,0.00015216067902074648,21,210,5286.358879466203,188.42468387018198,5474.783563336383,0.03441682793307618
3374,21,210,1330,17,0.012781954887218045,0.007474372564917006,0.0004396689744068827,21,210,5436.57764767572,240.39003030571263,5676.967677981433,0.04234479460541661
3375,21,210,1330,14,0.010526315789473684,0.0010936161244081313,7.811543745772367e-05,21,210,5409.726889050721,169.60504623817536,5579.33193528889,0.030398809069852095
3376,21,210,1330,18,0.013533834586466165,0.01273986939090921,0.0007077705217171784,21,210,5507.181829674373,234.6808149660959,5741.862644640467,0.04087189636713971
3377,21,210,1330,17,0.012781954887218045,0.007993926050035582,0.00047023094411974,21,210,5478.754838092716,233.46534441329462,5712.220182506007,0.04087120890897995
3378,21,210,1330,11,0.008270676691729323,0.002350236728691836,0.00021365788442653054,21,210,5505.715105276771,182.43055364999483,5688.145658926759,0.03207206084177807
3379,21,210,1330,9,0.006766917293233083,0.0033617638564810877,0.00037352931738678753,21,210,5387.801984668065,207.99370190511587,5595.795686573179,0.03716963834190479
3380,21,210,1330,28,0.021052631578947368,0.011238238617015532,0.00040136566489341186,21,210,5457.1449593454045,225.60336316672613,5682.748322512129,0.039699692888562656
3381,21,210,1330,12,0.009022556390977444,0.008414827629747133,0.0007012356358122609,21,210,5364.248605222219,253.16017715496517,5617.408782377184,0.04506707397709312
3382,21,210,1330,13,0.009774436090225564,0.001576156948504975,0.00012124284219269036,21,210,5468.128727477275,202.00869145189034,5670.137418929165,0.035626771721176516
3383,21,210,1330,10,0.007518796992481203,0.004274838475558553,0.00042748384755585524,21,210,5413.469156532095,179.2927442970167,5592.761900829109,0.03205799701046402
3384,21,210,1330,26,0.019548872180451128,0.004842709816548428,0.0001862580698672472,21,210,5313.072756855805,186.2028742998067,5499.275631155609,0.033859527470289454
3385,21,210,1330,18,0.013533834586466165,0.00366723032040326,0.00020373501780018114,21,210,5514.855111482679,194.35039517551527,5709.205506658192,0.03404158336021709
3386,21,210,1330,13,0.009774436090225564,0.002435834173426408,0.00018737185949433907,21,210,5439.542530672783,224.36570840657845,5663.908239079356,0.03961323152421836
3387,21,210,1330,19,0.014285714285714285,0.0049774923948039925,0.0002619732839370522,21,210,5391.289523781197,200.13934376428733,5591.428867545486,0.035793953299837665
3388,21,210,1330,18,0.013533834586466165,0.0036522251405612218,0.00020290139669784565,21,210,5510.652553503432,212.784394769478,5723.436948272916,0.037177730215703184
3389,21,210,1330,21,0.015789473684210527,0.005139830445179854,0.00024475383072285016,21,210,5583.267583082224,208.99950200718067,5792.267085089399,0.03608250430046509
3390,21,210,1330,26,0.019548872180451128,0.0077865294989561025,0.000299481903806004,21,210,5251.489955408861,213.83483619906082,5465.3247916079235,0.039125732568978694
3391,21,210,1330,13,0.009774436090225564,0.00538071095934665,0.0004139008430266655,21,210,5300.145538317169,197.37932630022834,5497.524864617394,0.035903307608589625
3392,21,210,1330,18,0.013533834586466165,0.005974232657487912,0.000331901814304884,21,210,5436.988290130378,226.0142090007185,5663.002499131089,0.03991066735983205
3393,21,210,1330,19,0.014285714285714285,0.0018084766753657198,9.518298291398525e-05,21,210,5726.517737588776,223.3458327457576,5949.86357033453,0.037537975468771974
3394,21,210,1330,2,0.0015037593984962407,0.0001520448259355707,7.602241296778535e-05,21,210,5402.629471535996,205.7692086418267,5608.398680177825,0.03668947597628748
3395,21,210,1330,17,0.012781954887218045,0.01564535924363745,0.0009203152496257324,21,210,5395.054337032707,231.4892371800566,5626.543574212765,0.041142352161103686
3396,21,210,1330,24,0.01804511278195489,0.009855342276231005,0.0004106392615096252,21,210,5267.361066142092,247.96402832551087,5515.325094467594,0.044959095625068925
3397,21,210,1330,18,0.013533834586466165,0.005003204341555313,0.0002779557967530729,21,210,5453.155262185637,188.38041521360483,5641.535677399241,0.03339169084196036
3398,21,210,1330,0,0.0,0.0,0.0,21,210,5609.17290477734,195.50561829192748,5804.678523069266,0.033680696961070025
3399,21,210,1330,5,0.0037593984962406013,0.0002986180605801888,5.9723612116037766e-05,21,210,5439.7603268278435,179.20057655139044,5618.960903379235,0.03189212020386536
3400,21,210,1330,13,0.009774436090225564,0.009005668067641933,0.0006927436975109178,21,210,5451.034695788563,207.92520391489785,5658.959899703457,0.03674265370316436
3401,21,210,1330,12,0.009022556390977444,0.004709839997593547,0.000392486666466129,21,210,5592.694304538794,214.1927546643755,5806.887059203171,0.03688598598192253
3402,21,210,1330,15,0.011278195488721804,0.0073032820588447185,0.00048688547058964787,21,210,5594.704693209371,193.47046579560848,5788.175159004977,0.033425122854932265
3403,21,210,1330,18,0.013533834586466165,0.0076910162846527885,0.00042727868248071047,21,210,5452.667823725819,209.11857603880577,5661.786399764624,0.03693508749243868
3404,21,210,1330,18,0.013533834586466165,0.012445704861944617,0.0006914280478858121,21,210,5259.253739995664,218.9530918719981,5478.206831867659,0.03996802212693226
3405,21,210,1330,19,0.014285714285714285,0.008470059608671294,0.0004457926109826996,21,210,5370.6471532122305,182.51689741629752,5553.164050628527,0.03286718990332001
3406,21,210,1330,20,0.015037593984962405,0.010622339269035162,0.0005311169634517581,21,210,5429.593498966857,207.43892346767694,5637.032422434532,0.036799313525695106
3407,21,210,1330,18,0.013533834586466165,0.017805682166992246,0.0009892045648329025,21,210,5372.593392244752,236.78188909399785,5609.3752813387455,0.04221181098039976
3408,21,210,1330,25,0.018796992481203006,0.004163103258496798,0.0001665241303398719,21,210,5437.043172292053,178.68933123573902,5615.732503527794,0.031819416456087726
3409,21,210,1330,24,0.01804511278195489,0.007955022092484125,0.00033145925385350515,21,210,5453.932168735412,183.88800649343176,5637.82017522884,0.03261686268416104
3410,21,210,1330,22,0.016541353383458645,0.017426038659860733,0.000792092666357306,21,210,5506.627796619063,230.71843121026916,5737.34622782933,0.04021344050863726
3411,21,210,1330,16,0.012030075187969926,0.006540298140956124,0.00040876863380975777,21,210,5461.412078101595,219.3525192394165,5680.764597341009,0.03861320346597158
3412,21,210,1330,24,0.01804511278195489,0.0077142002594905714,0.00032142501081210714,21,210,5428.4574749987505,191.18129508143585,5619.638770080188,0.03402021071164114
3413,21,210,1330,8,0.006015037593984963,0.0014620127900468998,0.00018275159875586248,21,210,5492.349195219027,192.35746837308443,5684.706663592115,0.03383771226139846
3414,21,210,1330,9,0.006766917293233083,0.0010533681650242907,0.0001170409072249212,21,210,5651.2937337852,190.84195050343573,5842.135684288634,0.03266647007474862
3415,21,210,1330,21,0.015789473684210527,0.006423019460146184,0.0003058580695307706,21,210,5345.970098220967,217.56667635208865,5563.53677457305,0.03910582156056385
3416,21,210,1330,18,0.013533834586466165,0.007046953770280147,0.0003914974316822304,21,210,5437.26928481534,209.34001789210745,5646.609302707446,0.037073579323388416
3417,21,210,1330,16,0.012030075187969926,0.002963183431325681,0.00018519896445785508,21,210,5345.030327408937,204.42600390406471,5549.456331312999,0.03683712271967687
3418,21,210,1330,39,0.029323308270676692,0.01562546838282926,0.00040065303545716054,21,210,5430.146338770642,223.56244318084674,5653.708781951481,0.03954261738675548
3419,21,210,1330,9,0.006766917293233083,0.005111657919863801,0.0005679619910959779,21,210,5449.5242637936735,198.4971103665578,5648.021374160224,0.03514453951514504
3420,21,210,1330,8,0.006015037593984963,0.0010727411809103244,0.00013409264761379055,21,210,5395.154022467625,211.11541590005803,5606.2694383676835,0.037657022770836754
3421,21,210,1330,25,0.018796992481203006,0.008324460443474953,0.0003329784177389981,21,210,5484.352324516842,217.78494432741036,5702.137268844248,0.03819356393213463
3422,21,210,1330,25,0.018796992481203006,0.004370481735560833,0.0001748192694224333,21,210,5469.98463259157,204.00879062233702,5673.993423213902,0.035955062934630785
3423,21,210,1330,26,0.019548872180451128,0.006781291846697265,0.0002608189171806641,21,210,5430.05299989044,207.8332186016412,5637.8862184920745,0.03686367736900318
3424,21,210,1330,4,0.0030075187969924814,0.0021402688879160023,0.0005350672219790006,21,210,5456.756996863064,203.67204491951074,5660.429041782572,0.035981732730169635
3425,21,210,1330,23,0.017293233082706767,0.008187780997265477,0.0003559904781419773,21,210,5400.45958963319,206.4065725189413,5606.866162152133,0.036813179867256615
3426,21,210,1330,24,0.01804511278195489,0.007497441787759247,0.000312393407823302,21,210,5467.464327659482,183.16570877050503,5650.630036429984,0.03241509488138909
3427,21,210,1330,12,0.009022556390977444,0.005899437491446801,0.0004916197909539,21,210,5422.098126750881,207.7736306049048,5629.871757355784,0.03690557077671181
3428,21,210,1330,17,0.012781954887218045,0.006250350059922017,0.000367667650583648,21,210,5471.907823599958,200.68886453287172,5672.596688132824,0.035378659116153365
3429,21,210,1330,25,0.018796992481203006,0.013366938126928678,0.0005346775250771471,21,210,5583.509670215422,230.09975447419808,5813.609424689619,0.03957950004295013
3430,21,210,1330,20,0.015037593984962405,0.0043769737759708814,0.00021884868879854408,21,210,5344.062667099093,192.2379199041241,5536.300587003214,0.03472317242951255
3431,21,210,1330,12,0.009022556390977444,0.0027599677476923723,0.0002299973123076977,21,210,5308.215258560755,179.36798726195548,5487.583245822712,0.032686153307741606
3432,21,210,1330,14,0.010526315789473684,0.0024323982059272294,0.00017374272899480206,21,210,5581.057408055705,183.76740783133738,5764.824815887041,0.031877362053552856
3433,21,210,1330,10,0.007518796992481203,0.002088382267127116,0.00020883822671271163,21,210,5521.561747953865,184.36130088838775,5705.923048842248,0.03231051300732058
3434,21,210,1330,19,0.014285714285714285,0.007418349573219567,0.0003904394512220825,21,210,5412.139214824084,211.61117578019474,5623.750390604275,0.03762812377550367
3435,21,210,1330,22,0.016541353383458645,0.003964331544112401,0.0001801968883687455,21,210,5582.217433511954,209.94569492872606,5792.163128440678,0.036246509339119055
3436,21,210,1330,18,0.013533834586466165,0.006221091489501271,0.0003456161938611817,21,210,5639.110280233859,210.11853553324949,5849.228815767105,0.03592243390562132
3437,21,210,1330,18,0.013533834586466165,0.0055130375259850204,0.00030627986255472335,21,210,5581.104656272844,226.1019143343736,5807.206570607212,0.038934711824919976
3438,21,210,1330,11,0.008270676691729323,0.0032091191501641214,0.00029173810456037467,21,210,5557.948774300426,196.83049853588898,5754.779272836313,0.03420296230386586
3439,21,210,1330,22,0.016541353383458645,0.006368078908774107,0.0002894581322170049,21,210,5513.3544611615325,240.68300930053135,5754.037470462057,0.04182854396344488
3440,21,210,1330,11,0.008270676691729323,0.004992342002171296,0.00045384927292466316,21,210,5402.232359432527,217.53822718104286,5619.770586613569,0.03870944975925249
3441,21,210,1330,31,0.02330827067669173,0.006643558589513977,0.00021430834159722508,21,210,5320.30678769382,189.4165373593943,5509.723325053215,0.034378593294893775
3442,21,210,1330,10,0.007518796992481203,0.0023977820755367502,0.000239778207553675,21,210,5306.668771965509,185.52561302815883,5492.194384993671,0.03377987012533108
3443,21,210,1330,20,0.015037593984962405,0.0022361721585374946,0.00011180860792687473,21,210,5511.122935322022,177.39731436825895,5688.520249690278,0.03118514245913384
3444,21,210,1330,17,0.012781954887218045,0.007599764000739284,0.0004470449412199579,21,210,5384.528208947746,195.77529511486603,5580.303504062607,0.035083270107501584
3445,21,210,1330,18,0.013533834586466165,0.014061127181849506,0.0007811737323249724,21,210,5427.5404551816355,191.843433506161,5619.383888687791,0.03413958492715814
3446,21,210,1330,17,0.012781954887218045,0.006279878708240947,0.00036940462989652626,21,210,5393.543695700799,198.35146997542688,5591.895165676224,0.03547124259283934
3447,21,210,1330,8,0.006015037593984963,0.0017456790128867888,0.0002182098766108486,21,210,5413.961514773033,197.30825334147326,5611.269768114502,0.03516285288272154
3448,21,210,1330,31,0.02330827067669173,0.012486382517031984,0.00040278653280748333,21,210,5517.14586651924,227.61969776893693,5744.765564288169,0.03962210384770352
3449,21,210,1330,16,0.012030075187969926,0.0015314556692776087,9.571597932985055e-05,21,210,5435.358414529055,176.5448070357537,5611.903221564809,0.031458989947892646
3450,21,210,1330,22,0.016541353383458645,0.02306896471934415,0.0010485893054247343,21,210,5641.3553682821075,205.2695116634515,5846.624879945562,0.035109061360776544
3451,21,210,1330,8,0.006015037593984963,0.0015034057019185706,0.00018792571273982132,21,210,5318.826638860806,186.81520596652354,5505.641844827328,0.0339315943956726
3452,21,210,1330,20,0.015037593984962405,0.008901113829197642,0.00044505569145988205,21,210,5487.700804907844,234.00826054660314,5721.7090654544445,0.040898315148433215
3453,21,210,1330,17,0.012781954887218045,0.008767977961668135,0.0005157634095098903,21,210,5321.193300267168,205.70555426229004,5526.898854529455,0.037218982955280304
3454,21,210,1330,17,0.012781954887218045,0.008512705952054528,0.000500747408944384,21,210,5436.045594475687,218.38468782376856,5654.430282299454,0.03862187292456267
3455,21,210,1330,16,0.012030075187969926,0.001965322579306257,0.00012283266120664105,21,210,5502.437872835933,224.70978545778308,5727.147658293711,0.03923589871694191
3456,21,210,1330,18,0.013533834586466165,0.006518373475115314,0.0003621318597286286,21,210,5436.180887845179,206.64345294182615,5642.824340787003,0.03662057162548598
3457,21,210,1330,20,0.015037593984962405,0.011809542297683143,0.0005904771148841573,21,210,5427.692181935357,253.1885709172378,5680.880752852592,0.044568541733621486
3458,21,210,1330,16,0.012030075187969926,0.006229797628017183,0.00038936235175107394,21,210,5364.991103032395,218.46025805292436,5583.451361085318,0.03912638329322883
3459,21,210,1330,21,0.015789473684210527,0.006106539614267114,0.00029078760067938636,21,210,5449.869429611896,214.71240050708508,5664.581830118978,0.03790436910372522
3460,21,210,1330,16,0.012030075187969926,0.004028050879529665,0.0002517531799706041,21,210,5344.097586321561,204.7048384195282,5548.802424741085,0.03689171513961051
3461,21,210,1330,12,0.009022556390977444,0.00361957191935697,0.0003016309932797475,21,210,5343.261816966977,167.04985574188044,5510.311672708856,0.030315863360186143
3462,21,210,1330,7,0.005263157894736842,0.002631080878248213,0.00037586869689260185,21,210,5383.698732197103,241.8787435750337,5625.577475772137,0.042996251427829583
3463,21,210,1330,6,0.004511278195488722,0.0028172287151326993,0.0004695381191887832,21,210,5381.749475310387,176.53052541528555,5558.280000725672,0.03175991950607711
3464,21,210,1330,20,0.015037593984962405,0.013325381806114731,0.0006662690903057363,21,210,5546.424896785095,217.8936420630345,5764.318538848133,0.03780041657909063
3465,21,210,1330,31,0.02330827067669173,0.0067039729953308315,0.00021625719339776875,21,210,5433.055237518226,218.56449299995484,5651.619730518178,0.038672894395164026
3466,21,210,1330,8,0.006015037593984963,0.0016752273601208722,0.00020940342001510905,21,210,5529.486526308363,201.55289526644148,5731.039421574805,0.035168645762177944
3467,21,210,1330,12,0.009022556390977444,0.0034339643862732385,0.00028616369885610323,21,210,5372.307373792184,214.81667004104253,5587.124043833218,0.03844852349003173
3468,21,210,1330,18,0.013533834586466165,0.008189243271527426,0.0004549579595293015,21,210,5535.985870908967,240.58500400650476,5776.570874915473,0.04164841204515216
3469,21,210,1330,14,0.010526315789473684,0.003711205845514839,0.0002650861318224885,21,210,5295.8657984315905,199.94075256368686,5495.806550995278,0.03638060232077821
3470,21,210,1330,16,0.012030075187969926,0.013200935105251369,0.0008250584440782104,21,210,5564.495250644084,231.94672955221546,5796.441980196298,0.040015362932065535
3471,21,210,1330,11,0.008270676691729323,0.0015514813087659544,0.0001410437553423595,21,210,5567.377088766891,232.8061610234049,5800.183249790292,0.04013772513684324
3472,21,210,1330,21,0.015789473684210527,0.009416273745150543,0.00044839398786431157,21,210,5361.49383390581,209.39593845502804,5570.889772360837,0.03758752138552726
3473,21,210,1330,24,0.01804511278195489,0.006983647464411279,0.00029098531101713664,21,210,5419.888035035041,246.40896719283572,5666.297002227876,0.043486772242251434
3474,21,210,1330,11,0.008270676691729323,0.0034476127050506802,0.00031341933682278917,21,210,5412.129864778593,191.4427826272984,5603.572647405888,0.034164415217481786
3475,21,210,1330,11,0.008270676691729323,0.006129010308388294,0.0005571827553080268,21,210,5505.287056539015,180.61819428885576,5685.905250827871,0.03176595217842535
3476,21,210,1330,23,0.017293233082706767,0.008180862806318778,0.00035568968723125114,21,210,5473.240238339133,202.89526162481593,5676.1354999639425,0.03574531679627888
3477,21,210,1330,18,0.013533834586466165,0.006379016144960514,0.0003543897858311397,21,210,5422.027098547353,190.5681287820875,5612.59522732944,0.03395365620776519
3478,21,210,1330,12,0.009022556390977444,0.0016556237942977846,0.0001379686495248154,21,210,5451.393970600773,212.6782974907931,5664.072268091562,0.03754865535330685
3479,21,210,1330,20,0.015037593984962405,0.01716725324141087,0.0008583626620705436,21,210,5478.858873378704,208.35704044261237,5687.21591382131,0.036636034854286854
3480,21,210,1330,12,0.009022556390977444,0.004563134473857894,0.0003802612061548244,21,210,5415.298964422254,221.42031495838887,5636.719279380637,0.03928177082870775
3481,21,210,1330,21,0.015789473684210527,0.0067195463117930695,0.00031997839579967,21,210,5636.540539385983,202.09318492462398,5838.633724310605,0.03461309519779579
3482,21,210,1330,17,0.012781954887218045,0.0007611512507125539,4.4773602983091395e-05,21,210,5381.131195232937,167.6436063588975,5548.774801591831,0.03021272485428746
3483,21,210,1330,11,0.008270676691729323,0.005826799799651302,0.0005297090726955729,21,210,5420.341668110606,211.740528489331,5632.082196599943,0.03759542582975042
3484,21,210,1330,15,0.011278195488721804,0.004306580499172704,0.00028710536661151356,21,210,5314.141997428009,214.3132627797524,5528.455260207753,0.03876548740880988
3485,21,210,1330,18,0.013533834586466165,0.007263630123424129,0.000403535006856896,21,210,5396.888739584896,231.53156439123097,5628.420303976126,0.041136153998248576
3486,21,210,1330,12,0.009022556390977444,0.0018802144889618017,0.0001566845407468168,21,210,5604.124747316329,205.49424468410706,5809.618992000439,0.03537138063047897
3487,21,210,1330,12,0.009022556390977444,0.010601466572410954,0.0008834555477009128,21,210,5419.334853234304,206.33614342289675,5625.670996657194,0.03667760584390784
3488,21,210,1330,18,0.013533834586466165,0.005163075102833643,0.00028683750571298014,21,210,5465.3398503176595,211.18819746949566,5676.528047787151,0.03720376182265531
3489,21,210,1330,31,0.02330827067669173,0.00970399339604324,0.0003130320450336529,21,210,5225.617807601677,202.01367506162944,5427.631482663306,0.03721948988373517
3490,21,210,1330,15,0.011278195488721804,0.003513130275245441,0.00023420868501636272,21,210,5453.10868096995,219.17737417811043,5672.286055148058,0.03864004248854644
3491,21,210,1330,10,0.007518796992481203,0.004846538883111126,0.00048465388831111253,21,210,5555.872897362892,212.6898031927177,5768.562700555605,0.03687050210483666
3492,21,210,1330,16,0.012030075187969926,0.0020757885528616487,0.00012973678455385304,21,210,5447.923517112689,189.07000243784097,5636.993519550524,0.03354092953665783
3493,21,210,1330,16,0.012030075187969926,0.0012144118289887827,7.590073931179892e-05,21,210,5465.80021609214,189.58406364549506,5655.384279737633,0.03352275535452921
3494,21,210,1330,11,0.008270676691729323,0.007180412032399749,0.000652764730218159,21,210,5416.493363521824,177.17011328286526,5593.66347680469,0.031673359331954566
3495,21,210,1330,27,0.02030075187969925,0.009017900529956765,0.0003339963159243246,21,210,5457.8554644887245,222.49920143004226,5680.354665918763,0.039169948800028734
3496,21,210,1330,14,0.010526315789473684,0.002591084737407778,0.00018507748124341273,21,210,5381.112657197642,222.58037810250056,5603.6930353001435,0.039720301718950024
3497,21,210,1330,13,0.009774436090225564,0.0034920878825483175,0.00026862214481140906,21,210,5505.785453496326,190.90518898402854,5696.690642480353,0.033511594882903444
3498,21,210,1330,14,0.010526315789473684,0.002387790307718201,0.0001705564505513001,21,210,5297.877946594792,166.29247269701546,5464.170419291812,0.030433251516076964
3499,21,210,1330,20,0.015037593984962405,0.007907403603967694,0.0003953701801983847,21,210,5315.687308336488,190.39970547827153,5506.087013814758,0.03457985771030482
3500,21,210,1330,13,0.009774436090225564,0.003785410308498803,0.0002911854083460618,21,210,5500.493218257308,206.20974657204147,5706.702964829356,0.03613465565720182
3501,21,210,1330,17,0.012781954887218045,0.003960564019442953,0.00023297435408487963,21,210,5555.811714556936,211.72234521283661,5767.534059769776,0.03670933591700159
3502,21,210,1330,17,0.012781954887218045,0.01206895780807229,0.0007099386945924875,21,210,5512.675851517099,193.72375134971105,5706.399602866804,0.03394850778630843
3503,21,210,1330,14,0.010526315789473684,0.002062772716672862,0.00014734090833377588,21,210,5515.104285098131,185.66222454699374,5700.766509645127,0.03256794050990719
3504,21,210,1330,18,0.013533834586466165,0.008219647259020515,0.0004566470699455843,21,210,5385.837198237667,214.40980151627684,5600.246999753939,0.038285775881974037
3505,21,210,1330,13,0.009774436090225564,0.002896362078559025,0.00022279708296607883,21,210,5427.17098286772,212.9143193349139,5640.085302202637,0.03775019488654967
3506,21,210,1330,0,0.0,0.0,0.0,21,210,5275.181393388716,213.637844409713,5488.81923779843,0.038922368391822525
3507,21,210,1330,12,0.009022556390977444,0.004655437342421199,0.0003879531118684333,21,210,5512.829360005444,218.21217658470687,5731.041536590152,0.03807548334652945
3508,21,210,1330,11,0.008270676691729323,0.0024976864802463226,0.00022706240729512023,21,210,5505.939337114149,212.11763673541998,5718.056973849565,0.03709610409716084
3509,21,210,1330,15,0.011278195488721804,0.006060247613546558,0.00040401650756977044,21,210,5487.645749617639,215.97237131894886,5703.618120936587,0.03786585404905828
3510,21,210,1330,25,0.018796992481203006,0.008858930106862438,0.0003543572042744975,21,210,5532.606341252438,238.188202574453,5770.794543826888,0.04127476741123053
3511,21,210,1330,21,0.015789473684210527,0.013017509912081459,0.0006198814243848315,21,210,5459.902183789904,194.1652654211311,5654.067449211033,0.03434081166616165
3512,21,210,1330,24,0.01804511278195489,0.009515117950018318,0.0003964632479174299,21,210,5557.800023367487,233.0636909384101,5790.863714305895,0.040246792609303465
3513,21,210,1330,19,0.014285714285714285,0.0024980731521558257,0.00013147753432399083,21,210,5551.1851439683005,211.45836757219448,5762.643511540491,0.03669468138168183
3514,21,210,1330,15,0.011278195488721804,0.010298656501155476,0.0006865771000770319,21,210,5451.190202510115,203.50680248462496,5654.697004994738,0.035988984432741386
3515,21,210,1330,27,0.02030075187969925,0.0033017538073404754,0.00012228717804964724,21,210,5540.580812983604,221.51845190177792,5762.099264885381,0.03844405341152767
3516,21,210,1330,18,0.013533834586466165,0.0022122097581768647,0.00012290054212093696,21,210,5412.777392707155,212.09648198316341,5624.87387469032,0.03770688671572044
3517,21,210,1330,22,0.016541353383458645,0.01668656560495966,0.0007584802547708935,21,210,5386.803891102185,218.89985076533964,5605.703741867522,0.039049486174311074
3518,21,210,1330,11,0.008270676691729323,0.001301898175029679,0.00011835437954815262,21,210,5391.7540799486505,226.2984014297899,5618.052481378436,0.040280578043704156
3519,21,210,1330,20,0.015037593984962405,0.007642596635369224,0.00038212983176846117,21,210,5582.587958374163,223.86102589573005,5806.448984269888,0.038553860802391725
3520,21,210,1330,14,0.010526315789473684,0.005117080903721819,0.00036550577883727285,21,210,5543.334618069336,206.1937626338627,5749.528380703196,0.03586272629349891
3521,21,210,1330,24,0.01804511278195489,0.006954427775131669,0.0002897678239638195,21,210,5543.29879458438,237.67606974532708,5780.974864329703,0.04111349302206062
3522,21,210,1330,19,0.014285714285714285,0.0024612532166986565,0.0001295396429841398,21,210,5404.029846866733,172.11699684751756,5576.14684371425,0.03086665428144842
3523,21,210,1330,14,0.010526315789473684,0.005541080168908574,0.00039579144063632673,21,210,5435.357009226087,205.834633192093,5641.1916424181745,0.03648779304789921
3524,21,210,1330,10,0.007518796992481203,0.002200783038841295,0.00022007830388412944,21,210,5375.571817378455,189.0805923503981,5564.65240972885,0.03397886847700007
3525,21,210,1330,3,0.002255639097744361,0.0006392363645458708,0.0002130787881819569,21,210,5516.891273999981,174.99208226983893,5691.8833562698255,0.030744144128863518
3526,21,210,1330,13,0.009774436090225564,0.0016201896079020984,0.00012462996983862295,21,210,5656.47504730542,196.8201192993794,5853.295166604801,0.033625524375109336
3527,21,210,1330,12,0.009022556390977444,0.005216059102271929,0.0004346715918559941,21,210,5374.778654674373,193.2735942975366,5568.052248971908,0.03471116750623575
3528,21,210,1330,11,0.008270676691729323,0.0020288811741352693,0.0001844437431032063,21,210,5374.325447117684,189.72340954513544,5564.0488566628155,0.03409808476392981
3529,21,210,1330,19,0.014285714285714285,0.004705658290722771,0.00024766622582751425,21,210,5520.163571657518,222.7342711214755,5742.897842778992,0.03878429970707859
3530,21,210,1330,4,0.0030075187969924814,0.0025194360380676804,0.0006298590095169202,21,210,5384.895762447773,210.46381783447123,5595.359580282246,0.037613993312625466
3531,21,210,1330,14,0.010526315789473684,0.004467542260736416,0.0003191101614811725,21,210,5555.719720355142,178.14705907816503,5733.866779433312,0.031069270691317246
3532,21,210,1330,24,0.01804511278195489,0.011150028939382675,0.0004645845391409448,21,210,5390.914234554894,194.00523032820672,5584.919464883094,0.03473733713584851
3533,21,210,1330,10,0.007518796992481203,0.0031896414818463376,0.00031896414818463376,21,210,5663.758527895452,179.2673259491226,5843.0258538445705,0.030680563535615542
3534,21,210,1330,19,0.014285714285714285,0.0029830509391420676,0.00015700268100747727,21,210,5260.167939860567,187.2585284387971,5447.426468299362,0.03437559543548232
3535,21,210,1330,9,0.006766917293233083,0.001548411127197297,0.00017204568079969967,21,210,5415.649998159612,209.3044741510167,5624.9544723106255,0.03720998546412028
3536,21,210,1330,11,0.008270676691729323,0.004853692898675077,0.0004412448089704615,21,210,5374.287375894903,200.28878973976921,5574.576165634668,0.035928971779860194
3537,21,210,1330,13,0.009774436090225564,0.0012829387708832845,9.868759776025265e-05,21,210,5314.655697735809,177.33067922133336,5491.98637695714,0.032288987453676865
3538,21,210,1330,24,0.01804511278195489,0.004285853941007733,0.00017857724754198885,21,210,5326.504018933803,193.63362745474484,5520.137646388544,0.035077681003376125
3539,21,210,1330,30,0.022556390977443608,0.012431875516748878,0.000414395850558296,21,210,5412.4723020438705,180.13340289072138,5592.605704934587,0.032209208443173855
3540,21,210,1330,21,0.015789473684210527,0.00786909072132249,0.00037471860577726154,21,210,5560.286011025726,240.3745287298555,5800.660539755579,0.04143916491620524
3541,21,210,1330,25,0.018796992481203006,0.011517246868080285,0.0004606898747232114,21,210,5431.394454648328,204.49796099915307,5635.892415647479,0.03628492985980098
3542,21,210,1330,17,0.012781954887218045,0.006698208692621676,0.00039401227603656915,21,210,5407.547767755947,234.61625847826346,5642.164026234213,0.041582672426284446
3543,21,210,1330,11,0.008270676691729323,0.0030211827715400865,0.00027465297923091696,21,210,5420.7053821861155,201.36191530734126,5622.067297493455,0.0358163473776126
3544,21,210,1330,17,0.012781954887218045,0.015117666734422728,0.0008892745137895721,21,210,5712.580908907559,212.85859912862742,5925.439508036183,0.03592283725788525
3545,21,210,1330,30,0.022556390977443608,0.005672853041022228,0.00018909510136740762,21,210,5445.949159796963,203.14716985469732,5649.096329651659,0.035961002964030535
3546,21,210,1330,15,0.011278195488721804,0.0022235622753845764,0.00014823748502563845,21,210,5383.270210822938,216.70666863268195,5599.976879455617,0.038697779169000496
3547,21,210,1330,15,0.011278195488721804,0.009057304862893464,0.0006038203241928976,21,210,5368.528275603795,207.36104524826357,5575.889320852053,0.03718887397438095
3548,21,210,1330,15,0.011278195488721804,0.0031046046741974353,0.00020697364494649565,21,210,5548.478634163769,192.88851212601952,5741.3671462897855,0.033596268486447325
3549,21,210,1330,12,0.009022556390977444,0.0036869362085182418,0.0003072446840431868,21,210,5402.983494519374,168.09491253180198,5571.078407051175,0.03017277809607713
3550,21,210,1330,14,0.010526315789473684,0.003030982294826952,0.00021649873534478227,21,210,5504.246847432583,200.94280738609677,5705.189654818679,0.035221056536898436
3551,21,210,1330,23,0.017293233082706767,0.011060394906337454,0.0004808867350581503,21,210,5290.721587267084,200.81064775080904,5491.532235017896,0.03656732568558885
3552,21,210,1330,22,0.016541353383458645,0.00789728177682293,0.00035896735349195133,21,210,5180.763054880817,180.1014490357574,5360.864503916572,0.03359559804284884
3553,21,210,1330,15,0.011278195488721804,0.009710487133933925,0.0006473658089289282,21,210,5434.676960968469,198.56129401677924,5633.238254985247,0.03524816189712168
3554,21,210,1330,23,0.017293233082706767,0.00693286982607447,0.000301429122872803,21,210,5353.514905176609,181.63756774075375,5535.152472917363,0.032815278102902856
3555,21,210,1330,17,0.012781954887218045,0.004361384571543358,0.0002565520336201975,21,210,5645.04696642286,248.20567152041258,5893.252637943275,0.04211692367002198
3556,21,210,1330,29,0.02180451127819549,0.010419241565407657,0.0003592841919106089,21,210,5342.418417939718,210.73108737896507,5553.149505318677,0.0379480306044582
3557,21,210,1330,8,0.006015037593984963,0.0004070327259323591,5.087909074154489e-05,21,210,5432.037593536055,192.53946765053487,5624.57706118659,0.034231812553371925
3558,21,210,1330,7,0.005263157894736842,0.0009843556786987197,0.00014062223981410282,21,210,5445.582728668537,188.71186682886326,5634.2945954974,0.0334934326969113
3559,21,210,1330,17,0.012781954887218045,0.01978982805663769,0.0011641075327433936,21,210,5550.696686767826,205.80163085525334,5756.498317623078,0.03575118405319557
3560,21,210,1330,25,0.018796992481203006,0.012498146613815856,0.0004999258645526343,21,210,5388.200455353252,196.83267786272842,5585.033133215974,0.03524288453941333
3561,21,210,1330,29,0.02180451127819549,0.013251510606724635,0.00045694864161119445,21,210,5480.586459794482,256.90010748211387,5737.486567276594,0.04477572269141823
3562,21,210,1330,13,0.009774436090225564,0.009832943051247614,0.0007563802347113549,21,210,5142.426036113565,195.61503140456097,5338.041067518121,0.036645471424878076
3563,21,210,1330,12,0.009022556390977444,0.006920182082083011,0.0005766818401735842,21,210,5303.773975798984,209.6773176793341,5513.451293478321,0.03803013874945344
3564,21,210,1330,18,0.013533834586466165,0.0032806041060438034,0.00018225578366910016,21,210,5278.410277511517,186.69374551498152,5465.104023026495,0.0341610598313174
3565,21,210,1330,6,0.004511278195488722,0.0004194382142904327,6.990636904840546e-05,21,210,5413.046888550947,170.38417514204923,5583.431063692992,0.030516034531167607
3566,21,210,1330,11,0.008270676691729323,0.006216000241010986,0.0005650909310009987,21,210,5383.664257947405,236.3497336363701,5620.013991583764,0.042055008046299344
3567,21,210,1330,13,0.009774436090225564,0.005024979569997311,0.00038653688999979325,21,210,5336.240932961978,213.47399832333014,5549.714931285307,0.038465759226643706
3568,21,210,1330,16,0.012030075187969926,0.009696855584135732,0.0006060534740084832,21,210,5431.984955758324,218.14150853250626,5650.126464290832,0.03860825238358377
3569,21,210,1330,25,0.018796992481203006,0.010477767123026905,0.0004191106849210762,21,210,5549.069007486018,229.54299063326818,5778.6119981192805,0.0397228591758671
3570,21,210,1330,16,0.012030075187969926,0.002790681790097183,0.00017441761188107392,21,210,5416.033895593863,200.16563613081755,5616.199531724682,0.03564076293944431
3571,21,210,1330,20,0.015037593984962405,0.007365490632187905,0.00036827453160939526,21,210,5375.691391983708,212.53327757327565,5588.224669556978,0.038032343032143125
3572,21,210,1330,12,0.009022556390977444,0.015148720986148455,0.0012623934155123714,21,210,5467.811329590591,238.36601665422475,5706.1773462448145,0.04177332777977736
3573,21,210,1330,16,0.012030075187969926,0.00661488917665105,0.00041343057354069064,21,210,5507.879318515488,220.98827613681573,5728.8675946523035,0.03857451276114332
3574,21,210,1330,14,0.010526315789473684,0.004006150137646851,0.0002861535812604894,21,210,5407.35390621288,202.63744339470946,5609.991349607591,0.03612081209517081
3575,21,210,1330,8,0.006015037593984963,0.001701737522475586,0.00021271719030944828,21,210,5584.497425532712,220.13144818039342,5804.628873713105,0.037923431966043974
3576,21,210,1330,17,0.012781954887218045,0.007490767474651233,0.00044063338086183725,21,210,5593.009594317212,178.4035530683796,5771.413147385589,0.030911589330456304
3577,21,210,1330,19,0.014285714285714285,0.004134243059430836,0.000217591739970044,21,210,5624.185485274951,209.97243153452126,5834.157916809474,0.03599018650652996
3578,21,210,1330,6,0.004511278195488722,0.0018196163279227933,0.00030326938798713217,21,210,5553.122503992659,218.22722447658174,5771.349728469231,0.03781216435387696
3579,21,210,1330,18,0.013533834586466165,0.0033197608135315275,0.0001844311563073071,21,210,5173.6661659649535,214.44240484177953,5388.108570806733,0.03979919892550944
3580,21,210,1330,9,0.006766917293233083,0.0024533416358009335,0.00027259351508899263,21,210,5589.516690785062,170.7793085478981,5760.295999332959,0.029647661954815222
3581,21,210,1330,13,0.009774436090225564,0.00954300229314595,0.0007340770994727654,21,210,5428.457626723819,179.62590378242237,5608.083530506242,0.03202981959974614
3582,21,210,1330,13,0.009774436090225564,0.002969837403907462,0.0002284490310698047,21,210,5435.891638033387,179.55252011685872,5615.4441581502415,0.031974767277537015
3583,21,210,1330,9,0.006766917293233083,0.0036661251277957025,0.00040734723642174477,21,210,5570.257200742139,217.0572510825353,5787.31445182467,0.037505695066232275
3584,21,210,1330,10,0.007518796992481203,0.003568710305381258,0.0003568710305381259,21,210,5469.120031980869,174.8088293062509,5643.928861287119,0.030972897356184095
3585,21,210,1330,4,0.0030075187969924814,0.0016858952773759366,0.00042147381934398416,21,210,5471.576479151319,178.30684570598527,5649.883324857303,0.03155938546934307
3586,21,210,1330,20,0.015037593984962405,0.0038052297359986477,0.0001902614867999324,21,210,5479.684958702082,191.25132644892614,5670.936285151007,0.03372482370322266
3587,21,210,1330,12,0.009022556390977444,0.005009332643478564,0.000417444386956547,21,210,5378.750584329912,207.3870849109186,5586.13766924083,0.03712530861043083
3588,21,210,1330,9,0.006766917293233083,0.0015310049911986476,0.00017011166568873861,21,210,5420.915578601103,186.69429019135305,5607.609868792459,0.033293024044048866
3589,21,210,1330,13,0.009774436090225564,0.0036486555194409614,0.00028066580918776626,21,210,5550.307739266302,177.45305800198145,5727.760797268284,0.030981227094297195
3590,21,210,1330,11,0.008270676691729323,0.0007553612280177726,6.866920254707024e-05,21,210,5490.673671081064,193.65459105719356,5684.328262138257,0.034068157595168
3591,21,210,1330,14,0.010526315789473684,0.0035272578322365746,0.0002519469880168982,21,210,5584.356831114035,185.2336403224187,5769.59047143645,0.03210516261759931
3592,21,210,1330,10,0.007518796992481203,0.0029804883539494404,0.00029804883539494406,21,210,5253.433346417687,184.35093989189605,5437.784286309583,0.033901848654796125
3593,21,210,1330,6,0.004511278195488722,0.007132371836213817,0.0011887286393689695,21,210,5465.04531397453,243.48086260593078,5708.526176580459,0.0426521408634026
3594,21,210,1330,13,0.009774436090225564,0.00387789512539509,0.0002982996250303915,21,210,5514.138919723064,194.7847920086485,5708.92371173171,0.0341193545130705
3595,21,210,1330,15,0.011278195488721804,0.004146582068215035,0.0002764388045476691,21,210,5575.896093650152,210.7263785239944,5786.622472174146,0.03641612694405143
3596,21,210,1330,15,0.011278195488721804,0.0030216525315197593,0.0002014435021013173,21,210,5443.473571012835,196.7024999437085,5640.176070956543,0.034875241033095764
3597,21,210,1330,26,0.019548872180451128,0.009121825493905245,0.0003508394420732786,21,210,5691.320772762212,223.42710108403662,5914.747873846247,0.03777457735298973
3598,21,210,1330,9,0.006766917293233083,0.0038103676716585355,0.00042337418573983726,21,210,5631.910291204071,170.3015634487048,5802.211854652772,0.029351145341606343
3599,21,210,1330,14,0.010526315789473684,0.004534533288350329,0.00032389523488216644,21,210,5671.8275737557,212.9846037562735,5884.812177511969,0.03619225173747532
3600,21,210,1330,13,0.009774436090225564,0.0028875350749428415,0.00022211808268791084,21,210,5387.617440503663,202.445312100263,5590.062752603919,0.03621521279094077
3601,21,210,1330,25,0.018796992481203006,0.00873669963088392,0.0003494679852353568,21,210,5578.220303995107,242.14025167709167,5820.360555672198,0.0416022769313003
3602,21,210,1330,20,0.015037593984962405,0.0027299827925066186,0.00013649913962533093,21,210,5571.938014970467,201.73812935203154,5773.676144322497,0.03494101925865885
3603,21,210,1330,7,0.005263157894736842,0.001057627733832084,0.00015108967626172634,21,210,5374.942917275324,168.55560795670237,5543.498525232026,0.030405998520518666
3604,21,210,1330,18,0.013533834586466165,0.004362728293419505,0.00024237379407886136,21,210,5283.567385028313,178.04114657457978,5461.60853160289,0.03259866494355422
3605,21,210,1330,25,0.018796992481203006,0.00414407024755223,0.0001657628099020892,21,210,5513.342404239681,155.93086341720544,5669.273267656888,0.02750455941271847
3606,21,210,1330,10,0.007518796992481203,0.005060412044990157,0.0005060412044990157,21,210,5548.838134456873,183.76217401990556,5732.600308476777,0.03205564039554215
3607,21,210,1330,25,0.018796992481203006,0.004958467275278305,0.00019833869101113216,21,210,5343.670565911134,212.9289084059606,5556.599474317088,0.0383200029784637
3608,21,210,1330,14,0.010526315789473684,0.01051476158089232,0.0007510543986351658,21,210,5683.858262289756,248.15612295408562,5932.014385243838,0.04183336499847093
3609,21,210,1330,16,0.012030075187969926,0.004206935057548799,0.00026293344109679995,21,210,5459.855379888005,204.42382765195666,5664.279207539965,0.036089998420247245
3610,21,210,1330,14,0.010526315789473684,0.010906299607446785,0.0007790214005319134,21,210,5553.621797198362,233.18270381983908,5786.8045010181995,0.04029559038650954
3611,21,210,1330,21,0.015789473684210527,0.004708639308758785,0.00022422091946470405,21,210,5384.821807163647,191.09652987528705,5575.91833703893,0.034271759076150335
3612,21,210,1330,13,0.009774436090225564,0.004453122469565712,0.00034254788227428554,21,210,5501.745001049976,224.86997887757576,5726.6149799275545,0.03926752185466824
3613,21,210,1330,14,0.010526315789473684,0.002858215903987594,0.00020415827885625668,21,210,5310.0528663207215,203.933598930287,5513.986465251001,0.03698478409685464
3614,21,210,1330,15,0.011278195488721804,0.005588950062277444,0.0003725966708184963,21,210,5369.970507200967,201.29971326063446,5571.270220461596,0.0361317447000365
3615,21,210,1330,18,0.013533834586466165,0.0039822077878863054,0.0002212337659936836,21,210,5644.312324575071,187.9582906503615,5832.270615225429,0.032227292430445045
3616,21,210,1330,23,0.017293233082706767,0.011017996228386288,0.00047904331427766467,21,210,5392.328148338439,206.2311582982723,5598.559306636715,0.03683646934914116
3617,21,210,1330,25,0.018796992481203006,0.007093621748440469,0.00028374486993761874,21,210,5349.757804117958,224.09094111757054,5573.848745235527,0.040203986753160705
3618,21,210,1330,14,0.010526315789473684,0.008908359929721188,0.0006363114235515136,21,210,5651.765956402376,208.38941048507584,5860.155366887453,0.035560390030368635
3619,21,210,1330,5,0.0037593984962406013,0.0009309048900034226,0.00018618097800068454,21,210,5515.953094515868,215.96414754553865,5731.9172420614,0.03767747132857597
3620,21,210,1330,16,0.012030075187969926,0.007051223153977995,0.0004407014471236247,21,210,5468.4974674710265,237.66066735916542,5706.158134830191,0.041649856478475945
3621,21,210,1330,20,0.015037593984962405,0.010690008183176173,0.0005345004091588086,21,210,5323.285788787825,210.13692690189413,5533.422715689716,0.037975939612576934
3622,21,210,1330,8,0.006015037593984963,0.0005455831775891515,6.819789719864394e-05,21,210,5366.758050629287,202.98627209937231,5569.7443227286585,0.03644445064938418
3623,21,210,1330,25,0.018796992481203006,0.01992276907790599,0.0007969107631162396,21,210,5373.500475269174,209.2539494811279,5582.754424750301,0.037482205657019776
3624,21,210,1330,9,0.006766917293233083,0.0025946715802357533,0.000288296842248417,21,210,5400.186754011778,230.56082156313715,5630.7475755749165,0.04094675146924806
3625,21,210,1330,23,0.017293233082706767,0.004436032987056897,0.00019287099943725639,21,210,5374.433302134371,197.87374908575674,5572.307051220119,0.03551020201631388
3626,21,210,1330,18,0.013533834586466165,0.004362690893726577,0.00024237171631814316,21,210,5457.353716197006,188.82443834624058,5646.178154543247,0.033442876433911556
3627,21,210,1330,21,0.015789473684210527,0.0050388437088314565,0.00023994493851578363,21,210,5404.152444933507,188.07292769388883,5592.2253726273975,0.03363114237392161
3628,21,210,1330,17,0.012781954887218045,0.003988529683910162,0.00023461939317118608,21,210,5222.083160622067,204.27113113009943,5426.354291752163,0.03764426724598193
3629,21,210,1330,20,0.015037593984962405,0.004405810489902078,0.00022029052449510384,21,210,5335.541628146091,214.09288131717219,5549.63450946326,0.03857783444154748
3630,21,210,1330,28,0.021052631578947368,0.008445416286485308,0.00030162201023161816,21,210,5559.004451193559,189.31681387004159,5748.3212650636,0.0329342785728847
3631,21,210,1330,23,0.017293233082706767,0.011757620583697078,0.0005112008949433513,21,210,5531.701376638605,220.2872310389343,5751.988607677538,0.03829757777073883
3632,21,210,1330,11,0.008270676691729323,0.017746680962326802,0.0016133346329387998,21,210,5416.257253577927,207.71460770845243,5623.971861286376,0.03693379213688699
3633,21,210,1330,13,0.009774436090225564,0.004657882498434433,0.0003582986537257255,21,210,5470.0990114033975,188.87473862024626,5658.973750023641,0.033376146800372986
3634,21,210,1330,19,0.014285714285714285,0.006498602483199111,0.00034203170964205846,21,210,5455.162349146396,194.5317498388019,5649.694098985193,0.03443226242527785
3635,21,210,1330,6,0.004511278195488722,0.0012356622820185153,0.00020594371366975254,21,210,5520.007599033887,197.38904635692467,5717.396645390811,0.03452428764340736
3636,21,210,1330,15,0.011278195488721804,0.00192597136384427,0.00012839809092295135,21,210,5558.074789997237,191.24193065285056,5749.316720650084,0.03326341893219383
3637,21,210,1330,15,0.011278195488721804,0.010759302024629786,0.0007172868016419857,21,210,5603.890278561594,259.0846894772055,5862.974968038794,0.04418997026075844
3638,21,210,1330,23,0.017293233082706767,0.01295741010003346,0.000563365656523194,21,210,5478.34052676054,206.49763341541217,5684.838160175948,0.03632427654000637
3639,21,210,1330,26,0.019548872180451128,0.011592025228499803,0.00044584712417306937,21,210,5412.234172215656,207.81801798616897,5620.052190201819,0.0369779516191123
3640,21,210,1330,23,0.017293233082706767,0.003168376403474642,0.0001377554958032453,21,210,5293.066447504609,193.19191820463706,5486.258365709238,0.03521378420895096
3641,21,210,1330,20,0.015037593984962405,0.00501891299081467,0.0002509456495407335,21,210,5456.052530421997,214.0801565747239,5670.132686996717,0.03775575782656246
3642,21,210,1330,21,0.015789473684210527,0.007895513943533182,0.00037597685445396107,21,210,5370.878323760314,194.38982946876519,5565.268153229077,0.03492910388441506
3643,21,210,1330,9,0.006766917293233083,0.0021136781747230888,0.00023485313052478763,21,210,5363.6929116601095,205.10784037223914,5568.800752032346,0.0368315997474653
3644,21,210,1330,32,0.02406015037593985,0.019287202689193997,0.0006027250840373123,21,210,5510.2158920065685,228.5002282938913,5738.716120300457,0.039817308175531065
3645,21,210,1330,29,0.02180451127819549,0.009909193370572238,0.0003416963231231806,21,210,5364.619131317351,208.66096439157837,5573.280095708933,0.03743952588211633
3646,21,210,1330,6,0.004511278195488722,0.001455357650428943,0.00024255960840482383,21,210,5531.306764668692,214.28528223338424,5745.592046902072,0.037295596430123035
3647,21,210,1330,11,0.008270676691729323,0.003913894050483527,0.0003558085500439571,21,210,5305.9642043572385,182.00141973691095,5487.965624094152,0.033163731736558066
3648,21,210,1330,18,0.013533834586466165,0.003036932031981353,0.00016871844622118627,21,210,5559.386697085711,195.26213962252262,5754.648836708231,0.03393119982873122
3649,21,210,1330,16,0.012030075187969926,0.0060741355163752,0.00037963346977345006,21,210,5223.922088755117,164.38209039594796,5388.304179151063,0.030507203181288595
3650,21,210,1330,24,0.01804511278195489,0.003579840888489215,0.00014916003702038395,21,210,5451.110961818839,198.61436575698283,5649.7253275758185,0.03515469412071475
3651,21,210,1330,22,0.016541353383458645,0.008901145575125221,0.0004045975261420554,21,210,5335.676759302411,200.22199949102628,5535.898758793435,0.036167930125706495
3652,21,210,1330,28,0.021052631578947368,0.010008862242703346,0.0003574593658108338,21,210,5467.56076510873,238.07322663912683,5705.633991747851,0.041725989957199484
3653,21,210,1330,22,0.016541353383458645,0.005276174743506029,0.00023982612470481947,21,210,5480.986223806638,224.339471255097,5705.3256950617315,0.03932106302875486
3654,21,210,1330,12,0.009022556390977444,0.002501527073953393,0.00020846058949611606,21,210,5395.968703001302,169.83436583005238,5565.803068831356,0.03051390135973896
3655,21,210,1330,17,0.012781954887218045,0.007133398037895334,0.0004196116492879608,21,210,5432.22160249055,189.58140869267817,5621.80301118323,0.03372252786437934
3656,21,210,1330,8,0.006015037593984963,0.004019288932455916,0.0005024111165569895,21,210,5522.131859775056,219.70443304007912,5741.836292815136,0.03826379259802291
3657,21,210,1330,19,0.014285714285714285,0.004420291363842713,0.00023264691388645857,21,210,5443.916974052858,253.62436436590644,5697.541338418757,0.044514703676778414
3658,21,210,1330,17,0.012781954887218045,0.0037079236196769665,0.0002181131540986451,21,210,5369.3174944209395,190.61518914322167,5559.932683564157,0.034283722482235005
3659,21,210,1330,19,0.014285714285714285,0.005649287184031629,0.0002973309044227173,21,210,5418.510799483787,182.48292353545514,5600.993723019238,0.032580454926324574
3660,21,210,1330,11,0.008270676691729323,0.0026867892827604706,0.0002442535711600428,21,210,5389.611633337934,183.90311486413975,5573.514748202077,0.03299589633695037
3661,21,210,1330,26,0.019548872180451128,0.009029647601761188,0.00034729413852927643,21,210,5629.756393531381,226.34524968716968,5856.101643218547,0.038651181874426795
3662,21,210,1330,16,0.012030075187969926,0.004937480549879445,0.0003085925343674653,21,210,5351.172083434713,191.8761812152046,5543.048264649919,0.034615643244326484
3663,21,210,1330,12,0.009022556390977444,0.005066251404133918,0.00042218761701115986,21,210,5507.916240373579,185.91912351630702,5693.835363889888,0.03265270448376499
3664,21,210,1330,36,0.02706766917293233,0.011313099261987371,0.00031425275727742696,21,210,5351.700994751028,233.11208158154272,5584.813076332568,0.04174035520892001
3665,21,210,1330,24,0.01804511278195489,0.011601260808418931,0.00048338586701745546,21,210,5314.855228633794,220.1487266863432,5535.003955320135,0.03977390593817745
3666,21,210,1330,12,0.009022556390977444,0.0031204958169907303,0.0002600413180825608,21,210,5399.39514544755,172.78411024178217,5572.179255689329,0.031008354597595805
3667,21,210,1330,15,0.011278195488721804,0.003743386047481571,0.0002495590698321047,21,210,5345.7755657617645,159.54847356364914,5505.324039325412,0.028980759792515177
3668,21,210,1330,29,0.02180451127819549,0.005968239569099457,0.00020580136445170542,21,210,5360.947178738679,210.47869075708564,5571.425869495764,0.03777824486716805
3669,21,210,1330,9,0.006766917293233083,0.004642696945215437,0.0005158552161350486,21,210,5432.212231683527,205.98193162214045,5638.194163305666,0.03653331645843383
3670,21,210,1330,19,0.014285714285714285,0.0039047977352932063,0.0002055156702785898,21,210,5446.9982972659,187.32501796352275,5634.323315229415,0.03324711903862325
3671,21,210,1330,16,0.012030075187969926,0.004798092483104878,0.00029988078019405485,21,210,5348.792788634897,191.07299904178316,5539.865787676678,0.03449054658811794
3672,21,210,1330,12,0.009022556390977444,0.00595623592536514,0.0004963529937804283,21,210,5399.66308012347,218.33153447679803,5617.994614600269,0.03886289493930615
3673,21,210,1330,14,0.010526315789473684,0.0011513111400977614,8.223651000698297e-05,21,210,5429.928333422691,220.88325195828196,5650.811585380974,0.03908876603313436
3674,21,210,1330,24,0.01804511278195489,0.008094073111886813,0.0003372530463286172,21,210,5503.281008164312,221.03662603299347,5724.317634197302,0.03861362002564495
3675,21,210,1330,22,0.016541353383458645,0.01296134645086122,0.0005891521114027828,21,210,5424.091044622692,211.1031146344114,5635.194159257103,0.03746155122048918
3676,21,210,1330,14,0.010526315789473684,0.002383326715276401,0.00017023762251974295,21,210,5395.359075891365,174.14857265571158,5569.507648547079,0.031268216805688705
3677,21,210,1330,13,0.009774436090225564,0.005461813857166964,0.0004201395274743819,21,210,5473.671590539812,212.28431111884402,5685.955901658653,0.03733485007453513
3678,21,210,1330,24,0.01804511278195489,0.013350044933385952,0.0005562518722244146,21,210,5432.982543685288,210.8244226885515,5643.806966373837,0.03735500238485421
3679,21,210,1330,24,0.01804511278195489,0.005678888768338111,0.00023662036534742134,21,210,5404.627533223338,188.9812209530353,5593.608754176367,0.03378520544754509
3680,21,210,1330,13,0.009774436090225564,0.003964587193041784,0.0003049682456185988,21,210,5403.347245386965,184.8749741365278,5588.222219523494,0.033082967511677094
3681,21,210,1330,6,0.004511278195488722,0.003328431174604057,0.0005547385291006761,21,210,5652.300625475551,177.8499390351399,5830.150564510686,0.030505205151604264
3682,21,210,1330,13,0.009774436090225564,0.003844857134729519,0.00029575824113303994,21,210,5560.289321219521,218.97563445883188,5779.264955678356,0.03788987633170887
3683,21,210,1330,28,0.021052631578947368,0.011318182152569242,0.00040422079116318727,21,210,5388.042652893023,211.16183611815256,5599.204489011173,0.03771282805130127
3684,21,210,1330,18,0.013533834586466165,0.0036960751878545293,0.0002053375104363627,21,210,5508.422531928107,208.02136827113247,5716.443900199236,0.03638999558167312
3685,21,210,1330,13,0.009774436090225564,0.005284679500815359,0.00040651380775502764,21,210,5529.056161678962,227.91191428089147,5756.96807595985,0.03958887929787453
3686,21,210,1330,12,0.009022556390977444,0.004460265427104692,0.0003716887855920577,21,210,5513.774798365794,170.87006310317952,5684.644861468971,0.03005817729465424
3687,21,210,1330,19,0.014285714285714285,0.01051908286353003,0.0005536359401857909,21,210,5461.906533906995,202.01495495206063,5663.921488859052,0.03566697655492304
3688,21,210,1330,11,0.008270676691729323,0.0013934282914948013,0.00012667529922680013,21,210,5428.671177845945,215.12321808934337,5643.794395935285,0.03811677091643827
3689,21,210,1330,14,0.010526315789473684,0.0039729262573256555,0.00028378044695183245,21,210,5440.340717398491,194.7718995344851,5635.112616932975,0.034563976405584895
3690,21,210,1330,30,0.022556390977443608,0.012283359942641217,0.00040944533142137394,21,210,5476.940422426402,210.29505154383244,5687.235473970235,0.03697667390533178
3691,21,210,1330,20,0.015037593984962405,0.012984374738374129,0.0006492187369187064,21,210,5348.898772710153,232.5234388683546,5581.422211578505,0.04166024895697573
3692,21,210,1330,7,0.005263157894736842,0.0010885394137086246,0.0001555056305298035,21,210,5456.291266003818,169.75917189742583,5626.050437901243,0.030173773550589294
3693,21,210,1330,15,0.011278195488721804,0.0036336988539470193,0.0002422465902631346,21,210,5306.682977359867,212.81952249067962,5519.502499850545,0.03855773640766396
3694,21,210,1330,20,0.015037593984962405,0.005911454480581485,0.00029557272402907424,21,210,5530.873759228492,196.01050387717999,5726.884263105672,0.03422637770767242
3695,21,210,1330,17,0.012781954887218045,0.009133348274980944,0.000537255780881232,21,210,5509.712760668476,225.68372797688147,5735.396488645358,0.03934928098234856
3696,21,210,1330,18,0.013533834586466165,0.0036237079779707065,0.00020131710988726146,21,210,5349.85050684461,194.2436398194235,5544.09414666403,0.03503613659524577
3697,21,210,1330,26,0.019548872180451128,0.007193487490579964,0.0002766725957915371,21,210,5503.051568677549,227.60178978043157,5730.653358457977,0.039716551594332586
3698,21,210,1330,15,0.011278195488721804,0.0009763408174012123,6.508938782674748e-05,21,210,5460.280877607554,222.45246458842945,5682.733342195987,0.03914532869889454
3699,21,210,1330,9,0.006766917293233083,0.004961674403422134,0.0005512971559357927,21,210,5370.1876645642105,197.74822042341214,5567.935884987619,0.03551553475257947
3700,21,210,1330,10,0.007518796992481203,0.003990175564456581,0.0003990175564456581,21,210,5478.238406576292,222.12852134098674,5700.366927917274,0.03896740756338385
3701,21,210,1330,16,0.012030075187969926,0.01797216123151168,0.00112326007696948,21,210,5430.169394905508,243.18653821242006,5673.355933117925,0.04286467147122413
3702,21,210,1330,13,0.009774436090225564,0.003914163425556363,0.00030108949427356646,21,210,5372.004323379306,220.08510580295547,5592.089429182257,0.039356506828099665
3703,21,210,1330,24,0.01804511278195489,0.009469613388196093,0.00039456722450817054,21,210,5526.469115803593,215.45198919831432,5741.921105001908,0.03752263140826327
3704,21,210,1330,19,0.014285714285714285,0.0029705641135584666,0.00015634547966097192,21,210,5451.668577816222,180.65432563093637,5632.322903447157,0.03207456829585717
3705,21,210,1330,12,0.009022556390977444,0.014139546088651337,0.0011782955073876115,21,210,5469.540816793887,207.95989487153102,5677.500711665416,0.036628774778352934
3706,21,210,1330,7,0.005263157894736842,0.0016604225574344499,0.0002372032224906357,21,210,5488.073505345058,202.0673992710171,5690.1409046160725,0.03551184454977061
3707,21,210,1330,15,0.011278195488721804,0.0028174396981489264,0.00018782931320992846,21,210,5423.270254531566,205.6988995989543,5628.969154130519,0.036542907585132726
3708,21,210,1330,8,0.006015037593984963,0.0013414829484212135,0.00016768536855265169,21,210,5532.645054213015,207.19450783492283,5739.839562047935,0.03609761311185452
3709,21,210,1330,8,0.006015037593984963,0.002440542097085204,0.0003050677621356505,21,210,5522.737581980148,211.92634600167256,5734.663927981823,0.03695532095047372
3710,21,210,1330,14,0.010526315789473684,0.005624786180480634,0.00040177044146290245,21,210,5172.646184277711,197.8580909725751,5370.5042752502795,0.036841622468190734
3711,21,210,1330,24,0.01804511278195489,0.00662784929433213,0.00027616038726383874,21,210,5248.108699769271,170.9819200875174,5419.0906198567845,0.03155177355052906
3712,21,210,1330,13,0.009774436090225564,0.007179310738244715,0.0005522546721726703,21,210,5524.935947497571,216.59597373529036,5741.5319212328595,0.03772442210663203
3713,21,210,1330,26,0.019548872180451128,0.012840964219999378,0.0004938832392307453,21,210,5380.677708482503,206.20806511582384,5586.885773598326,0.03690930394358361
3714,21,210,1330,7,0.005263157894736842,0.00659543037109162,0.0009422043387273744,21,210,5375.4198922484165,186.55237596927543,5561.97226821769,0.033540687902252946
3715,21,210,1330,15,0.011278195488721804,0.008265996900144781,0.0005510664600096519,21,210,5523.403393225292,209.86067906570554,5733.264072290993,0.036604049005865155
3716,21,210,1330,11,0.008270676691729323,0.0016402649576247917,0.00014911499614770837,21,210,5384.473080745818,205.34380334741724,5589.816884093229,0.03673533634558903
3717,21,210,1330,11,0.008270676691729323,0.0028382534389778578,0.000258023039907078,21,210,5482.711053939009,215.4965463677357,5698.207600306743,0.037818303839287144
3718,21,210,1330,22,0.016541353383458645,0.007560612155377261,0.0003436641888807846,21,210,5587.2711890005285,199.7584268874402,5787.029615887965,0.034518300431539986
3719,21,210,1330,7,0.005263157894736842,0.001769070387644987,0.000252724341092141,21,210,5529.2862485309215,198.51826241696176,5727.804510947879,0.034658700735599915
3720,21,210,1330,20,0.015037593984962405,0.007416314318246877,0.00037081571591234387,21,210,5511.9150790467465,154.47792912341856,5666.393008170162,0.02726212758287019
3721,21,210,1330,18,0.013533834586466165,0.004072637418032344,0.00022625763433513016,21,210,5524.332377155883,197.99794015573036,5722.330317311615,0.0346009281492773
3722,21,210,1330,18,0.013533834586466165,0.00462744287987902,0.0002570801599932789,21,210,5416.273743615273,216.71560520981495,5632.9893488250855,0.0384725750022973
3723,21,210,1330,23,0.017293233082706767,0.004811146762754405,0.00020918029403280022,21,210,5461.843392390492,199.6448408363745,5661.488233226868,0.035263667892953175
3724,21,210,1330,14,0.010526315789473684,0.0036120357520420337,0.0002580025537172882,21,210,5729.993487615819,215.92178475616006,5945.915272371974,0.036314305681322545
3725,21,210,1330,25,0.018796992481203006,0.005985557994520559,0.00023942231978082236,21,210,5463.997907804992,191.85177423844533,5655.849682043431,0.033920946457885744
3726,21,210,1330,19,0.014285714285714285,0.0063951402541257045,0.00033658632916451074,21,210,5515.3450505123665,204.3686466655771,5719.713697177943,0.03573057280234338
3727,21,210,1330,2,0.0015037593984962407,2.591655652884208e-05,1.295827826442104e-05,21,210,5506.624926254365,193.59910429481647,5700.2240305491805,0.03396342025458329
3728,21,210,1330,20,0.015037593984962405,0.005072270650882846,0.00025361353254414233,21,210,5357.156419338274,208.48232818400533,5565.638747522276,0.03745883224577196
3729,21,210,1330,11,0.008270676691729323,0.00415514706465825,0.00037774064224165905,21,210,5541.34644004734,184.25346714433613,5725.599907191674,0.03218063960649843
3730,21,210,1330,12,0.009022556390977444,0.0030949477595124232,0.00025791231329270195,21,210,5567.660780422775,182.64250791825646,5750.30328834103,0.03176223909590498
3731,21,210,1330,24,0.01804511278195489,0.008437192189878798,0.00035154967457828325,21,210,5604.273970815426,206.89005230102808,5811.164023116444,0.03560217049080572
3732,21,210,1330,18,0.013533834586466165,0.00660262552825858,0.0003668125293476989,21,210,5312.990842483914,187.34144857859923,5500.332291062508,0.03406002377038391
3733,21,210,1330,18,0.013533834586466165,0.004695882079555693,0.00026088233775309403,21,210,5513.939923304926,218.92408227746196,5732.864005582389,0.038187558969527996
3734,21,210,1330,18,0.013533834586466165,0.009995667380634664,0.0005553148544797036,21,210,5494.596700899104,223.26963805366145,5717.866338952767,0.03904771899487135
3735,21,210,1330,11,0.008270676691729323,0.004609531046430437,0.00041904827694822145,21,210,5437.383249245038,209.5569595110352,5646.94020875607,0.03710982439412037
3736,21,210,1330,16,0.012030075187969926,0.008441723351882955,0.0005276077094926847,21,210,5460.00001662249,230.96463778649326,5690.964654408979,0.04058444425718886
3737,21,210,1330,13,0.009774436090225564,0.011600473141290871,0.0008923440877916055,21,210,5374.2188796348855,166.7257892120893,5540.944668846971,0.03008977695617085
3738,21,210,1330,17,0.012781954887218045,0.003915413198065444,0.00023031842341561434,21,210,5483.71248911538,181.73156273054803,5665.4440518459205,0.032077196609387765
3739,21,210,1330,29,0.02180451127819549,0.005973756204468292,0.0002059915932575273,21,210,5492.398090636542,185.77476508849395,5678.1728557250335,0.032717349367268035
3740,21,210,1330,23,0.017293233082706767,0.015383761863074443,0.0006688592114380192,21,210,5323.334954434983,191.6970580117055,5515.032012446685,0.0347590109321344
3741,21,210,1330,23,0.017293233082706767,0.005001993573148601,0.00021747798144124356,21,210,5581.924944448931,194.87729128311634,5776.802235732039,0.03373445780742075
3742,21,210,1330,36,0.02706766917293233,0.004843932272006166,0.00013455367422239353,21,210,5467.988530796763,198.2074701120478,5666.196000908811,0.034980694293006626
3743,21,210,1330,24,0.01804511278195489,0.018093948739856945,0.0007539145308273727,21,210,5501.726864975686,222.08886452549868,5723.815729501183,0.03880084108592594
3744,21,210,1330,18,0.013533834586466165,0.010406772105906478,0.0005781540058836933,21,210,5439.557743137719,205.92817893131476,5645.485922069036,0.03647660835116268
3745,21,210,1330,19,0.014285714285714285,0.008127388707826684,0.0004277573004119308,21,210,5456.510481647434,251.22252537477831,5707.7330070222115,0.044014414315753696
3746,21,210,1330,22,0.016541353383458645,0.010309763641861635,0.00046862562008461985,21,210,5356.6605658169365,218.80679749911974,5575.467363316053,0.03924456610377909
3747,21,210,1330,8,0.006015037593984963,0.0010288879241427602,0.000128610990517845,21,210,5342.849870336858,197.4614526772329,5540.311323014088,0.03564085863857344
3748,21,210,1330,20,0.015037593984962405,0.008644703447783286,0.00043223517238916425,21,210,5448.670270557272,188.03485490047717,5636.705125457747,0.033359001529321114
3749,21,210,1330,11,0.008270676691729323,0.006299985044153826,0.0005727259131048933,21,210,5283.054790894419,190.60427118014198,5473.659062074558,0.03482209414553882
3750,21,210,1330,21,0.015789473684210527,0.007742630888174712,0.0003686967089607006,21,210,5371.324503529511,187.98768003745937,5559.312183566964,0.03381491699515295
3751,21,210,1330,8,0.006015037593984963,0.0022767677686742383,0.0002845959710842798,21,210,5347.586645010875,242.4295690306633,5590.016214041536,0.04336831231753954
3752,21,210,1330,12,0.009022556390977444,0.006116056880815978,0.0005096714067346648,21,210,5377.912465805189,224.83810667163,5602.750572476816,0.04012995113081314
3753,21,210,1330,13,0.009774436090225564,0.0017864326267803825,0.0001374178943677217,21,210,5583.671699373612,218.40927395313173,5802.080973326738,0.03764326540032799
3754,21,210,1330,14,0.010526315789473684,0.0024177754264663033,0.00017269824474759312,21,210,5133.2132577831035,202.58814504904555,5335.801402832149,0.037967707145456234
3755,21,210,1330,23,0.017293233082706767,0.004726466403702053,0.00020549853929139364,21,210,5500.8806136353305,247.9954997543129,5748.876113389641,0.04313808383811045
3756,21,210,1330,20,0.015037593984962405,0.007003996649425682,0.0003501998324712841,21,210,5523.200904666549,206.50349804428862,5729.704402710835,0.03604086415812093
3757,21,210,1330,20,0.015037593984962405,0.0042497148434748385,0.00021248574217374192,21,210,5374.2025823001895,170.8313814979728,5545.0339637981615,0.030807995516939822
3758,21,210,1330,24,0.01804511278195489,0.0051830455291544605,0.00021596023038143586,21,210,5394.414541190778,203.02381310830128,5597.4383542990745,0.036270843957105885
3759,21,210,1330,11,0.008270676691729323,0.004333602896652077,0.00039396389969564345,21,210,5602.916366606705,228.63455150762763,5831.550918114333,0.03920647435271953
3760,21,210,1330,25,0.018796992481203006,0.0167806459685847,0.0006712258387433879,21,210,5540.4322792681,221.9435470243452,5762.375826292444,0.03851597912299749
3761,21,210,1330,24,0.01804511278195489,0.007821334814813662,0.00032588895061723584,21,210,5507.478353066503,208.20872574457508,5715.687078811079,0.03642759354626611
3762,21,210,1330,18,0.013533834586466165,0.003572018272680597,0.0001984454595933665,21,210,5185.043813580103,195.01861144797394,5380.062425028073,0.03624839194072294
3763,21,210,1330,20,0.015037593984962405,0.003689578900118728,0.00018447894500593642,21,210,5623.951724765275,170.73706014626936,5794.688784911541,0.029464405507132984
3764,21,210,1330,24,0.01804511278195489,0.012598488889128828,0.0005249370370470344,21,210,5363.037268532668,208.06343840744717,5571.100706940113,0.03734691748584895
3765,21,210,1330,22,0.016541353383458645,0.0067980939178535855,0.0003090042689933448,21,210,5474.782577114323,216.43093399550673,5691.213511109829,0.03802896053240869
3766,21,210,1330,8,0.006015037593984963,0.003092387632511481,0.0003865484540639351,21,210,5448.496606643981,196.69262329895824,5645.189229942935,0.03484252082386732
3767,21,210,1330,22,0.016541353383458645,0.009356245933277016,0.00042528390605804623,21,210,5298.562497685716,218.4289833447225,5516.9914810304335,0.039592046515889406
3768,21,210,1330,16,0.012030075187969926,0.004070598949260556,0.0002544124343287848,21,210,5485.37808533558,214.7035107427086,5700.081596078288,0.03766674338318713
3769,21,210,1330,11,0.008270676691729323,0.002305864052698038,0.00020962400479073074,21,210,5459.295163625427,176.4747664337327,5635.769930059158,0.03131333759607186
3770,21,210,1330,11,0.008270676691729323,0.002387936706102352,0.00021708515510021387,21,210,5268.392381696574,194.76965029077314,5463.162031987347,0.035651450414682526
3771,21,210,1330,24,0.01804511278195489,0.009711362489878533,0.00040464010374493897,21,210,5420.615872015402,205.28235104102657,5625.898223056422,0.03648881350176672
3772,21,210,1330,17,0.012781954887218045,0.005808821742887617,0.0003416953966404481,21,210,5369.824184999043,199.23643901408076,5569.060624013122,0.035775591695841324
3773,21,210,1330,2,0.0015037593984962407,0.0002025306754224546,0.0001012653377112273,21,210,5470.656468733439,189.69165256195197,5660.34812129539,0.033512365051946734
3774,21,210,1330,15,0.011278195488721804,0.0009594528633227779,6.396352422151854e-05,21,210,5665.789556843374,197.93781523366778,5863.727372077038,0.033756312780884735
3775,21,210,1330,14,0.010526315789473684,0.0015089652820745251,0.00010778323443389467,21,210,5694.5013469632,213.21261090383922,5907.713957867036,0.036090544062295636
3776,21,210,1330,17,0.012781954887218045,0.005715786348967902,0.0003362227264098766,21,210,5586.04015204835,208.484560598414,5794.524712646761,0.03597957916089112
3777,21,210,1330,21,0.015789473684210527,0.006334464160287076,0.0003016411504898607,21,210,5424.357932750563,233.33815747131922,5657.696090221883,0.04124261072887854
3778,21,210,1330,8,0.006015037593984963,0.0006935577362942113,8.66947170367764e-05,21,210,5411.212597834814,214.11885758391583,5625.331455418729,0.03806333178423841
3779,21,210,1330,15,0.011278195488721804,0.007823773866084774,0.0005215849244056516,21,210,5715.026678569375,209.59953730023295,5924.626215869599,0.03537768116726138
3780,21,210,1330,15,0.011278195488721804,0.00845947927644102,0.000563965285096068,21,210,5595.549999259119,185.5514739944875,5781.101473253609,0.03209621468381855
3781,21,210,1330,8,0.006015037593984963,0.001408411647357727,0.00017605145591971587,21,210,5425.021466133223,198.3940768762215,5623.415543009443,0.03527999582439685
3782,21,210,1330,10,0.007518796992481203,0.002679184746651896,0.00026791847466518966,21,210,5545.483346107592,203.77898687006814,5749.262332977658,0.03544437095889603
3783,21,210,1330,13,0.009774436090225564,0.0028615832123643254,0.0002201217855664866,21,210,5476.234416385651,192.1981464253046,5668.432562810955,0.033906753638786216
3784,21,210,1330,24,0.01804511278195489,0.009043087242073722,0.00037679530175307167,21,210,5540.707042884103,190.49301113576246,5731.200054019859,0.03323789247282527
3785,21,210,1330,24,0.01804511278195489,0.006878921782865192,0.0002866217409527163,21,210,5602.99381006142,222.32694626551108,5825.320756326931,0.038165614489818415
3786,21,210,1330,18,0.013533834586466165,0.005834780986702079,0.0003241544992612266,21,210,5403.376084526644,203.7354797426799,5607.111564269322,0.036335192800685645
3787,21,210,1330,20,0.015037593984962405,0.008069639949336892,0.0004034819974668446,21,210,5522.177232991748,219.8826947174066,5742.0599277091505,0.038293347245703664
3788,21,210,1330,13,0.009774436090225564,0.0020255521048459777,0.00015581170037276752,21,210,5520.674009092036,226.1817811410916,5746.855790233131,0.03935748336081288
3789,21,210,1330,13,0.009774436090225564,0.0030508214300853363,0.00023467857154502587,21,210,5483.066204310051,202.99964955903457,5686.06585386909,0.03570124841605611
3790,21,210,1330,16,0.012030075187969926,0.0056909290869455965,0.0003556830679340998,21,210,5506.030850917539,163.16474031973706,5669.195591237278,0.028780933325344496
3791,21,210,1330,12,0.009022556390977444,0.002287846381781899,0.0001906538651484916,21,210,5478.9174389532645,187.68091315580824,5666.598352109069,0.033120560430395546
3792,21,210,1330,28,0.021052631578947368,0.009757605024953,0.0003484858937483214,21,210,5337.381726205907,229.44634491194125,5566.828071117849,0.041216711200830605
3793,21,210,1330,24,0.01804511278195489,0.007915686136493762,0.0003298202556872401,21,210,5545.370432793796,230.37412810991782,5775.744560903717,0.03988648141909374
3794,21,210,1330,7,0.005263157894736842,0.0013484049165503836,0.00019262927379291197,21,210,5500.22589979909,186.04279219850946,5686.268691997596,0.03271790382686828
3795,21,210,1330,19,0.014285714285714285,0.005034113289238953,0.00026495333101257646,21,210,5636.322147759718,218.50377395933054,5854.825921719044,0.03732028533056288
3796,21,210,1330,19,0.014285714285714285,0.006452549911903069,0.00033960789010016156,21,210,5404.950624540043,202.46544162298028,5607.41606616302,0.03610672709748129
3797,21,210,1330,23,0.017293233082706767,0.007989272371348161,0.00034735966831948525,21,210,5405.496577246282,217.19315783985672,5622.689735086138,0.03862798199312866
3798,21,210,1330,21,0.015789473684210527,0.01919998047917898,0.0009142847847228086,21,210,5262.426466578418,205.05726859513675,5467.483735173553,0.0375048703439129
3799,21,210,1330,11,0.008270676691729323,0.001613059875640356,0.00014664180687639597,21,210,5397.016549983768,180.0658026923952,5577.08235267616,0.03228673906993515
3800,21,210,1330,7,0.005263157894736842,0.002738388884654597,0.00039119841209351387,21,210,5463.287917105134,194.44297510867798,5657.730892213811,0.03436766060688236
3801,21,210,1330,32,0.02406015037593985,0.010726198996058608,0.00033519371862683156,21,210,5449.387157771458,227.21155213623211,5676.598709907689,0.04002600214450018
3802,21,210,1330,6,0.004511278195488722,0.002826762796480352,0.00047112713274672535,21,210,5555.00193285833,191.44945876650866,5746.451391624836,0.03331611906533075
3803,21,210,1330,18,0.013533834586466165,0.009927146650531841,0.0005515081472517691,21,210,5690.418084671175,211.80677332871494,5902.224857999886,0.03588592072049435
3804,21,210,1330,20,0.015037593984962405,0.004923672834559238,0.00024618364172796197,21,210,5415.115423793743,217.55974099063903,5632.675164784377,0.03862458505521992
3805,21,210,1330,16,0.012030075187969926,0.007322728135010373,0.00045767050843814833,21,210,5491.621546625678,238.03227849624844,5729.653825121921,0.04154391971336652
3806,21,210,1330,10,0.007518796992481203,0.0026144963631646494,0.00026144963631646493,21,210,5392.314652339162,169.60744941042952,5561.922101749586,0.030494394978505177
3807,21,210,1330,13,0.009774436090225564,0.002730353000435334,0.00021002715387964107,21,210,5310.841491134615,201.22989225561122,5512.071383390226,0.03650712740440669
3808,21,210,1330,22,0.016541353383458645,0.008013905006233366,0.0003642684093742439,21,210,5341.187178518859,236.3451994699954,5577.532377988859,0.042374509631303396
3809,21,210,1330,25,0.018796992481203006,0.015738320788903543,0.0006295328315561417,21,210,5438.047121033663,231.96028323801391,5670.007404271681,0.040910049440721935
3810,21,210,1330,18,0.013533834586466165,0.004817205068651798,0.00026762250381398887,21,210,5563.883629430671,215.81015136683664,5779.693780797506,0.0373393746367404
3811,21,210,1330,39,0.029323308270676692,0.015890832207094228,0.0004074572360793392,21,210,5400.749493846947,213.19980777780924,5613.949301624751,0.03797679607047866
3812,21,210,1330,17,0.012781954887218045,0.006878561050948384,0.0004046212382910814,21,210,5377.222161831509,177.3833093767554,5554.605471208258,0.03193445696480228
3813,21,210,1330,15,0.011278195488721804,0.00376341668112627,0.000250894445408418,21,210,5420.326372082422,206.36680726506927,5626.6931793474905,0.03667639245419118
3814,21,210,1330,14,0.010526315789473684,0.007410240186589355,0.0005293028704706683,21,210,5463.075942044476,210.605719803791,5673.681661848265,0.037119763207720015
3815,21,210,1330,27,0.02030075187969925,0.011488016180093555,0.00042548208074420573,21,210,5492.50048418133,249.3276813979084,5741.828165579234,0.04342304823619818
3816,21,210,1330,8,0.006015037593984963,0.0018942398720686474,0.0002367799840085809,21,210,5236.607813778053,192.90932500280366,5429.5171387808605,0.03552973866219702
3817,21,210,1330,27,0.02030075187969925,0.00881961177328919,0.0003266522878995996,21,210,5494.788589456258,218.3263959639137,5713.11498542017,0.03821494867879977
3818,21,210,1330,8,0.006015037593984963,0.003375163624863698,0.00042189545310796227,21,210,5264.264934991618,203.63991219827136,5467.904847189888,0.037242768096618896
3819,21,210,1330,20,0.015037593984962405,0.005712952878681124,0.0002856476439340561,21,210,5564.7154697907845,220.43598142481346,5785.151451215597,0.03810375290667536
3820,21,210,1330,21,0.015789473684210527,0.003519223194337626,0.00016758205687322024,21,210,5248.496452417737,222.97013282866425,5471.466585246396,0.04075143827614608
3821,21,210,1330,18,0.013533834586466165,0.004300047172444281,0.00023889150958023782,21,210,5508.596916092873,207.50825362114472,5716.105169714018,0.03630238553352694
3822,21,210,1330,16,0.012030075187969926,0.0033155349914223034,0.00020722093696389396,21,210,5459.083369608704,177.99790618421002,5637.081275792909,0.03157625329061322
3823,21,210,1330,24,0.01804511278195489,0.0063565868558327345,0.00026485778565969725,21,210,5409.605142684389,209.6817021170803,5619.286844801465,0.03731464648597923
3824,21,210,1330,12,0.009022556390977444,0.009671611191157293,0.0008059675992631078,21,210,5385.912572340554,203.80304534534088,5589.71561768589,0.03646036029105076
3825,21,210,1330,19,0.014285714285714285,0.013938918564220153,0.0007336272928536923,21,210,5286.068885026691,208.703083822765,5494.771968849453,0.037982119186370025
3826,21,210,1330,10,0.007518796992481203,0.0025504267717119857,0.00025504267717119854,21,210,5479.024596672385,211.21581213159794,5690.240408803978,0.03711896105563544
3827,21,210,1330,26,0.019548872180451128,0.0074193541523654965,0.00028535977509098066,21,210,5466.7737544320635,204.30168365649092,5671.075438088554,0.03602521001296205
3828,21,210,1330,10,0.007518796992481203,0.004831945457225539,0.00048319454572255395,21,210,5536.14570531593,195.298888284668,5731.444593600598,0.03407498495278617
3829,21,210,1330,5,0.0037593984962406013,0.0009602932114997954,0.0001920586422999591,21,210,5577.13549388506,195.31933714090292,5772.454831025958,0.03383644270217497
3830,21,210,1330,22,0.016541353383458645,0.006985099224444559,0.00031750451020202535,21,210,5484.144149295396,206.68269175297695,5690.8268410483715,0.036318569783596086
3831,21,210,1330,10,0.007518796992481203,0.005019660442333245,0.0005019660442333245,21,210,5302.067112933448,189.75291062514935,5491.820023558591,0.03455191718067141
3832,21,210,1330,14,0.010526315789473684,0.005585364180017831,0.00039895458428698796,21,210,5366.015888605103,197.9273184535051,5563.9432070586045,0.03557320969818813
3833,21,210,1330,9,0.006766917293233083,0.002678570285049095,0.00029761892056101054,21,210,5385.18440970064,210.53356393319862,5595.717973633839,0.037624048410802746
3834,21,210,1330,8,0.006015037593984963,0.0026167188694457,0.0003270898586807125,21,210,5488.47135836925,196.46009149945087,5684.9314498687,0.034558040537848236
3835,21,210,1330,18,0.013533834586466165,0.007363793949906397,0.00040909966388368875,21,210,5450.331224276636,187.82180713288153,5638.153031409514,0.033312647969387744
3836,21,210,1330,12,0.009022556390977444,0.006566504383334065,0.000547208698611172,21,210,5369.140401895478,190.3611355038239,5559.501537399303,0.03424068402953866
3837,21,210,1330,14,0.010526315789473684,0.0023027543545017823,0.00016448245389298445,21,210,5346.409387375612,178.69205383848154,5525.101441214096,0.03234185937393675
3838,21,210,1330,27,0.02030075187969925,0.010524023272364135,0.0003897786397171902,21,210,5299.267036303953,200.35330461855352,5499.620340922502,0.03643038831748637
3839,21,210,1330,17,0.012781954887218045,0.002920421944335345,0.00017178952613737324,21,210,5482.9732085037085,186.188018190647,5669.161226694355,0.03284225139231255
3840,21,210,1330,8,0.006015037593984963,0.0003393253614659501,4.241567018324376e-05,21,210,5402.936748220636,213.88956335655865,5616.826311577188,0.038080145529103805
3841,21,210,1330,11,0.008270676691729323,0.0111979320194642,0.001017993819951291,21,210,5568.782368412749,218.7794696173089,5787.561838030053,0.037801664282826254
3842,21,210,1330,19,0.014285714285714285,0.009234101863595476,0.0004860053612418673,21,210,5661.477041926461,240.2373556905642,5901.714397617023,0.04070636759168938
3843,21,210,1330,34,0.02556390977443609,0.008073097518702936,0.00023744404466773342,21,210,5611.300544466207,247.7958115972517,5859.096356063454,0.04229249640873599
3844,21,210,1330,13,0.009774436090225564,0.0061044632867582795,0.00046957409898140613,21,210,5372.2114572177925,200.89398579821108,5573.105443016004,0.03604704555697282
3845,21,210,1330,28,0.021052631578947368,0.010638787140588378,0.00037995668359244207,21,210,5329.071981055435,241.87443557553505,5570.946416630967,0.043417117575115495
3846,21,210,1330,8,0.006015037593984963,0.0023629720980802324,0.00029537151226002905,21,210,5398.232162720229,237.44670885183885,5635.678871572063,0.04213276062438304
3847,21,210,1330,19,0.014285714285714285,0.009970652727991079,0.0005247711962100568,21,210,5425.29493116063,194.0248596701938,5619.31979083082,0.03452817545404496
3848,21,210,1330,30,0.022556390977443608,0.015628815963931796,0.00052096053213106,21,210,5338.687311416344,210.09873185568074,5548.786043272023,0.03786390936994737
3849,21,210,1330,20,0.015037593984962405,0.005170428854184766,0.00025852144270923825,21,210,5356.669718994132,211.60541943817782,5568.2751384323055,0.038001969043820145
3850,21,210,1330,18,0.013533834586466165,0.002216813891669646,0.0001231563273149803,21,210,5403.151123814164,219.89171849262607,5623.042842306788,0.03910546738826163
3851,21,210,1330,11,0.008270676691729323,0.002392548327281451,0.00021750439338922287,21,210,5354.86021539451,187.73500970662764,5542.595225101136,0.03387131877435665
3852,21,210,1330,19,0.014285714285714285,0.004793493297833684,0.000252289120938615,21,210,5511.620098358428,183.3068244797496,5694.926922838171,0.03218773953791058
3853,21,210,1330,8,0.006015037593984963,0.0007158620541833126,8.948275677291408e-05,21,210,5507.533218653021,185.85462357239624,5693.3878422254165,0.03264394218746037
3854,21,210,1330,26,0.019548872180451128,0.008458257398336928,0.000325317592243728,21,210,5411.293920894677,193.92816947198978,5605.222090366669,0.03459776728655971
3855,21,210,1330,17,0.012781954887218045,0.001984456510639897,0.00011673273591999394,21,210,5323.329128661695,187.92144922881695,5511.250577890512,0.03409778716698195
3856,21,210,1330,11,0.008270676691729323,0.001487691036619555,0.0001352446396926868,21,210,5228.381377632721,180.13899337936473,5408.520371012086,0.03330652027213418
3857,21,210,1330,21,0.015789473684210527,0.004528703466085941,0.00021565254600409243,21,210,5390.036148823368,189.24991764504097,5579.286066468412,0.0339200957596413
3858,21,210,1330,23,0.017293233082706767,0.008604358531999524,0.0003741025448695445,21,210,5571.119446169996,184.58428276933873,5755.703728939331,0.03206980266222879
3859,21,210,1330,18,0.013533834586466165,0.006255597258276628,0.0003475331810153683,21,210,5394.6562913352045,226.12806034118938,5620.78435167639,0.04023069489825687
3860,21,210,1330,31,0.02330827067669173,0.011435120627828064,0.00036887485896219563,21,210,5394.187634714763,208.95566219837008,5603.143296913127,0.03729257866981334
3861,21,210,1330,12,0.009022556390977444,0.0029203718166124952,0.00024336431805104127,21,210,5499.770123505208,224.86775122301302,5724.637874728214,0.039280694455051265
3862,21,210,1330,13,0.009774436090225564,0.002963900310909391,0.0002279923316084147,21,210,5505.296343320243,199.96141247006267,5705.2577557903105,0.03504862024281379
3863,21,210,1330,15,0.011278195488721804,0.008035968687428355,0.000535731245828557,21,210,5341.247809003874,206.73977503823298,5547.987584042106,0.037263921720532805
3864,21,210,1330,24,0.01804511278195489,0.005481146503936502,0.00022838110433068756,21,210,5568.550534578459,185.36555110855582,5753.916085687016,0.03221554648140532
3865,21,210,1330,11,0.008270676691729323,0.0016443227966787706,0.000149483890607161,21,210,5554.840107842905,241.68572175594107,5796.525829598844,0.04169492707542498
3866,21,210,1330,27,0.02030075187969925,0.006636188994374678,0.0002457847775694326,21,210,5452.234057598638,210.11233892981932,5662.346396528455,0.037106938399006764
3867,21,210,1330,17,0.012781954887218045,0.0041023981849505125,0.0002413175402912066,21,210,5518.005649095136,175.40475110769864,5693.410400202836,0.030808380000403552
3868,21,210,1330,23,0.017293233082706767,0.005207874402577111,0.0002264293218511787,21,210,5484.832610426233,203.2141182796142,5688.046728705847,0.03572652053894954
3869,21,210,1330,25,0.018796992481203006,0.009372741906892348,0.00037490967627569385,21,210,5409.110153895156,193.82261257344882,5602.932766468599,0.03459306414194415
3870,21,210,1330,19,0.014285714285714285,0.010012158452551318,0.0005269557080290168,21,210,5368.463431424243,211.00099455031085,5579.4644259745555,0.03781742806137807
3871,21,210,1330,11,0.008270676691729323,0.0029241501667178374,0.0002658318333379852,21,210,5312.157947498252,210.77925824308898,5522.937205741341,0.03816434089164991
3872,21,210,1330,25,0.018796992481203006,0.010663477781490939,0.00042653911125963755,21,210,5510.231645055207,212.27971841609798,5722.511363471298,0.037095552098183736
3873,21,210,1330,7,0.005263157894736842,0.0013301600686462878,0.00019002286694946968,21,210,5483.339460718271,186.2928835545497,5669.63234427282,0.032858018340948245
3874,21,210,1330,6,0.004511278195488722,0.00039152329486029494,6.525388247671583e-05,21,210,5422.01184905111,226.1330789261104,5648.1449279772205,0.040036699094953256
3875,21,210,1330,13,0.009774436090225564,0.02198125439033691,0.0016908657223336085,21,210,5431.661277401185,194.96590420818507,5626.627181609367,0.03465058158561335
3876,21,210,1330,11,0.008270676691729323,0.002396352729116853,0.00021785024810153209,21,210,5619.253548017199,196.01151706330785,5815.265065080503,0.0337063770730448
3877,21,210,1330,18,0.013533834586466165,0.003891125802478314,0.00021617365569323967,21,210,5306.454927772157,201.8846973333229,5508.339625105481,0.03665073526207218
3878,21,210,1330,14,0.010526315789473684,0.011206044370736426,0.0008004317407668875,21,210,5610.327232611408,211.3417460866558,5821.668978698062,0.036302604435252434
3879,21,210,1330,10,0.007518796992481203,0.0011524259835191649,0.00011524259835191648,21,210,5527.0714531755875,197.5134198540805,5724.584873029666,0.0345026625047746
3880,21,210,1330,14,0.010526315789473684,0.0072176926483891795,0.0005155494748849415,21,210,5519.578565341557,195.87681038043453,5715.455375721994,0.034271426772480185
3881,21,210,1330,20,0.015037593984962405,0.007117762035291581,0.00035588810176457903,21,210,5383.155978136558,196.60129818906626,5579.757276325626,0.03523474023202168
3882,21,210,1330,19,0.014285714285714285,0.005399578046622525,0.0002841883182432908,21,210,5556.903705019769,182.55312911652172,5739.4568341362865,0.03180669084063137
3883,21,210,1330,18,0.013533834586466165,0.00595547464576388,0.0003308597025424378,21,210,5501.016813469809,199.07530147540473,5700.092114945213,0.034924927082045615
3884,21,210,1330,31,0.02330827067669173,0.01029751962404933,0.0003321780523886881,21,210,5298.278333871491,230.13672489129493,5528.415058762785,0.04162797518730399
3885,21,210,1330,7,0.005263157894736842,0.0034409194782464244,0.0004915599254637749,21,210,5322.224646052839,206.89084551980477,5529.115491572641,0.037418434437685985
3886,21,210,1330,12,0.009022556390977444,0.002685626903782277,0.0002238022419818564,21,210,5549.408348291841,216.78194813389572,5766.190296425741,0.0375953510012098
3887,21,210,1330,8,0.006015037593984963,0.0016232395932689468,0.00020290494915861835,21,210,5356.533801053996,189.8447020353547,5546.378503089351,0.034228587524203505
3888,21,210,1330,20,0.015037593984962405,0.003063485989997515,0.00015317429949987575,21,210,5340.6008299038895,209.11226137185363,5549.71309127574,0.03767983280083114
3889,21,210,1330,24,0.01804511278195489,0.007877893797512008,0.0003282455748963337,21,210,5389.113797437076,215.88161467009752,5604.995412107174,0.03851593066495263
3890,21,210,1330,4,0.0030075187969924814,0.0010362997587592588,0.0002590749396898147,21,210,5397.596584003599,182.13596762146616,5579.732551625065,0.03264241895759325
3891,21,210,1330,24,0.01804511278195489,0.006230783890850926,0.0002596159954521219,21,210,5565.824131488178,225.71075475290633,5791.534886241085,0.03897252786806586
3892,21,210,1330,29,0.02180451127819549,0.008448407247979463,0.0002913243878613608,21,210,5590.190006772855,214.8921005442768,5805.082107317128,0.03701792611570676
3893,21,210,1330,20,0.015037593984962405,0.004114327802686957,0.00020571639013434784,21,210,5269.279274646107,208.44281311546806,5477.722087761571,0.03805282739355742
3894,21,210,1330,11,0.008270676691729323,0.005173238530412472,0.0004702944118556793,21,210,5663.955744575484,218.61307830070956,5882.568822876192,0.03716285943830608
3895,21,210,1330,19,0.014285714285714285,0.0052308865765229124,0.0002753098198169953,21,210,5461.9119356514675,226.53226010615475,5688.444195757624,0.03982323677801039
3896,21,210,1330,11,0.008270676691729323,0.0033520997506392516,0.00030473634096720467,21,210,5378.154702275453,214.48012862901078,5592.634830904463,0.0383504618330899
3897,21,210,1330,35,0.02631578947368421,0.011181471151088546,0.0003194706043168156,21,210,5305.250000614147,222.75063369264458,5528.000634306791,0.0402949725277261
3898,21,210,1330,20,0.015037593984962405,0.006866651171716369,0.00034333255858581845,21,210,5593.306465857179,223.49941088511179,5816.805876742292,0.03842304790997819
3899,21,210,1330,14,0.010526315789473684,0.007678216410538256,0.0005484440293241612,21,210,5469.8999360317175,199.77281263050162,5669.672748662221,0.035235333940153546
3900,21,210,1330,7,0.005263157894736842,0.004705609916458349,0.0006722299880654784,21,210,5453.871899754796,239.3162963241454,5693.18819607894,0.04203554986799301
3901,21,210,1330,21,0.015789473684210527,0.011735102467409084,0.0005588144032099563,21,210,5364.741880493239,214.41594323463806,5579.157823727874,0.03843159666907754
3902,21,210,1330,21,0.015789473684210527,0.01013944317607073,0.0004828306274319395,21,210,5348.82769021061,192.98221579908105,5541.809906009688,0.03482295839664329
3903,21,210,1330,10,0.007518796992481203,0.004484923843928305,0.0004484923843928306,21,210,5476.3562141452085,230.66069364325742,5707.016907788462,0.04041703351683975
3904,21,210,1330,15,0.011278195488721804,0.0062640684747762975,0.00041760456498508646,21,210,5370.911836166475,261.26057854927194,5632.172414715742,0.0463871769739595
3905,21,210,1330,14,0.010526315789473684,0.0011833305485178288,8.452361060841634e-05,21,210,5399.122973509933,235.00278403699332,5634.125757546928,0.0417106032328452
3906,21,210,1330,18,0.013533834586466165,0.006144656435421237,0.0003413698019678465,21,210,5300.332790816772,195.92201276286067,5496.254803579628,0.03564645740864481
3907,21,210,1330,14,0.010526315789473684,0.0023439873289540373,0.0001674276663538598,21,210,5420.621140220675,202.61080549979226,5623.231945720469,0.036031024054412004
3908,21,210,1330,5,0.0037593984962406013,0.0013968170741118127,0.00027936341482236247,21,210,5493.262995830641,208.99609146512552,5702.259087295761,0.03665145484721211
3909,21,210,1330,20,0.015037593984962405,0.003974343012384098,0.0001987171506192049,21,210,5399.425455174114,178.77049991818396,5578.195955092295,0.03204808532317436
3910,21,210,1330,16,0.012030075187969926,0.0029440368753716585,0.00018400230471072866,21,210,5377.978364973091,211.8637098328428,5589.842074805931,0.037901555535484126
3911,21,210,1330,12,0.009022556390977444,0.0072831371268260005,0.0006069280939021668,21,210,5335.697262475132,238.3516042207195,5574.048866695848,0.04276094629253011
3912,21,210,1330,17,0.012781954887218045,0.00709570279935671,0.0004173942823151006,21,210,5411.820167729076,195.9106482984846,5607.730816027553,0.03493581534594153
3913,21,210,1330,8,0.006015037593984963,0.002551417790479324,0.00031892722380991547,21,210,5528.367565927969,200.8567334923448,5729.224299420314,0.03505827717596387
3914,21,210,1330,18,0.013533834586466165,0.0060144971448935335,0.000334138730271863,21,210,5287.414833413617,199.65267025672472,5487.067503670338,0.03638604229366153
3915,21,210,1330,15,0.011278195488721804,0.0012251304273681646,8.16753618245443e-05,21,210,5551.373722240851,191.20085407197843,5742.574576312823,0.0332953192912201
3916,21,210,1330,20,0.015037593984962405,0.0108398002880768,0.0005419900144038399,21,210,5379.637177882138,241.0449881317029,5620.682166013836,0.04288536177854209
3917,21,210,1330,11,0.008270676691729323,0.0008304488882026591,7.549535347296902e-05,21,210,5550.21308341686,200.6487995171924,5750.8618829340485,0.03489021360652515
3918,21,210,1330,13,0.009774436090225564,0.0036717466791123966,0.0002824420522394151,21,210,5398.385516841789,239.580536621107,5637.966053462898,0.04249414316248926
3919,21,210,1330,20,0.015037593984962405,0.011164172847377134,0.0005582086423688567,21,210,5375.050639296183,229.53732550750436,5604.587964803689,0.04095525432894947
3920,21,210,1330,13,0.009774436090225564,0.00552243291602795,0.00042480253200215,21,210,5392.607499288379,194.78991103152055,5587.397410319897,0.034862369136611705
3921,21,210,1330,14,0.010526315789473684,0.0056834341135166494,0.00040595957953690355,21,210,5593.873705541919,210.8511295872698,5804.724835129195,0.0363240524875934
3922,21,210,1330,21,0.015789473684210527,0.004238736562357644,0.00020184459820750682,21,210,5448.759587293511,197.36692609408576,5646.126513387593,0.03495616430593733
3923,21,210,1330,19,0.014285714285714285,0.0016781249694965308,8.832236681560689e-05,21,210,5382.645973146049,203.18175815253394,5585.827731298583,0.03637451205558368
3924,21,210,1330,23,0.017293233082706767,0.007144157853253261,0.0003106155588370983,21,210,5530.870681839058,189.6272768185661,5720.497958657625,0.03314873603469726
3925,21,210,1330,7,0.005263157894736842,0.003195927805475429,0.0004565611150679185,21,210,5691.964937396364,205.42071663003628,5897.385654026395,0.03483250522878504
3926,21,210,1330,32,0.02406015037593985,0.026014112042223477,0.0008129410013194837,21,210,5444.784306233209,210.92138605703224,5655.7056922902375,0.03729355760936371
3927,21,210,1330,9,0.006766917293233083,0.0015741597692082632,0.00017490664102314034,21,210,5491.893042436966,186.87766725924521,5678.770709696216,0.03290811987533868
3928,21,210,1330,25,0.018796992481203006,0.014230089034065342,0.0005692035613626137,21,210,5429.936173923388,223.09771377478475,5653.033887698173,0.03946512938128284
3929,21,210,1330,21,0.015789473684210527,0.005131659759488457,0.00024436475045183127,21,210,5435.14218495816,219.31326911453544,5654.455454072695,0.03878592216277382
3930,21,210,1330,15,0.011278195488721804,0.0026419567016557318,0.0001761304467770488,21,210,5311.167570346273,185.06947022491153,5496.2370405711845,0.033672032130127816
3931,21,210,1330,23,0.017293233082706767,0.008291751816486665,0.00036051094854289844,21,210,5246.472727339067,211.53028533279894,5458.003012671863,0.03875598544773398
3932,21,210,1330,3,0.002255639097744361,0.00019206983136406272,6.402327712135425e-05,21,210,5599.903460959234,180.5204806394403,5780.42394159867,0.03122962648817665
3933,21,210,1330,20,0.015037593984962405,0.00394637428786258,0.00019731871439312895,21,210,5490.033447064487,223.78366011153187,5713.81710717602,0.03916535232296472
3934,21,210,1330,11,0.008270676691729323,0.0017162644292014612,0.00015602403901831464,21,210,5457.273079315027,204.6174521024289,5661.890531417451,0.03613942215361113
3935,21,210,1330,13,0.009774436090225564,0.003920616013015783,0.00030158584715506023,21,210,5489.080702068704,197.86731824427315,5686.948020312975,0.034793234884074736
3936,21,210,1330,6,0.004511278195488722,0.0015242446794184231,0.00025404077990307054,21,210,5547.68092136335,190.00289692277403,5737.683818286121,0.033114912382803445
3937,21,210,1330,8,0.006015037593984963,0.001894393621324114,0.00023679920266551427,21,210,5544.619231139683,197.9495604176263,5742.568791557305,0.0344705597099073
3938,21,210,1330,29,0.02180451127819549,0.00851027352395018,0.00029345770772241995,21,210,5574.59327443164,225.03168022466835,5799.624954656305,0.03880107454948423
3939,21,210,1330,9,0.006766917293233083,0.001635075031323569,0.00018167500348039654,21,210,5525.6583034496925,190.91801403462927,5716.576317484317,0.03339726497671358
3940,21,210,1330,20,0.015037593984962405,0.006602119193059282,0.0003301059596529641,21,210,5521.0415253667825,200.81426791122283,5721.855793278006,0.035096002969375414
3941,21,210,1330,10,0.007518796992481203,0.0011640017298682405,0.00011640017298682405,21,210,5399.527718220481,182.36913682710724,5581.896855047584,0.032671534706377625
3942,21,210,1330,24,0.01804511278195489,0.009661870060524425,0.0004025779191885177,21,210,5611.678627509487,197.98085226240016,5809.659479771885,0.03407787546787059
3943,21,210,1330,14,0.010526315789473684,0.0016812990507418034,0.00012009278933870024,21,210,5472.4146852756385,185.20593038763593,5657.620615663274,0.03273565743784381
3944,21,210,1330,40,0.03007518796992481,0.019913966111099964,0.0004978491527774991,21,210,5430.777518543997,251.3947971332956,5682.17231567729,0.04424272675428895
3945,21,210,1330,9,0.006766917293233083,0.004960970683474666,0.0005512189648305186,21,210,5447.805987099864,207.15127724794144,5654.957264347802,0.03663180242827752
3946,21,210,1330,23,0.017293233082706767,0.008768712896018141,0.00038124838678339746,21,210,5507.327396964121,229.270980521428,5736.598377485547,0.039966364286760744
3947,21,210,1330,19,0.014285714285714285,0.004295935166001655,0.00022610185084219236,21,210,5465.011740359261,208.38452304368724,5673.396263402948,0.036730119556058746
3948,21,210,1330,16,0.012030075187969926,0.010926417629890451,0.0006829011018681531,21,210,5395.248959055256,204.3421794919372,5599.591138547189,0.036492339250496365
3949,21,210,1330,12,0.009022556390977444,0.003359332889959032,0.00027994440749658597,21,210,5572.019376398082,180.6285696732815,5752.64794607136,0.03139920456919977
3950,21,210,1330,14,0.010526315789473684,0.0025530397572875647,0.00018235998266339745,21,210,5639.571696837353,234.33594962970596,5873.907646467055,0.039894387813647465
3951,21,210,1330,14,0.010526315789473684,0.0024763311186677527,0.00017688079419055376,21,210,5426.068383599044,210.11815839252375,5636.186541991566,0.037280199444619126
3952,21,210,1330,24,0.01804511278195489,0.00842932362720288,0.00035122181780012,21,210,5512.606874614695,201.726019838709,5714.332894453401,0.035301762001740164
3953,21,210,1330,12,0.009022556390977444,0.008170748979149512,0.0006808957482624594,21,210,5397.228531207102,228.43599653716007,5625.6645277442585,0.04060604670089647
3954,21,210,1330,29,0.02180451127819549,0.010108414895936037,0.0003485660308943461,21,210,5403.7526444593295,193.02780263210906,5596.780447091442,0.034489078936877464
3955,21,210,1330,9,0.006766917293233083,0.004248198482743747,0.0004720220536381941,21,210,5461.979789508809,187.51858362309815,5649.498373131907,0.03319207675408952
3956,21,210,1330,13,0.009774436090225564,0.001496395790967413,0.00011510736853595487,21,210,5384.690305003989,183.22245623653495,5567.912761240518,0.0329068475195925
3957,21,210,1330,14,0.010526315789473684,0.002304985347971012,0.00016464181056935798,21,210,5407.472654536905,234.54237726891694,5642.01503180582,0.04157067571545405
3958,21,210,1330,23,0.017293233082706767,0.010096864443737778,0.0004389941062494686,21,210,5440.850353935641,211.8029931123317,5652.653347047968,0.0374696589563454
3959,21,210,1330,25,0.018796992481203006,0.0032109273517404078,0.00012843709406961632,21,210,5495.437591181775,240.81494692354372,5736.252538105315,0.0419812317055143
3960,21,210,1330,23,0.017293233082706767,0.0066290598877091125,0.0002882199951177875,21,210,5444.872216692398,196.20419544682028,5641.0764121392185,0.034781339785541994
3961,21,210,1330,12,0.009022556390977444,0.006201798142871139,0.0005168165119059284,21,210,5551.874052978095,194.80509614164487,5746.679149119739,0.03389872500041778
3962,21,210,1330,17,0.012781954887218045,0.010596715907839425,0.0006233362298729073,21,210,5598.527155596191,180.29144496529773,5778.81860056149,0.031198668348540997
3963,21,210,1330,15,0.011278195488721804,0.010799032093893046,0.000719935472926203,21,210,5367.145095507307,199.26808718943192,5566.413182696735,0.03579829248192701
3964,21,210,1330,28,0.021052631578947368,0.016124418959875802,0.0005758721057098501,21,210,5542.179546720169,250.39818190831932,5792.577728628489,0.043227418541279754
3965,21,210,1330,10,0.007518796992481203,0.006694813914140208,0.0006694813914140208,21,210,5387.455408370921,189.37906103782194,5576.834469408739,0.03395816427341443
3966,21,210,1330,20,0.015037593984962405,0.0035844507969013447,0.0001792225398450672,21,210,5407.5121738986745,200.29925719387893,5607.811431092554,0.035717901654702254
3967,21,210,1330,25,0.018796992481203006,0.011713065889199346,0.0004685226355679738,21,210,5392.179123735659,209.60210919014997,5601.781232925809,0.03741704655622099
3968,21,210,1330,30,0.022556390977443608,0.006353644614016089,0.00021178815380053627,21,210,5543.455774915814,198.40129064101245,5741.857065556822,0.034553505664769155
3969,21,210,1330,10,0.007518796992481203,0.0019824583365037974,0.00019824583365037974,21,210,5430.335129361862,193.25466155153487,5623.589790913393,0.03436499971313628
3970,21,210,1330,20,0.015037593984962405,0.0075194153042930905,0.00037597076521465455,21,210,5491.997928032985,193.88116766985956,5685.879095702846,0.03409871444793594
3971,21,210,1330,32,0.02406015037593985,0.016141845163878392,0.0005044326613711997,21,210,5498.654214879711,259.89869893641946,5758.55291381613,0.04513264058282091
3972,21,210,1330,15,0.011278195488721804,0.002534713489906661,0.00016898089932711072,21,210,5506.161946629036,224.84596043806857,5731.007907067102,0.03923323158580942
3973,21,210,1330,17,0.012781954887218045,0.003863898570216692,0.0002272881511892172,21,210,5531.407910463231,218.43485542084778,5749.842765884072,0.03798970933899305
3974,21,210,1330,19,0.014285714285714285,0.0029224618629750156,0.00015381378226184293,21,210,5365.173367063055,211.9684126717048,5577.1417797347585,0.038006638712667934
3975,21,210,1330,19,0.014285714285714285,0.0035313973539980695,0.00018586301863147736,21,210,5372.581950310263,195.33374810709205,5567.915698417352,0.03508202327176299
3976,21,210,1330,22,0.016541353383458645,0.002391928194896679,0.00010872400885893997,21,210,5777.6151405334,223.84140209989872,6001.456542633298,0.03729784603283695
3977,21,210,1330,18,0.013533834586466165,0.007376703358531706,0.0004098168532517614,21,210,5366.036055046567,191.5137382404389,5557.549793287001,0.03446010298850935
3978,21,210,1330,21,0.015789473684210527,0.011348640346427824,0.0005404114450679917,21,210,5476.737335690327,215.72483691920752,5692.462172609534,0.03789657803212333
3979,21,210,1330,22,0.016541353383458645,0.009921570337812808,0.0004509804699005821,21,210,5464.251230674622,201.03186789017394,5665.283098564793,0.035484875935167665
3980,21,210,1330,15,0.011278195488721804,0.00613526122654726,0.00040901741510315066,21,210,5194.797781306905,166.75720256928417,5361.5549838761835,0.03110239530710279
3981,21,210,1330,21,0.015789473684210527,0.012038121509308075,0.0005732438813956227,21,210,5480.799294953091,201.2358025652111,5682.035097518299,0.035416149163369895
3982,21,210,1330,17,0.012781954887218045,0.006479005127312979,0.0003811179486654693,21,210,5556.356438087061,184.98169113326236,5741.338129220318,0.032219264389220556
3983,21,210,1330,11,0.008270676691729323,0.012486856473189166,0.0011351687702899243,21,210,5765.616369135716,214.78244092643712,5980.398810062154,0.03591440098694771
3984,21,210,1330,19,0.014285714285714285,0.011089517356924823,0.0005836588082592012,21,210,5373.745330369829,229.7188446057732,5603.464174975599,0.040995862101103474
3985,21,210,1330,10,0.007518796992481203,0.0034899488539758767,0.00034899488539758764,21,210,5503.036134829045,192.02118258885872,5695.057317417903,0.033717164180521314
3986,21,210,1330,15,0.011278195488721804,0.005455053705522629,0.0003636702470348419,21,210,5586.006713356132,185.63942420209725,5771.646137558229,0.032164034276819756
3987,21,210,1330,28,0.021052631578947368,0.011698877480018906,0.000417817052857818,21,210,5375.727542491901,227.3404692914398,5603.068011783336,0.04057428337713185
3988,21,210,1330,16,0.012030075187969926,0.00458658987474101,0.0002866618671713131,21,210,5321.5471893770355,204.90400135143244,5526.451190728466,0.03707695848199885
3989,21,210,1330,33,0.02481203007518797,0.005642708563264815,0.00017099116858378225,21,210,5467.243375546193,195.8439588402573,5663.087334386448,0.03458254257374533
3990,21,210,1330,9,0.006766917293233083,0.0025474450495097797,0.0002830494499455311,21,210,5331.665025448159,213.5249731571323,5545.18999860529,0.03850634030769685
3991,21,210,1330,23,0.017293233082706767,0.02169473194376152,0.000943249214946153,21,210,5454.49519757716,240.61822863599843,5695.113426213154,0.04224994493147303
3992,21,210,1330,26,0.019548872180451128,0.02312077228608127,0.0008892604725415875,21,210,5392.271137725,214.81913476341103,5607.090272488405,0.03831205212040845
3993,21,210,1330,8,0.006015037593984963,0.006921556284729247,0.0008651945355911557,21,210,5236.460622504428,186.35812494069896,5422.818747445124,0.03436554559904822
3994,21,210,1330,32,0.02406015037593985,0.01308643257576623,0.00040895101799269474,21,210,5560.41292738497,240.10487995746058,5800.517807342427,0.04139369758567595
3995,21,210,1330,32,0.02406015037593985,0.004427731040470595,0.00013836659501470608,21,210,5446.681979828214,219.15089233701588,5665.832872165231,0.038679378174680625
3996,21,210,1330,12,0.009022556390977444,0.0029429744271013605,0.00024524786892511337,21,210,5484.648549215281,181.03555504285404,5665.684104258136,0.03195299132664206
3997,21,210,1330,12,0.009022556390977444,0.0073822745463733505,0.0006151895455311125,21,210,5321.9986163159665,198.84544874674492,5520.844065062712,0.03601721881715314
3998,21,210,1330,13,0.009774436090225564,0.004541595472633009,0.00034935349789484677,21,210,5431.247365969732,192.50740762220715,5623.754773591937,0.03423111699787918
3999,21,210,1330,14,0.010526315789473684,0.0029983420040954963,0.00021416728600682117,21,210,5666.546151554821,205.65017838639045,5872.196329941209,0.03502099841890834
4000,21,210,1330,20,0.015037593984962405,0.005701628417132064,0.00028508142085660317,21,210,5515.75908623175,195.89211923144774,5711.6512054631985,0.03429693309074559
4001,21,210,1330,8,0.006015037593984963,0.0025109961932144763,0.00031387452415180953,21,210,5288.373807152101,203.11657402119442,5491.490381173293,0.03698751339300302
4002,21,210,1330,16,0.012030075187969926,0.004497958028469778,0.00028112237677936115,21,210,5607.103601080034,226.17743113038745,5833.281032210418,0.03877362154874296
4003,21,210,1330,27,0.02030075187969925,0.006591672584829645,0.00024413602166035715,21,210,5531.893608561994,181.2354893093458,5713.1290978713405,0.03172263153949602
4004,21,210,1330,13,0.009774436090225564,0.0057868451236546565,0.00044514193258881967,21,210,5154.10117481148,188.5393260215504,5342.640500833027,0.035289540067716195
4005,21,210,1330,18,0.013533834586466165,0.0021674841780726173,0.00012041578767070098,21,210,5409.50911828827,213.20836614111744,5622.717484429389,0.037919096367822314
4006,21,210,1330,15,0.011278195488721804,0.006027049312501442,0.0004018032875000961,21,210,5381.88421517185,208.82636450359266,5590.710579675442,0.037352383302180464
4007,21,210,1330,19,0.014285714285714285,0.010455145309173183,0.000550270805745957,21,210,5502.291558722318,195.5675164144035,5697.859075136721,0.03432298234046984
4008,21,210,1330,4,0.0030075187969924814,0.0008766767115898435,0.00021916917789746088,21,210,5501.1628901309305,193.952171748384,5695.115061879311,0.0340558829173826
4009,21,210,1330,22,0.016541353383458645,0.0099197757899088,0.00045089889954130904,21,210,5355.483851720157,180.64198710628895,5536.125838826441,0.03262967504087331
4010,21,210,1330,16,0.012030075187969926,0.00254980917535027,0.00015936307345939187,21,210,5653.768255716401,216.26835987644654,5870.036615592846,0.036842761645125524
4011,21,210,1330,17,0.012781954887218045,0.0018929577501196212,0.00011135045588938948,21,210,5519.485912158718,224.7580820915113,5744.243994250226,0.03912753050122623
4012,21,210,1330,14,0.010526315789473684,0.008928326905704777,0.0006377376361217699,21,210,5272.684153088325,214.83486007195677,5487.5190131602785,0.03914972495889955
4013,21,210,1330,11,0.008270676691729323,0.0031180914569080525,0.00028346285971891385,21,210,5374.583965886807,205.87279690613815,5580.456762792943,0.036891746618085364
4014,21,210,1330,8,0.006015037593984963,0.0017215425584760841,0.0002151928198095105,21,210,5407.650312416148,237.49752270222592,5645.147835118372,0.04207109001198476
4015,21,210,1330,16,0.012030075187969926,0.005682368254444775,0.00035514801590279846,21,210,5542.968989366598,202.01738861513803,5744.986377981736,0.035164119690412304
4016,21,210,1330,27,0.02030075187969925,0.014667086065244904,0.0005432254098238854,21,210,5462.7263844317995,220.08670276206445,5682.813087193862,0.0387284782000004
4017,21,210,1330,20,0.015037593984962405,0.005828228770707191,0.00029141143853535955,21,210,5416.079330952882,202.29530232653593,5618.374633279413,0.03600601873863604
4018,21,210,1330,14,0.010526315789473684,0.004290235106629028,0.0003064453647592163,21,210,5441.2389324919695,185.29836769191743,5626.537300183887,0.03293293153603754
4019,21,210,1330,17,0.012781954887218045,0.00553159913851839,0.0003253881846187289,21,210,5403.65329832982,213.83803622528976,5617.491334555108,0.038066464813198544
4020,21,210,1330,11,0.008270676691729323,0.004247787136836205,0.00038616246698510955,21,210,5490.360567828848,215.9924114741874,5706.352979303034,0.03785121815239835
4021,21,210,1330,29,0.02180451127819549,0.0186793293477046,0.000644114805093262,21,210,5420.627928255177,201.40268573711188,5622.030613992286,0.035823832982313286
4022,21,210,1330,15,0.011278195488721804,0.005576159647322924,0.000371743976488195,21,210,5234.533667503847,211.62580003477808,5446.159467538622,0.03885780453109314
4023,21,210,1330,16,0.012030075187969926,0.009225392205400708,0.0005765870128375441,21,210,5428.8282958304735,222.51731662980507,5651.345612460277,0.03937421844085971
4024,21,210,1330,11,0.008270676691729323,0.006594955356792542,0.0005995413960720492,21,210,5605.41154709935,227.60519880186143,5833.016745901212,0.03902015178711715
4025,21,210,1330,10,0.007518796992481203,0.0018116025730729463,0.00018116025730729465,21,210,5481.309028612652,226.1071509906502,5707.416179603301,0.039616376986611475
4026,21,210,1330,14,0.010526315789473684,0.0015602357877367683,0.00011144541340976916,21,210,5480.491396852411,196.86641986889163,5677.3578167213,0.03467571117132492
4027,21,210,1330,17,0.012781954887218045,0.01499921601283337,0.000882306824284316,21,210,5399.143563975731,212.95529254873406,5612.098856524461,0.037945748639327426
4028,21,210,1330,15,0.011278195488721804,0.0032630018996228694,0.00021753345997485799,21,210,5401.186990922775,190.7829020982345,5591.969893021008,0.03411729779452834
4029,21,210,1330,16,0.012030075187969926,0.008895463591384437,0.0005559664744615273,21,210,5535.055022038891,231.01086314009063,5766.065885178981,0.040063861173331
4030,21,210,1330,27,0.02030075187969925,0.013939146881915563,0.000516264699330206,21,210,5456.89690333339,254.550920888598,5711.447824221984,0.04456854526606361
4031,21,210,1330,12,0.009022556390977444,0.0054699753766619084,0.0004558312813884924,21,210,5472.594928265073,198.5642956471332,5671.159223912205,0.035012999601544456
4032,21,210,1330,15,0.011278195488721804,0.0029018211306253592,0.00019345474204169062,21,210,5370.035096909576,229.57511170196145,5599.610208611533,0.040998409380156906
4033,21,210,1330,35,0.02631578947368421,0.013124163855514284,0.000374976110157551,21,210,5283.427322948011,185.56954613007002,5468.996869078082,0.03393118529273391
4034,21,210,1330,8,0.006015037593984963,0.0019189611156882683,0.00023987013946103356,21,210,5529.9213503929595,199.00757809574344,5728.928928488704,0.03473730964022306
4035,21,210,1330,14,0.010526315789473684,0.00307112978441482,0.0002193664131724871,21,210,5426.265635510837,232.1345485230641,5658.400184033901,0.041024766890484274
4036,21,210,1330,21,0.015789473684210527,0.007658128406761046,0.0003646727812743355,21,210,5502.637824566377,218.33399321987275,5720.971817786247,0.03816379457439068
4037,21,210,1330,28,0.021052631578947368,0.007916669216651018,0.00028273818630896494,21,210,5433.006980273012,234.84822850614734,5667.855208779155,0.04143511431667874
4038,21,210,1330,12,0.009022556390977444,0.006358675383903117,0.0005298896153252598,21,210,5353.397153926292,217.87311763901295,5571.270271565299,0.039106542497318035
4039,21,210,1330,10,0.007518796992481203,0.003165233483608259,0.00031652334836082595,21,210,5353.639127143715,211.94815672103402,5565.587283864747,0.03808190329446367
4040,21,210,1330,20,0.015037593984962405,0.006334499455393229,0.0003167249727696614,21,210,5551.781287758371,212.9766419915319,5764.7579297499,0.036944594133334535
4041,21,210,1330,30,0.022556390977443608,0.023277574275740426,0.000775919142524681,21,210,5361.359596111408,191.64081779587156,5553.000413907275,0.03451121979316164
4042,21,210,1330,25,0.018796992481203006,0.007071178438963136,0.0002828471375585254,21,210,5337.988121227956,192.37871824929636,5530.3668394772485,0.03478588741637268
4043,21,210,1330,8,0.006015037593984963,0.0037757113155797526,0.0004719639144474691,21,210,5561.12913636518,257.7097108750131,5818.838847240191,0.04428885515488058
4044,21,210,1330,23,0.017293233082706767,0.005652536313188932,0.0002457624483995188,21,210,5350.091587907521,228.09645653592537,5578.188044443447,0.04089077935677288
4045,21,210,1330,19,0.014285714285714285,0.007947373104524074,0.0004182827949749513,21,210,5378.0595742549995,222.77571055873472,5600.835284813728,0.039775444059705775
4046,21,210,1330,20,0.015037593984962405,0.0017071360772872655,8.535680386436329e-05,21,210,5554.7423701595235,182.1008588711452,5736.84322903067,0.03174234532846281
4047,21,210,1330,10,0.007518796992481203,0.006685468190033774,0.0006685468190033774,21,210,5307.716002995967,188.4668060950353,5496.182809091002,0.03429049080814786
4048,21,210,1330,30,0.022556390977443608,0.00793217636020204,0.00026440587867340124,21,210,5232.402049570221,189.21969917283747,5421.621748743057,0.03490094070408102
4049,21,210,1330,27,0.02030075187969925,0.013747438001187308,0.0005091643704143447,21,210,5441.529935381328,236.41989229449328,5677.949827675818,0.041638249627025704
4050,21,210,1330,25,0.018796992481203006,0.008702823323047101,0.00034811293292188404,21,210,5336.294356780971,216.10612865827727,5552.40048543925,0.038921207003169034
4051,21,210,1330,16,0.012030075187969926,0.005628597257415135,0.00035178732858844595,21,210,5441.938393173409,191.93208918189345,5633.870482355298,0.03406753665761486
4052,21,210,1330,20,0.015037593984962405,0.005252461559154972,0.00026262307795774857,21,210,5500.906388659807,250.52422788621664,5751.43061654602,0.04355859343334426
4053,21,210,1330,13,0.009774436090225564,0.013982368875945853,0.0010755668366112193,21,210,5423.7246017912075,235.39151042473048,5659.116112215932,0.04159510173622477
4054,21,210,1330,15,0.011278195488721804,0.005639020193866902,0.00037593467959112683,21,210,5522.43539853133,207.32683182581013,5729.7622303571325,0.03618419464726856
4055,21,210,1330,24,0.01804511278195489,0.010504454427515807,0.00043768560114649195,21,210,5454.11784372542,220.11104316766858,5674.228886893088,0.03879135783121183
4056,21,210,1330,18,0.013533834586466165,0.008284635966660162,0.00046025755370334234,21,210,5483.001038971373,210.6306431880305,5693.631682159401,0.03699407600390221
4057,21,210,1330,6,0.004511278195488722,0.0006853431710707746,0.00011422386184512911,21,210,5372.964693481464,191.62248850974748,5564.587181991212,0.034436065469492384
4058,21,210,1330,15,0.011278195488721804,0.0067080547311008905,0.00044720364874005936,21,210,5336.155177934679,191.93754746203604,5528.092725396713,0.034720392185220085
4059,21,210,1330,14,0.010526315789473684,0.0029292743180702875,0.0002092338798621634,21,210,5353.920337434209,242.78770092921604,5596.708038363422,0.04338044780342187
4060,21,210,1330,17,0.012781954887218045,0.0056518503538014134,0.0003324617855177302,21,210,5468.15336600531,194.34385541023306,5662.497221415542,0.03432122750987415
4061,21,210,1330,10,0.007518796992481203,0.0035981338588626822,0.0003598133858862682,21,210,5370.4741950213665,221.72367619702237,5592.197871218385,0.039648753728507624
4062,21,210,1330,15,0.011278195488721804,0.004770435007226327,0.0003180290004817551,21,210,5325.9948087625,236.96982088604744,5562.964629648542,0.04259775796939028
4063,21,210,1330,19,0.014285714285714285,0.011275910362699584,0.0005934689664578729,21,210,5441.581257662767,235.05259879128528,5676.633856454051,0.0414070388781623
4064,21,210,1330,21,0.015789473684210527,0.003886490417372574,0.00018507097225583684,21,210,5585.6480095592615,237.69741456755304,5823.345424126814,0.04081801735180337
4065,21,210,1330,23,0.017293233082706767,0.0037604426526600815,0.00016349750663739485,21,210,5422.787694205426,184.29219745080104,5607.079891656221,0.03286776736051905
4066,21,210,1330,14,0.010526315789473684,0.0031379547908105365,0.00022413962791503834,21,210,5408.951713927423,199.14920267290984,5608.10091660033,0.0355109877005629
4067,21,210,1330,16,0.012030075187969926,0.008170934518672538,0.0005106834074170337,21,210,5479.29950139579,238.4550471943183,5717.754548590108,0.04170431682016096
4068,21,210,1330,15,0.011278195488721804,0.002157397465554875,0.00014382649770365837,21,210,5506.699523200321,203.01014170710613,5709.709664907428,0.03555524774838048
4069,21,210,1330,24,0.01804511278195489,0.006069764227744396,0.0002529068428226832,21,210,5536.427275727679,227.25447876224393,5763.681754489924,0.03942869999461925
4070,21,210,1330,19,0.014285714285714285,0.0032734745646417775,0.00017228813498114618,21,210,5362.117934356032,190.08574376534463,5552.203678121372,0.03423608980959818
4071,21,210,1330,16,0.012030075187969926,0.010380412179056081,0.0006487757611910051,21,210,5430.009566359513,259.503680753019,5689.513247112533,0.04561087556738161
4072,21,210,1330,11,0.008270676691729323,0.0004923887878657087,4.4762617078700796e-05,21,210,5652.423268609492,201.0075972071196,5853.43086581661,0.03434013347299987
4073,21,210,1330,6,0.004511278195488722,0.00039332109567439985,6.555351594573331e-05,21,210,5572.104681141847,225.2948330376906,5797.3995141795385,0.03886136059566957
4074,21,210,1330,21,0.015789473684210527,0.005828823993542844,0.00027756304731156405,21,210,5479.85166704613,202.97893872303482,5682.830605769164,0.03571792875842053
4075,21,210,1330,14,0.010526315789473684,0.003226772132603309,0.00023048372375737925,21,210,5502.735355082381,197.01852077639225,5699.753875858774,0.0345661453226711
4076,21,210,1330,14,0.010526315789473684,0.004655552518813811,0.00033253946562955794,21,210,5493.686617805582,212.8097234634435,5706.496341269025,0.037292536564759865
4077,21,210,1330,23,0.017293233082706767,0.01103148124355637,0.0004796296192850597,21,210,5396.80579134734,226.15966624199422,5622.965457589333,0.040220710574834825
4078,21,210,1330,18,0.013533834586466165,0.0076527337599243085,0.0004251518755513505,21,210,5530.591402610677,227.69341328421578,5758.284815894893,0.03954188105730752
4079,21,210,1330,20,0.015037593984962405,0.016651312479747053,0.0008325656239873528,21,210,5368.703478332796,225.09073374283201,5593.794212075629,0.04023936619922777
4080,21,210,1330,18,0.013533834586466165,0.003175459411833693,0.0001764144117685385,21,210,5338.739262948231,174.77118488233873,5513.510447830569,0.03169871292274542
4081,21,210,1330,18,0.013533834586466165,0.005187878451854076,0.00028821546954744864,21,210,5506.87448354423,199.09303550836472,5705.967519052594,0.03489207305221774
4082,21,210,1330,14,0.010526315789473684,0.001494749173797618,0.0001067677981284013,21,210,5379.624487769182,189.9831720323865,5569.607659801564,0.03411069210558276
4083,21,210,1330,14,0.010526315789473684,0.0016568607142675679,0.00011834719387625485,21,210,5461.155732898061,182.65875763287244,5643.814490530936,0.03236441558086878
4084,21,210,1330,16,0.012030075187969926,0.0061864847236941965,0.0003866552952308873,21,210,5406.141154828763,217.1468740713613,5623.288028900121,0.03861564141039274
4085,21,210,1330,15,0.011278195488721804,0.0036807720823508125,0.0002453848054900542,21,210,5574.861007763815,213.11461536901157,5787.9756231328265,0.03682023374757411
4086,21,210,1330,25,0.018796992481203006,0.009665433698399908,0.0003866173479359964,21,210,5427.042462072841,229.0603778424817,5656.102839915317,0.04049791602549984
4087,21,210,1330,20,0.015037593984962405,0.004460667502795952,0.00022303337513979765,21,210,5322.3833249309855,237.56835501221934,5559.951679943204,0.042728492743779774
4088,21,210,1330,11,0.008270676691729323,0.0005893970337099293,5.358154851908448e-05,21,210,5396.586946933945,171.57989434562205,5568.166841279568,0.030814431254756167
4089,21,210,1330,22,0.016541353383458645,0.006554809633140915,0.00029794589241549614,21,210,5424.095791859114,180.4090720884661,5604.504863947583,0.03219001079809812
4090,21,210,1330,19,0.014285714285714285,0.006583064294833797,0.00034647706814914717,21,210,5612.663230128907,225.41547769609332,5838.078707824998,0.03861124335202272
4091,21,210,1330,31,0.02330827067669173,0.009739336513265862,0.0003141721455892214,21,210,5370.515834035558,191.21651744363604,5561.7323514791915,0.03438074782451197
4092,21,210,1330,14,0.010526315789473684,0.01138234331258828,0.0008130245223277342,21,210,5501.661092687264,230.78565910280855,5732.446751790065,0.040259538220872505
4093,21,210,1330,16,0.012030075187969926,0.006711151957189222,0.0004194469973243264,21,210,5251.132746077979,208.85806786915992,5459.990813947139,0.03825245773960784
4094,21,210,1330,12,0.009022556390977444,0.008753018401721734,0.0007294182001434778,21,210,5506.314269935747,200.50906734266061,5706.823337278407,0.03513497010375017
4095,21,210,1330,29,0.02180451127819549,0.009295984013164836,0.0003205511728677529,21,210,5505.580941808816,198.68347548468964,5704.264417293505,0.03483069173342401
4096,21,210,1330,22,0.016541353383458645,0.0037773735469961724,0.00017169879759073512,21,210,5643.126934809343,231.28131718334515,5874.408251992684,0.03937099827968054
4097,21,210,1330,14,0.010526315789473684,0.0017215967442190945,0.0001229711960156496,21,210,5386.809713386865,211.5739171383984,5598.383630525261,0.03779196480655395
4098,21,210,1330,16,0.012030075187969926,0.004876095900700781,0.0003047559937937988,21,210,5438.676185837365,189.49401421563462,5628.170200052994,0.03366884928495062
4099,21,210,1330,15,0.011278195488721804,0.0043262931889191105,0.0002884195459279407,21,210,5536.081660099619,182.90725327886952,5718.988913378487,0.031982445856992794
4100,21,210,1330,29,0.02180451127819549,0.0162923830242967,0.0005618063111826448,21,210,5436.313880073204,233.68346166110808,5669.997341734312,0.04121403372468427
4101,21,210,1330,12,0.009022556390977444,0.004921897226786646,0.00041015810223222045,21,210,5380.203950630706,186.68700729287565,5566.890957923579,0.03353523693995776
4102,21,210,1330,13,0.009774436090225564,0.002421876227854571,0.00018629817137342857,21,210,5624.655838194754,209.8230852689682,5834.478923463717,0.03596260917580004
4103,21,210,1330,27,0.02030075187969925,0.006188163212995681,0.00022919123011095114,21,210,5484.349609539202,178.1102641536473,5662.459873692848,0.031454574182702394
4104,21,210,1330,25,0.018796992481203006,0.0123890443752511,0.0004955617750100439,21,210,5390.001899132558,217.39933754391495,5607.401236676475,0.03877006983590999
4105,21,210,1330,21,0.015789473684210527,0.007588719393888467,0.0003613675901851651,21,210,5559.63933219055,211.01330065030828,5770.6526328408545,0.036566626701705976
4106,21,210,1330,27,0.02030075187969925,0.011972827474894634,0.0004434380546257271,21,210,5464.177716581958,241.84307240167794,5706.0207889836365,0.04238384004288834
4107,21,210,1330,19,0.014285714285714285,0.0026173214559291743,0.0001377537608383776,21,210,5421.475291835013,180.91533807643634,5602.390629911446,0.032292524750152235
4108,21,210,1330,26,0.019548872180451128,0.005184952132254248,0.0001994212358559326,21,210,5305.950076100538,190.75104991524324,5496.7011260157815,0.03470282366498374
4109,21,210,1330,17,0.012781954887218045,0.00786042435621224,0.00046237790330660224,21,210,5366.481079669314,178.54862218579015,5545.029701855105,0.0321997593856091
4110,21,210,1330,19,0.014285714285714285,0.007913370743076117,0.0004164931970040062,21,210,5340.259692389785,195.2417463473335,5535.501438737119,0.03527083291516159
4111,21,210,1330,31,0.02330827067669173,0.013907580289637794,0.0004486316222463804,21,210,5318.922112415409,224.20331069602275,5543.125423111429,0.040447093215901744
4112,21,210,1330,15,0.011278195488721804,0.007139247289755605,0.00047594981931704035,21,210,5358.25362266189,199.95957758064722,5558.213200242531,0.035975514140393544
4113,21,210,1330,20,0.015037593984962405,0.013107426220066757,0.0006553713110033379,21,210,5555.867972227548,217.18115908328173,5773.049131310828,0.03761983557447546
4114,21,210,1330,20,0.015037593984962405,0.004966188951838997,0.0002483094475919499,21,210,5534.789271368171,196.0287029470487,5730.817974315221,0.03420605990726346
4115,21,210,1330,12,0.009022556390977444,0.0026918858541369233,0.00022432382117807694,21,210,5503.93304662022,185.00425082661542,5688.93729744683,0.032520001742617995
4116,21,210,1330,24,0.01804511278195489,0.004702399179661703,0.00019593329915257098,21,210,5458.545725866131,215.52087349664563,5674.066599362772,0.037983493799817185
4117,21,210,1330,19,0.014285714285714285,0.008861563973156187,0.0004663981038503256,21,210,5396.44808831819,200.11120481059186,5596.559293128774,0.035756112698793384
4118,21,210,1330,30,0.022556390977443608,0.012668635598760873,0.00042228785329202913,21,210,5450.066199289581,197.19652774443404,5647.262727034011,0.034918957604085706
4119,21,210,1330,23,0.017293233082706767,0.004957627334536803,0.00021554901454507838,21,210,5381.656586220901,192.61263497642386,5574.2692211973235,0.03455388093635199
4120,21,210,1330,18,0.013533834586466165,0.010906369789520488,0.0006059094327511383,21,210,5267.732371712114,197.4274357307075,5465.159807442818,0.03612473242993511
4121,21,210,1330,15,0.011278195488721804,0.008080255674905291,0.0005386837116603527,21,210,5471.8487419192115,223.18231601951317,5695.031057938724,0.039188955029209695
4122,21,210,1330,8,0.006015037593984963,0.003166676976151774,0.0003958346220189718,21,210,5410.398679101854,202.6067078019229,5613.005386903775,0.0360959403806459
4123,21,210,1330,12,0.009022556390977444,0.005487076323668264,0.0004572563603056886,21,210,5456.305796852262,203.49077305105007,5659.796569903308,0.035953725639740884
4124,21,210,1330,9,0.006766917293233083,0.0012494928851602297,0.00013883254279558105,21,210,5512.942626213204,212.95635665676565,5725.898982869967,0.03719177674874496
4125,21,210,1330,5,0.0037593984962406013,0.0012222892931874397,0.00024445785863748794,21,210,5404.6337057253895,178.85314333094198,5583.486849056329,0.032032518060138376
4126,21,210,1330,11,0.008270676691729323,0.0033340159178777366,0.0003030923561707033,21,210,5434.987371796371,230.1570365096349,5665.144408306002,0.04062686136865074
4127,21,210,1330,27,0.02030075187969925,0.00931235266380003,0.0003449019505111122,21,210,5488.88564264584,252.03258861152673,5740.918231257361,0.04390109359845859
4128,21,210,1330,14,0.010526315789473684,0.002898436898976975,0.00020703120706978392,21,210,5551.0142884315155,225.81487932269175,5776.8291677541965,0.03908976235322529
4129,21,210,1330,31,0.02330827067669173,0.006450129840939483,0.0002080687045464349,21,210,5241.888448150266,221.64472388735788,5463.533172037623,0.04056802016353376
4130,21,210,1330,9,0.006766917293233083,0.0033768646638076116,0.0003752071848675124,21,210,5513.580602394717,210.312363172522,5723.892965567238,0.036742888876099035
4131,21,210,1330,12,0.009022556390977444,0.003312506430044356,0.0002760422025036963,21,210,5362.364053455018,195.54582681541157,5557.909880270425,0.03518333888600172
4132,21,210,1330,13,0.009774436090225564,0.004533228466547291,0.0003487098820420993,21,210,5417.429082456579,221.59169473740258,5639.020777193978,0.03929613021352767
4133,21,210,1330,5,0.0037593984962406013,0.002988708265822094,0.0005977416531644188,21,210,5375.314834142893,191.0154608510084,5566.330294993901,0.03431622823798273
4134,21,210,1330,7,0.005263157894736842,0.002168700387069992,0.00030981434100999883,21,210,5453.447660482442,205.01742862012452,5658.465089102569,0.03623198612905823
4135,21,210,1330,20,0.015037593984962405,0.00427844400879932,0.000213922200439966,21,210,5497.018395849374,202.04203247423177,5699.060428323607,0.03545181438507101
4136,21,210,1330,26,0.019548872180451128,0.006349125269872488,0.0002441971257643265,21,210,5428.164752066656,182.60755195948065,5610.772304026137,0.03254588531928955
4137,21,210,1330,11,0.008270676691729323,0.002279989161320681,0.00020727174193824375,21,210,5353.094179885078,204.78724626773334,5557.881426152806,0.03684627838659885
4138,21,210,1330,13,0.009774436090225564,0.0040391592497181945,0.00031070455767063035,21,210,5551.184754201755,216.3867729749304,5767.571527176686,0.03751783085052697
4139,21,210,1330,12,0.009022556390977444,0.007383841191565126,0.0006153200992970938,21,210,5576.930538635127,206.7477958216764,5783.678334456794,0.035746765962062145
4140,21,210,1330,14,0.010526315789473684,0.0009705289389033877,6.932349563595625e-05,21,210,5356.526526196354,179.56837374734104,5536.094899943697,0.03243592766973111
4141,21,210,1330,27,0.02030075187969925,0.0069795123931712085,0.0002585004590063411,21,210,5342.1598975036,215.17501004294786,5557.334907546548,0.03871910072411729
4142,21,210,1330,13,0.009774436090225564,0.005850444492047588,0.0004500341916959683,21,210,5158.117469797076,199.02784514224447,5357.145314939316,0.037151847381705565
4143,21,210,1330,12,0.009022556390977444,0.0025322894837021977,0.0002110241236418498,21,210,5594.340867284356,227.85152863931683,5822.192395923667,0.03913500501956001
4144,21,210,1330,18,0.013533834586466165,0.00563832522423807,0.0003132402902354483,21,210,5224.8070640076985,213.4957019989443,5438.302766006638,0.03925778155152528
4145,21,210,1330,23,0.017293233082706767,0.01738883197438417,0.0007560361727993118,21,210,5306.972757556361,225.10375653038267,5532.076514086744,0.040690644093078605
4146,21,210,1330,16,0.012030075187969926,0.012174637106559133,0.0007609148191599457,21,210,5449.514506749896,230.138743333658,5679.6532500835565,0.04051985802659208
4147,21,210,1330,19,0.014285714285714285,0.007952561382069066,0.00041855586221416127,21,210,5530.972739416435,217.58562979463554,5748.558369211069,0.03785046890364913
4148,21,210,1330,18,0.013533834586466165,0.0026947490839292704,0.000149708282440515,21,210,5242.148380179008,167.05261286343983,5409.20099304245,0.03088304780656333
4149,21,210,1330,21,0.015789473684210527,0.010039982225750475,0.0004780943917024035,21,210,5225.173544590571,224.62703569876314,5449.800580289331,0.04121747803234988
4150,21,210,1330,18,0.013533834586466165,0.0057752254179446755,0.000320845856552482,21,210,5407.969104989954,203.08744677244033,5611.056551762391,0.03619415432707626
4151,21,210,1330,14,0.010526315789473684,0.0025127797930684322,0.00017948427093345942,21,210,5561.523869762949,181.49951962615756,5743.023389389109,0.03160347909456518
4152,21,210,1330,21,0.015789473684210527,0.007084893013800323,0.0003373758578000154,21,210,5456.4866565706,198.85411790799418,5655.3407744785945,0.03516218134995197
4153,21,210,1330,21,0.015789473684210527,0.0062142777882805925,0.0002959179899181234,21,210,5375.821102753958,211.58501728779217,5587.406120041749,0.03786820086852953
4154,21,210,1330,19,0.014285714285714285,0.008501210575758901,0.00044743213556625787,21,210,5412.3921782849675,229.18940310401302,5641.5815813889785,0.04062502682937109
4155,21,210,1330,17,0.012781954887218045,0.011433350062917147,0.0006725500037010086,21,210,5430.374130963765,197.80555917851134,5628.179690142275,0.03514556571904885
4156,21,210,1330,16,0.012030075187969926,0.0027719838032643617,0.0001732489877040226,21,210,5631.024064687668,186.99726608385015,5818.021330771515,0.03214104167938017
4157,21,210,1330,15,0.011278195488721804,0.010531843668190646,0.0007021229112127097,21,210,5603.617113386876,197.21554781426784,5800.832661201141,0.03399779985610406
4158,21,210,1330,9,0.006766917293233083,0.001382931547315231,0.00015365906081280344,21,210,5466.512846051063,213.67240934532418,5680.185255396393,0.03761715502893629
4159,21,210,1330,36,0.02706766917293233,0.010577824932720612,0.0002938284703533504,21,210,5343.9859526041155,171.41542227788375,5515.401374881997,0.03107941029614571
4160,21,210,1330,10,0.007518796992481203,0.004115020926245898,0.0004115020926245898,21,210,5478.961178683731,235.75509908710333,5714.716277770833,0.04125403390613566
4161,21,210,1330,14,0.010526315789473684,0.0032839071112726504,0.00023456479366233216,21,210,5372.886254654274,209.63363099522957,5582.519885649497,0.03755179296971546
4162,21,210,1330,26,0.019548872180451128,0.012347931690896215,0.0004749204496498544,21,210,5322.398007734046,214.74850958684226,5537.146517320885,0.03878324492860757
4163,21,210,1330,13,0.009774436090225564,0.004643587757538554,0.00035719905827219647,21,210,5463.971060773481,219.68136796464432,5683.652428738127,0.0386514430146844
4164,21,210,1330,21,0.015789473684210527,0.005117469805775655,0.0002436890383702693,21,210,5200.884860527418,196.7227919419442,5397.6076524693635,0.03644629335960443
4165,21,210,1330,9,0.006766917293233083,0.003716712682485562,0.00041296807583172913,21,210,5514.4726002359175,205.9532384305894,5720.425838666506,0.036003130577880085
4166,21,210,1330,14,0.010526315789473684,0.00460182086779178,0.0003287014905565557,21,210,5395.339041709253,210.1071624480599,5605.446204157315,0.03748268287584895
4167,21,210,1330,12,0.009022556390977444,0.004806733070666978,0.00040056108922224815,21,210,5568.220327288896,203.75023137375814,5771.970558662649,0.03529994294027836
4168,21,210,1330,19,0.014285714285714285,0.009291925766076386,0.0004890487245303361,21,210,5413.147112012643,218.91433951555746,5632.061451528197,0.038869309470364086
4169,21,210,1330,13,0.009774436090225564,0.00857877329590722,0.0006599056381467092,21,210,5454.53715801683,187.2739602891181,5641.811118305947,0.03319394364009662
4170,21,210,1330,18,0.013533834586466165,0.006899837560908822,0.000383324308939379,21,210,5330.4522971163,208.0248010125972,5538.477098128897,0.037559927995888205
4171,21,210,1330,11,0.008270676691729323,0.007899889153330057,0.0007181717412118233,21,210,5388.760905289131,221.2859949695175,5610.046900258642,0.03944458912800095
4172,21,210,1330,25,0.018796992481203006,0.005287828661054888,0.00021151314644219553,21,210,5648.2945532188205,224.1452138320276,5872.439767050847,0.03816901027911161
4173,21,210,1330,20,0.015037593984962405,0.0076104228997263944,0.0003805211449863197,21,210,5301.723871222664,222.8895928613617,5524.613464084021,0.04034483033254467
4174,21,210,1330,6,0.004511278195488722,0.0007191826316532752,0.00011986377194221253,21,210,5587.35882050428,219.9109548238544,5807.269775328133,0.03786821748115337
4175,21,210,1330,24,0.01804511278195489,0.006266635820272414,0.0002611098258446839,21,210,5345.75603118527,208.54630755455256,5554.302338739822,0.0375468051315817
4176,21,210,1330,19,0.014285714285714285,0.0058137376584020675,0.0003059861925474772,21,210,5497.444489010877,190.2278796820882,5687.6723686929645,0.033445646540608116
4177,21,210,1330,14,0.010526315789473684,0.004853376040402579,0.00034666971717161287,21,210,5600.651523640494,192.83262012340774,5793.484143763896,0.03328439594177067
4178,21,210,1330,19,0.014285714285714285,0.0045147008906528336,0.00023761583635014912,21,210,5546.2556118774955,187.48076396932794,5733.736375846825,0.03269783465439473
4179,21,210,1330,22,0.016541353383458645,0.008136138292739988,0.0003698244678518177,21,210,5506.33548652597,200.1088560706179,5706.444342596582,0.03506717038785015
4180,21,210,1330,15,0.011278195488721804,0.014254379659648566,0.0009502919773099044,21,210,5456.416611935469,225.47672854885639,5681.893340484319,0.03968337929582412
4181,21,210,1330,15,0.011278195488721804,0.014400360033546028,0.0009600240022364019,21,210,5404.947281743346,187.3682687001021,5592.315550443449,0.033504595191386245
4182,21,210,1330,25,0.018796992481203006,0.008268322946905337,0.0003307329178762135,21,210,5550.250396934956,226.2753837550094,5776.525780689964,0.03917153533901175
4183,21,210,1330,18,0.013533834586466165,0.009498645199291349,0.0005277025110717416,21,210,5442.3116686356825,247.0328793268826,5689.34454796256,0.04342027051522988
4184,21,210,1330,9,0.006766917293233083,0.0020601620402080825,0.0002289068933564536,21,210,5433.426120874929,183.76131075498256,5617.187431629909,0.03271411413481382
4185,21,210,1330,11,0.008270676691729323,0.005937347009911369,0.0005397588190828518,21,210,5425.097269120977,177.54549691364412,5602.642766034621,0.031689597985792226
4186,21,210,1330,33,0.02481203007518797,0.008934613261070585,0.00027074585639607837,21,210,5459.415343870745,218.81585092493083,5678.231194795675,0.03853591786214768
4187,21,210,1330,30,0.022556390977443608,0.01193454250317957,0.000397818083439319,21,210,5465.126548680115,243.87401770925047,5709.000566389364,0.042717462517872486
4188,21,210,1330,15,0.011278195488721804,0.003944410120487312,0.0002629606746991541,21,210,5483.178818330227,189.0773870649541,5672.256205395177,0.033333717698631596
4189,21,210,1330,10,0.007518796992481203,0.0036383678279513195,0.0003638367827951319,21,210,5377.848763974263,188.45599905836355,5566.304763032627,0.03385657219309156
4190,21,210,1330,14,0.010526315789473684,0.0029183081448410117,0.00020845058177435802,21,210,5519.961759411313,206.54716773860676,5726.508927149916,0.03606860137060946
4191,21,210,1330,14,0.010526315789473684,0.003447792769658234,0.0002462709121184453,21,210,5462.549634117546,181.1574003352889,5643.707034452832,0.032099008546933275
4192,21,210,1330,14,0.010526315789473684,0.0043447618784830085,0.0003103401341773578,21,210,5518.935023428714,189.7911888868424,5708.726212315551,0.0332458033242866
4193,21,210,1330,4,0.0030075187969924814,0.000343905836323918,8.597645908097948e-05,21,210,5395.587485091899,211.342207288512,5606.929692380406,0.037693036810452184
4194,21,210,1330,19,0.014285714285714285,0.007163522551933146,0.00037702750273332344,21,210,5399.024475093116,192.1655676682876,5591.190042761402,0.03436935003078164
4195,21,210,1330,22,0.016541353383458645,0.005940631383896204,0.0002700286992680093,21,210,5569.321666998565,188.8609889397507,5758.1826559383135,0.032798714494577844
4196,21,210,1330,16,0.012030075187969926,0.00891468029118455,0.0005571675181990344,21,210,5431.336237685478,259.21921492772174,5690.555452613193,0.04555253297965565
4197,21,210,1330,23,0.017293233082706767,0.006490045159882818,0.0002821758765166442,21,210,5466.669576889541,231.5872973491313,5698.25687423867,0.04064177913707569
4198,21,210,1330,11,0.008270676691729323,0.0014977976234315385,0.00013616342031195805,21,210,5483.356195212202,200.1512558384378,5683.5074510506365,0.03521615086498012
4199,21,210,1330,18,0.013533834586466165,0.00630479922280606,0.00035026662348922554,21,210,5517.854040185348,210.30999350095448,5728.1640336863,0.036715078734505385
4200,21,210,1330,10,0.007518796992481203,0.007116862015682442,0.0007116862015682443,21,210,5454.377546028612,185.409533217664,5639.787079246273,0.03287527181654577
4201,21,210,1330,9,0.006766917293233083,0.0012263327124845708,0.00013625919027606344,21,210,5537.325999640328,201.112878884275,5738.438878524604,0.035046618626002106
4202,21,210,1330,19,0.014285714285714285,0.0020850363139386856,0.00010973875336519397,21,210,5585.832392927556,214.34784172722607,5800.180234654782,0.03695537604961749
4203,21,210,1330,18,0.013533834586466165,0.0030191463379991047,0.00016773035211106139,21,210,5473.180599828229,183.29410040036288,5656.474700228595,0.03240429951767581
4204,21,210,1330,13,0.009774436090225564,0.0011814439268349047,9.088030206422344e-05,21,210,5569.807570948628,208.46852944772655,5778.276100396355,0.03607797997631627
4205,21,210,1330,23,0.017293233082706767,0.011555372779840097,0.0005024075121669607,21,210,5469.066127059619,223.1229478043667,5692.1890748639835,0.039198091431932675
4206,21,210,1330,23,0.017293233082706767,0.006300571989223368,0.000273937912574929,21,210,5346.403852676907,191.59965624234314,5538.003508919246,0.03459724356146792
4207,21,210,1330,6,0.004511278195488722,0.00048507384553046507,8.084564092174419e-05,21,210,5533.216554657449,199.3499975273702,5732.566552184819,0.0347749992455636
4208,21,210,1330,12,0.009022556390977444,0.0038956037403425634,0.0003246336450285469,21,210,5473.768591165842,191.40006820101434,5665.168659366855,0.033785413940774965
4209,21,210,1330,8,0.006015037593984963,0.0017713671168756398,0.000221420889609455,21,210,5609.714512177417,175.3821655761514,5785.096677753565,0.03031620305509826
4210,21,210,1330,22,0.016541353383458645,0.011456768539716443,0.0005207622063507475,21,210,5446.8443524223585,190.492688594316,5637.337041016672,0.03379125413440978
4211,21,210,1330,11,0.008270676691729323,0.003932842455879319,0.0003575311323526653,21,210,5534.689984078259,212.20075824344008,5746.890742321697,0.03692444623676849
4212,21,210,1330,5,0.0037593984962406013,0.00027978839427663093,5.595767885532619e-05,21,210,5417.623431061338,196.1489647082932,5613.772395769627,0.03494066928258532
4213,21,210,1330,10,0.007518796992481203,0.00018064361212502571,1.8064361212502575e-05,21,210,5488.217627473492,201.25004141489075,5689.467668888378,0.03537238510298301
4214,21,210,1330,15,0.011278195488721804,0.0029281605582690226,0.00019521070388460153,21,210,5550.843506171192,179.26816132291032,5730.111667494095,0.03128528233400175
4215,21,210,1330,23,0.017293233082706767,0.01723984135313221,0.0007495583197014004,21,210,5325.261702090829,199.28547857397405,5524.5471806648,0.03607272633519131
4216,21,210,1330,15,0.011278195488721804,0.004121245974880082,0.0002747497316586721,21,210,5375.042969812854,208.8773509888244,5583.920320801675,0.037406936164668655
4217,21,210,1330,5,0.0037593984962406013,0.000760806055603107,0.00015216121112062141,21,210,5355.403979265051,191.82055118966701,5547.224530454714,0.03457955417823032
4218,21,210,1330,15,0.011278195488721804,0.00902533950624821,0.0006016893004165472,21,210,5404.511429712606,174.72516758585567,5579.236597298463,0.031317038547972645
4219,21,210,1330,14,0.010526315789473684,0.001918091837304872,0.00013700655980749085,21,210,5328.600553684222,217.6442172775166,5546.244770961737,0.03924172593626378
4220,21,210,1330,13,0.009774436090225564,0.005527156351090339,0.00042516587316079527,21,210,5300.768228691577,231.71676488949225,5532.484993581069,0.0418829450343446
4221,21,210,1330,20,0.015037593984962405,0.00404517441669443,0.00020225872083472156,21,210,5407.2053334984375,200.4973747168175,5607.702708215259,0.03575392369197635
4222,21,210,1330,11,0.008270676691729323,0.0022892740529626278,0.0002081158229966025,21,210,5432.8215514753265,209.27779274422224,5642.099344219546,0.037092185014188365
4223,21,210,1330,10,0.007518796992481203,0.0039066944336186545,0.00039066944336186546,21,210,5555.422687924754,205.69508582371145,5761.117773748461,0.035704023750564
4224,21,210,1330,18,0.013533834586466165,0.007263026078545718,0.0004035014488080955,21,210,5383.331635381501,175.6407096550904,5558.972345036592,0.031595895563667216
4225,21,210,1330,18,0.013533834586466165,0.00278774873246731,0.00015487492958151723,21,210,5308.49956509414,169.30992359403064,5477.8094886881745,0.03090832639281454
4226,21,210,1330,24,0.01804511278195489,0.010964479305930306,0.00045685330441376276,21,210,5615.20619286801,213.53006722633944,5828.736260094345,0.03663402454632305
4227,21,210,1330,10,0.007518796992481203,0.0007593545629473495,7.593545629473496e-05,21,210,5384.4731016356745,184.02551797673635,5568.49861961241,0.03304760053788884
4228,21,210,1330,15,0.011278195488721804,0.0009901702758144458,6.601135172096304e-05,21,210,5375.420809277618,190.96726695656884,5566.388076234183,0.034307214003261435
4229,21,210,1330,4,0.0030075187969924814,0.00046653046059811785,0.00011663261514952946,21,210,5524.008935109558,198.42043925067225,5722.429374360227,0.03467416131681937
4230,21,210,1330,17,0.012781954887218045,0.007260312940753676,0.00042707723180903984,21,210,5651.908118571006,213.15431167560394,5865.062430246611,0.03634305929572881
4231,21,210,1330,6,0.004511278195488722,0.001621163530501046,0.00027019392175017435,21,210,5279.571123235777,198.65801312260544,5478.229136358381,0.03626318070635909
4232,21,210,1330,22,0.016541353383458645,0.005579335266845445,0.0002536061484929747,21,210,5591.99224562796,222.58705992511187,5814.579305553065,0.03828085373477249
4233,21,210,1330,11,0.008270676691729323,0.0016377733233102184,0.0001488884839372926,21,210,5345.375856543853,164.48600362375004,5509.861860167599,0.029853017697751626
4234,21,210,1330,10,0.007518796992481203,0.003331717612092734,0.0003331717612092734,21,210,5467.805757536262,188.7109567124079,5656.516714248665,0.03336168993137567
4235,21,210,1330,13,0.009774436090225564,0.009250192069293107,0.0007115532360994698,21,210,5357.12082295936,206.54639253480718,5563.6672154941625,0.037124145736035334
4236,21,210,1330,13,0.009774436090225564,0.004169372550978855,0.0003207209654599119,21,210,5508.142017159758,222.29397654631242,5730.435993706071,0.03879180864954522
4237,21,210,1330,28,0.021052631578947368,0.00832244298691462,0.0002972301066755221,21,210,5246.31508067818,204.14428056522883,5450.459361243409,0.0374545092505116
4238,21,210,1330,24,0.01804511278195489,0.020425445703610746,0.0008510602376504478,21,210,5426.233503459026,243.6987403960927,5669.9322438551135,0.04298089111385862
4239,21,210,1330,12,0.009022556390977444,0.0034563567857523758,0.00028802973214603133,21,210,5467.436717010847,202.6876419201812,5670.124358931027,0.035746595504722464
4240,21,210,1330,12,0.009022556390977444,0.001078404688516988,8.986705737641567e-05,21,210,5391.9774469858385,198.46921207121204,5590.446659057047,0.0355014946345429
4241,21,210,1330,15,0.011278195488721804,0.012636134583791783,0.0008424089722527857,21,210,5415.138273574304,195.68614794984234,5610.824421524145,0.03487654099443116
4242,21,210,1330,14,0.010526315789473684,0.0025235286176401917,0.00018025204411715656,21,210,5272.177589608273,213.87107977714396,5486.048669385413,0.038984539267877726
4243,21,210,1330,16,0.012030075187969926,0.005001871825471931,0.0003126169890919957,21,210,5530.68364995127,217.36071237265878,5748.0443623239335,0.03781472422122711
4244,21,210,1330,16,0.012030075187969926,0.0030095099124254863,0.0001880943695265929,21,210,5305.197966179223,217.6959821223533,5522.893948301571,0.039417012921151656
4245,21,210,1330,12,0.009022556390977444,0.0019122290856442056,0.00015935242380368377,21,210,5321.4485272262045,182.5401371806384,5503.98866440684,0.033165064158123696
4246,21,210,1330,20,0.015037593984962405,0.018852354138310698,0.0009426177069155348,21,210,5403.122133550014,227.73349996043342,5630.855633510443,0.04044385343590448
4247,21,210,1330,19,0.014285714285714285,0.012194035710605818,0.0006417913531897799,21,210,5418.940544414133,202.2465969178453,5621.187141331978,0.03597933885366457
4248,21,210,1330,23,0.017293233082706767,0.004390105599042106,0.00019087415648009155,21,210,5392.719539334948,212.26687643253138,5604.98641576748,0.03787107776664719
4249,21,210,1330,39,0.029323308270676692,0.011340154811578644,0.00029077320029688837,21,210,5378.4185178648695,184.78745558312667,5563.2059734479935,0.03321600107295652
4250,21,210,1330,26,0.019548872180451128,0.010821449788475813,0.00041620960724906967,21,210,5223.323647533879,221.62576561657744,5444.949413150459,0.040702998099727855
4251,21,210,1330,22,0.016541353383458645,0.00582193958261678,0.00026463361739167187,21,210,5667.579215572155,211.07201570600927,5878.65123127816,0.03590483724956705
4252,21,210,1330,9,0.006766917293233083,0.0026735301348312286,0.0002970589038701365,21,210,5423.293145562824,173.9534987598709,5597.246644322691,0.031078405118400956
4253,21,210,1330,18,0.013533834586466165,0.006881740450961952,0.00038231891394233065,21,210,5362.782500916084,221.41964935907953,5584.202150275161,0.0396510805663024
4254,21,210,1330,16,0.012030075187969926,0.0024877390441373523,0.00015548369025858455,21,210,5377.837166037591,195.04928193954214,5572.886447977132,0.03499968710296293
4255,21,210,1330,22,0.016541353383458645,0.002254433110706341,0.00010247423230483372,21,210,5305.920234885776,206.44038813852276,5512.360623024299,0.037450450407081934
4256,21,210,1330,12,0.009022556390977444,0.0029366001012222065,0.00024471667510185053,21,210,5447.273901561626,236.4109089088517,5683.684810470474,0.04159465501558706
4257,21,210,1330,19,0.014285714285714285,0.01437099421533169,0.0007563681165964047,21,210,5589.476355810413,206.11060872537072,5795.586964535784,0.03556337088660696
4258,21,210,1330,18,0.013533834586466165,0.004467648414160498,0.00024820268967558324,21,210,5402.857191262263,195.20373696313038,5598.060928225386,0.034869884316355765
4259,21,210,1330,16,0.012030075187969926,0.005504389996913366,0.0003440243748070854,21,210,5339.756777776636,181.38130778025703,5521.138085556891,0.03285215927758524
4260,21,210,1330,22,0.016541353383458645,0.004561366670547293,0.00020733484866124058,21,210,5482.727119980933,226.8170473697133,5709.544167350645,0.03972594671685698
4261,21,210,1330,16,0.012030075187969926,0.003541327236542709,0.00022133295228391934,21,210,5375.248970205981,208.84310401643347,5584.092074222415,0.03739965266341259
4262,21,210,1330,15,0.011278195488721804,0.009072666125284462,0.0006048444083522974,21,210,5502.129480394968,193.36137076942993,5695.490851164396,0.033949904551229114
4263,21,210,1330,18,0.013533834586466165,0.013693383949829562,0.0007607435527683091,21,210,5640.4948636904355,228.12257005696642,5868.6174337474,0.03887160351348699
4264,21,210,1330,16,0.012030075187969926,0.005422066040161174,0.0003388791275100734,21,210,5494.213850641961,188.81269956716352,5683.026550209119,0.033223969288022376
4265,21,210,1330,13,0.009774436090225564,0.002736755536752639,0.0002105196566732799,21,210,5573.4966575122235,214.1719944834386,5787.668651995657,0.037004881820521904
4266,21,210,1330,19,0.014285714285714285,0.0031065541685378947,0.00016350285097567864,21,210,5301.432776504427,208.76731293597584,5510.200089440402,0.03788742868631066
4267,21,210,1330,23,0.017293233082706767,0.00269759172259912,0.00011728659663474436,21,210,5466.342226946919,232.80734502098488,5699.149571967905,0.04084948852124914
4268,21,210,1330,12,0.009022556390977444,0.003944183342189897,0.0003286819451824914,21,210,5287.4794225116975,182.31861247316414,5469.79803498486,0.033331872823649654
4269,21,210,1330,16,0.012030075187969926,0.003453579581564907,0.0002158487238478067,21,210,5513.756195639235,181.4496149634273,5695.205810602659,0.031860062831377566
4270,21,210,1330,18,0.013533834586466165,0.009754463171330505,0.0005419146206294725,21,210,5363.4238121713415,205.24897825762145,5568.672790428959,0.03685779107193888
4271,21,210,1330,15,0.011278195488721804,0.007985072772364415,0.0005323381848242945,21,210,5461.30824355864,204.58636690128964,5665.894610459927,0.03610839610810947
4272,21,210,1330,27,0.02030075187969925,0.008306169874973415,0.0003076359212953117,21,210,5424.1465265567895,215.29072391873532,5639.437250475524,0.03817592329812372
4273,21,210,1330,8,0.006015037593984963,0.00404601970397828,0.000505752462997285,21,210,5548.963853637913,212.55591973337448,5761.519773371287,0.036892335372304005
4274,21,210,1330,11,0.008270676691729323,0.004024366911187835,0.0003658515373807123,21,210,5432.894945996605,210.85203444717428,5643.746980443777,0.03736029187307661
4275,21,210,1330,15,0.011278195488721804,0.0040718790195314394,0.00027145860130209603,21,210,5210.646528594607,199.92263195872425,5410.569160553327,0.03695038840207314
4276,21,210,1330,15,0.011278195488721804,0.00687123637995014,0.0004580824253300093,21,210,5489.970953795361,207.9641734003277,5697.935127195688,0.03649816446799034
4277,21,210,1330,24,0.01804511278195489,0.018912130743468297,0.0007880054476445125,21,210,5182.604822442889,224.69447344182495,5407.2992958847135,0.0415539183512241
4278,21,210,1330,17,0.012781954887218045,0.008453856724641162,0.0004972856896847741,21,210,5391.060084921289,223.750020319594,5614.810105240881,0.039849971081078066
4279,21,210,1330,15,0.011278195488721804,0.003187637546878251,0.00021250916979188335,21,210,5553.834764364718,211.60430997914483,5765.439074343861,0.03670220207872487
4280,21,210,1330,11,0.008270676691729323,0.0038797165628135636,0.00035270150571032396,21,210,5445.058960245538,209.4826622259119,5654.541622471448,0.03704679816900042
4281,21,210,1330,24,0.01804511278195489,0.008319899070337786,0.00034666246126407443,21,210,5462.3313197255675,193.81578260708338,5656.147102332653,0.03426639708984085
4282,21,210,1330,14,0.010526315789473684,0.005037724645720693,0.0003598374746943352,21,210,5566.506214985686,190.36954797869015,5756.875762964377,0.033068205015538414
4283,21,210,1330,23,0.017293233082706767,0.006903562386105948,0.00030015488635243254,21,210,5625.57141084005,221.81312068235346,5847.384531522404,0.0379337325066602
4284,21,210,1330,4,0.0030075187969924814,0.0006802563536515519,0.00017006408841288798,21,210,5510.989343342555,212.35740271476774,5723.346746057321,0.03710371084209702
4285,21,210,1330,21,0.015789473684210527,0.005752374468625066,0.00027392259374405074,21,210,5430.657067587905,189.7171659639012,5620.3742335518,0.03375525509161857
4286,21,210,1330,12,0.009022556390977444,0.005180259039077333,0.0004316882532564444,21,210,5554.7311102598105,193.2279479467041,5747.959058206512,0.033616792671970666
4287,21,210,1330,14,0.010526315789473684,0.006502071352261071,0.00046443366801864793,21,210,5429.065390699627,216.27669877184277,5645.342089471466,0.03831064536818729
4288,21,210,1330,17,0.012781954887218045,0.006197527673814455,0.0003645604514008503,21,210,5561.006223526425,224.64595577403188,5785.652179300454,0.03882811285783065
4289,21,210,1330,16,0.012030075187969926,0.011596393240999092,0.0007247745775624433,21,210,5488.349116916204,222.9143313591783,5711.263448275378,0.03903065116467205
4290,21,210,1330,8,0.006015037593984963,0.0017709447451967116,0.00022136809314958895,21,210,5335.7505197591245,192.4452181878123,5528.195737946937,0.034811578191202515
4291,21,210,1330,14,0.010526315789473684,0.005269446801470759,0.00037638905724791136,21,210,5389.312297125792,242.847111290336,5632.159408416128,0.04311793997297908
4292,21,210,1330,9,0.006766917293233083,0.0026283719165538307,0.00029204132406153676,21,210,5590.572799784799,187.63711696556032,5778.20991675036,0.032473226080212504
4293,21,210,1330,18,0.013533834586466165,0.01672089106690353,0.0009289383926057516,21,210,5451.819601840225,216.5339764422631,5668.353578282487,0.03820050627608748
4294,21,210,1330,15,0.011278195488721804,0.008506786887415308,0.0005671191258276872,21,210,5439.73468789416,215.9072198316652,5655.641907725821,0.03817554635782859
4295,21,210,1330,10,0.007518796992481203,0.003492866552227871,0.0003492866552227871,21,210,5544.048552682365,225.2615064444339,5769.310059126798,0.03904479116841363
4296,21,210,1330,29,0.02180451127819549,0.008765876431121209,0.00030227160107314515,21,210,5480.156657781336,203.25241730340127,5683.409075084732,0.03576241206962057
4297,21,210,1330,19,0.014285714285714285,0.005469820800328876,0.0002878853052804672,21,210,5486.383693551754,197.5589951869798,5683.942688738729,0.034757386906520395
4298,21,210,1330,21,0.015789473684210527,0.004876445568692603,0.0002322116937472668,21,210,5290.166657079049,185.89611249601245,5476.062769575063,0.0339470382861294
4299,21,210,1330,10,0.007518796992481203,0.003237356824155632,0.0003237356824155632,21,210,5413.59706543106,189.8709881940822,5603.468053625142,0.033884549064439815
4300,21,210,1330,15,0.011278195488721804,0.0056404300200492774,0.0003760286680032851,21,210,5429.90628815285,187.56062922649386,5617.4669173793445,0.03338882666958268
4301,21,210,1330,7,0.005263157894736842,0.013169272467205145,0.0018813246381721635,21,210,5646.435494792265,205.95895034642103,5852.394445138689,0.03519225374795124
4302,21,210,1330,15,0.011278195488721804,0.0027396415278786277,0.00018264276852524188,21,210,5365.479437688633,198.39173447279651,5563.871172161427,0.03565714020580498
4303,21,210,1330,18,0.013533834586466165,0.004483542585325468,0.00024908569918474826,21,210,5328.787603200282,186.72417894108798,5515.5117821413705,0.03385437042228441
4304,21,210,1330,14,0.010526315789473684,0.0011602568702216668,8.287549073011905e-05,21,210,5339.8214675513855,202.27474440002524,5542.09621195141,0.03649787673548939
4305,21,210,1330,26,0.019548872180451128,0.006316896400439993,0.00024295755386307663,21,210,5436.363831886276,188.8014172017585,5625.165249088031,0.03356371036964071
4306,21,210,1330,23,0.017293233082706767,0.009532361760041488,0.0004144505113061516,21,210,5479.900640451346,192.59561921430964,5672.496259665649,0.03395253348755169
4307,21,210,1330,21,0.015789473684210527,0.006098879576225895,0.0002904228369631378,21,210,5295.914396091642,222.3649322955223,5518.2793283871615,0.04029606314990824
4308,21,210,1330,8,0.006015037593984963,0.0013150072008045036,0.00016437590010056293,21,210,5402.928118020219,163.39907200651808,5566.327190026733,0.029354916882946176
4309,21,210,1330,12,0.009022556390977444,0.0022838620864533967,0.00019032184053778306,21,210,5535.8281287697155,194.73552488842597,5730.563653658138,0.03398191463489206
4310,21,210,1330,12,0.009022556390977444,0.007880366918596879,0.0006566972432164066,21,210,5371.187159139661,192.9350670063434,5564.122226146004,0.03467484342808553
4311,21,210,1330,17,0.012781954887218045,0.0014333369672514138,8.431393925008316e-05,21,210,5441.831248162552,200.6223488506672,5642.453597013215,0.03555587040305745
4312,21,210,1330,8,0.006015037593984963,0.006210385425846298,0.0007762981782307873,21,210,5565.046496933546,187.61208710713782,5752.658584040677,0.03261310998494174
4313,21,210,1330,7,0.005263157894736842,0.001218945380555489,0.00017413505436506989,21,210,5468.719900311946,201.85259103158276,5670.572491343524,0.03559651011246626
4314,21,210,1330,10,0.007518796992481203,0.0012206808425724992,0.00012206808425724992,21,210,5534.557495432946,223.86986208837422,5758.427357521316,0.03887690999452632
4315,21,210,1330,24,0.01804511278195489,0.008261369901370202,0.00034422374589042505,21,210,5496.3605320187,213.01692011818238,5709.377452136878,0.03731000829844512
4316,21,210,1330,23,0.017293233082706767,0.012988478667024421,0.0005647164637836704,21,210,5673.042564281484,206.45726778860768,5879.49983207009,0.03511476718860913
4317,21,210,1330,24,0.01804511278195489,0.008576349278154344,0.0003573478865897643,21,210,5533.092358656642,211.90361459773922,5744.995973254378,0.036884902197364254
4318,21,210,1330,27,0.02030075187969925,0.011652225470546644,0.0004315639063165423,21,210,5466.222769074331,212.67864474992666,5678.9014138242555,0.03745066681950123
4319,21,210,1330,18,0.013533834586466165,0.009731042003119646,0.0005406134446177582,21,210,5504.807906997303,200.41624244691278,5705.224149444218,0.035128548361493664
4320,21,210,1330,13,0.009774436090225564,0.0047305377036456426,0.0003638875156650495,21,210,5520.556404814388,216.62649065377067,5737.182895468154,0.037758337950997804
4321,21,210,1330,11,0.008270676691729323,0.0030799047295537616,0.000279991339050342,21,210,5463.142019245117,205.8683240201029,5669.010343265222,0.036314684848771574
4322,21,210,1330,17,0.012781954887218045,0.0037246556033373175,0.00021909738843160689,21,210,5441.431013953041,194.76926476472306,5636.200278717767,0.03455683885119728
4323,21,210,1330,22,0.016541353383458645,0.004182232645664661,0.00019010148389384822,21,210,5231.770576790689,207.95368771204903,5439.724264502733,0.03822871851594833
4324,21,210,1330,10,0.007518796992481203,0.0028239973560081765,0.00028239973560081764,21,210,5639.25470727918,265.77613748344135,5905.030844762621,0.045008424929594996
4325,21,210,1330,14,0.010526315789473684,0.002148825472973386,0.0001534875337838133,21,210,5248.4909840962955,204.70639762929048,5453.197381725586,0.037538783817965174
4326,21,210,1330,22,0.016541353383458645,0.0038093582000741266,0.00017315264545791483,21,210,5496.202522025842,213.52112424735662,5709.723646273196,0.03739605232675742
4327,21,210,1330,20,0.015037593984962405,0.004570025620895276,0.0002285012810447638,21,210,5407.928890906058,193.6033045112751,5601.532195417333,0.034562562127137965
4328,21,210,1330,20,0.015037593984962405,0.004860743381495175,0.00024303716907475873,21,210,5398.468415950827,176.47839585988254,5574.946811810705,0.03165561965290994
4329,21,210,1330,21,0.015789473684210527,0.007757256395767511,0.0003693931617032148,21,210,5432.283738373515,200.29073077496452,5632.574469148479,0.035559357780713736
4330,21,210,1330,3,0.002255639097744361,0.0001726584605544359,5.755282018481197e-05,21,210,5461.841266928906,209.2417801146379,5671.0830470435385,0.03689626450166698
4331,21,210,1330,10,0.007518796992481203,0.0032289295753226786,0.00032289295753226786,21,210,5307.17076809599,209.33016655400468,5516.500934649989,0.03794618527827481
4332,21,210,1330,14,0.010526315789473684,0.0024381826420151855,0.00017415590300108472,21,210,5401.165408495555,218.5404422846559,5619.705850780209,0.03888823509406902
4333,21,210,1330,12,0.009022556390977444,0.004582337015333959,0.0003818614179444966,21,210,5463.445748810971,217.3663997581009,5680.8121485690735,0.03826326132133287
4334,21,210,1330,8,0.006015037593984963,0.0007146199179499146,8.932748974373932e-05,21,210,5202.025295656014,186.71903702369903,5388.744332679709,0.034649822945088136
4335,21,210,1330,17,0.012781954887218045,0.00537221041582862,0.00031601237740168354,21,210,5473.36523569116,209.6753582234227,5683.040593914579,0.0368949253059962
4336,21,210,1330,15,0.011278195488721804,0.005762046451367474,0.0003841364300911649,21,210,5363.979447734047,221.47844543933428,5585.457893173381,0.03965269270224525
4337,21,210,1330,12,0.009022556390977444,0.002372097572302071,0.00019767479769183924,21,210,5490.698174386765,226.81387082543972,5717.512045212199,0.039670029381988256
4338,21,210,1330,14,0.010526315789473684,0.004269898233814523,0.0003049927309867516,21,210,5252.661980950728,203.90127419817026,5456.5632551488925,0.03736807669291949
4339,21,210,1330,11,0.008270676691729323,0.0025646406005800123,0.0002331491455072738,21,210,5365.215230715798,215.14551115977446,5580.360741875567,0.038554050734623965
4340,21,210,1330,15,0.011278195488721804,0.004949799888613795,0.00032998665924091966,21,210,5508.448412025378,212.40823738136808,5720.8566494067445,0.037128746689255865
4341,21,210,1330,11,0.008270676691729323,0.0012197871270773306,0.00011088973882521187,21,210,5621.393178007024,225.2247711474463,5846.617949154466,0.03852223167412848
4342,21,210,1330,25,0.018796992481203006,0.007886411231190283,0.0003154564492476113,21,210,5470.145972483393,210.79690472933606,5680.942877212726,0.037105971541252426
4343,21,210,1330,11,0.008270676691729323,0.0018602126293215128,0.00016911023902922847,21,210,5469.601708251659,199.62944342942288,5669.231151681084,0.03521278954558542
4344,21,210,1330,16,0.012030075187969926,0.011092518344312562,0.0006932823965195351,21,210,5528.681101893411,233.4295784988887,5762.1106803922985,0.0405111236917435
4345,21,210,1330,13,0.009774436090225564,0.0018828322414839696,0.00014483324934492074,21,210,5504.074055579675,198.2574198589867,5702.331475438655,0.03476778239092733
4346,21,210,1330,8,0.006015037593984963,0.004342536935577607,0.0005428171169472009,21,210,5534.448715396957,191.6691858925156,5726.117901289466,0.033472797660934216
4347,21,210,1330,12,0.009022556390977444,0.0009322556655502977,7.768797212919148e-05,21,210,5458.759212557654,196.92695535686568,5655.686167914519,0.034819286203336255
4348,21,210,1330,11,0.008270676691729323,0.0015880594100742594,0.00014436903727947813,21,210,5385.76216932856,202.93368478865992,5588.695854117214,0.03631145621194574
4349,21,210,1330,6,0.004511278195488722,0.004675663995334579,0.0007792773325557631,21,210,5611.891579945041,214.43765122145734,5826.329231166497,0.03680493201008562
4350,21,210,1330,22,0.016541353383458645,0.008375894810118589,0.0003807224913690267,21,210,5565.080541666692,221.14242596240126,5786.22296762909,0.038218787488760494
4351,21,210,1330,16,0.012030075187969926,0.004686072938908932,0.00029287955868180824,21,210,5372.644046082885,186.7760139427429,5559.42006002563,0.0335963125516876
4352,21,210,1330,23,0.017293233082706767,0.003778566243170308,0.0001642854888334917,21,210,5314.637909240727,231.07027969994766,5545.708188940676,0.041666505309592566
4353,21,210,1330,19,0.014285714285714285,0.004483758242294953,0.00023598727591026073,21,210,5360.007838248033,206.58981106976356,5566.597649317799,0.03711240224000772
4354,21,210,1330,17,0.012781954887218045,0.0032151760426043317,0.00018912800250613717,21,210,5447.938825895113,192.3463806513564,5640.2852065464685,0.03410224370003615
4355,21,210,1330,24,0.01804511278195489,0.012231049324324044,0.0005096270551801685,21,210,5683.600906532341,242.3597278272225,5925.96063435956,0.04089796452949526
4356,21,210,1330,23,0.017293233082706767,0.01138128707280708,0.0004948385683829165,21,210,5487.8532702905895,218.58783568723132,5706.441105977817,0.03830545722416171
4357,21,210,1330,21,0.015789473684210527,0.0038191063269371324,0.00018186220604462532,21,210,5346.935387404489,182.06253864823836,5528.997926052725,0.03292866828369691
4358,21,210,1330,24,0.01804511278195489,0.005103921943225127,0.00021266341430104698,21,210,5474.63252176391,195.93205223086932,5670.564573994776,0.03455247703719207
4359,21,210,1330,18,0.013533834586466165,0.004729163302312698,0.00026273129457292767,21,210,5438.14078696616,199.4666963718616,5637.607483338016,0.03538144451549467
4360,21,210,1330,7,0.005263157894736842,0.004474302594713283,0.0006391860849590405,21,210,5576.200776608366,210.0381372499418,5786.238913858304,0.03629959640050309
4361,21,210,1330,13,0.009774436090225564,0.006773149893386716,0.0005210115302605165,21,210,5478.456888236951,224.57247919945388,5703.029367436401,0.03937775254704723
4362,21,210,1330,12,0.009022556390977444,0.001060492271498759,8.837435595822991e-05,21,210,5432.287036803325,216.8224789194373,5649.109515722761,0.038381709243903106
4363,21,210,1330,19,0.014285714285714285,0.010577941594407534,0.0005567337681267123,21,210,5453.6428314725745,216.227710652422,5669.870542124998,0.0381362694343604
4364,21,210,1330,7,0.005263157894736842,0.0008873314131333548,0.0001267616304476221,21,210,5457.364786760014,208.6709871979971,5666.03577395801,0.03682839211095026
4365,21,210,1330,24,0.01804511278195489,0.007176349764063388,0.00029901457350264116,21,210,5564.645922273384,219.29650269944025,5783.942424972816,0.03791471051865993
4366,21,210,1330,14,0.010526315789473684,0.0037130471791764694,0.00026521765565546215,21,210,5440.85703860098,196.62696073191603,5637.483999332893,0.03487849557625063
4367,21,210,1330,17,0.012781954887218045,0.006938149615465308,0.0004081264479685475,21,210,5416.425380558972,209.8659745453548,5626.291355104327,0.03730094325011423
4368,21,210,1330,5,0.0037593984962406013,0.0009146488737360919,0.00018292977474721842,21,210,5448.852183116844,223.94317466173675,5672.795357778577,0.03947668839396159
4369,21,210,1330,19,0.014285714285714285,0.00929404114303181,0.0004891600601595689,21,210,5513.307390314915,231.2111302541861,5744.5185205691,0.0402490007519865
4370,21,210,1330,17,0.012781954887218045,0.0055349075943164645,0.0003255827996656744,21,210,5488.273211571284,194.03198749125448,5682.305199062541,0.034146702912625254
4371,21,210,1330,26,0.019548872180451128,0.004707556631176462,0.00018105987042986394,21,210,5376.669772362741,191.53289531542538,5568.202667678166,0.034397615666401544
4372,21,210,1330,18,0.013533834586466165,0.004310151779690173,0.00023945287664945398,21,210,5397.32543955428,177.16540476127562,5574.4908443155555,0.03178145048743519
4373,21,210,1330,13,0.009774436090225564,0.005365483413392802,0.00041272949333790777,21,210,5544.2420825597255,217.7414782784137,5761.983560838138,0.03778932653649241
4374,21,210,1330,9,0.006766917293233083,0.002683138212380133,0.000298126468042237,21,210,5601.643400198051,206.31599790130218,5807.95939809935,0.035522975241324674
4375,21,210,1330,12,0.009022556390977444,0.010755993431588465,0.0008963327859657054,21,210,5204.949714861312,188.92884923285547,5393.878564094164,0.03502652997983905
4376,21,210,1330,9,0.006766917293233083,0.008574410121672987,0.000952712235741443,21,210,5345.675321282935,206.48766309762937,5552.162984380566,0.037190490206884017
4377,21,210,1330,10,0.007518796992481203,0.0018621951995435337,0.00018621951995435336,21,210,5702.182788532001,182.52415596520513,5884.706944497204,0.03101669423587587
4378,21,210,1330,18,0.013533834586466165,0.0036560940577693908,0.00020311633654274393,21,210,5431.882049444145,190.70270660103532,5622.58475604518,0.033917266679884074
4379,21,210,1330,18,0.013533834586466165,0.0027891285006220535,0.00015495158336789185,21,210,5394.235949982164,222.87466280020078,5617.110612782368,0.039677812698404834
4380,21,210,1330,20,0.015037593984962405,0.004152922547385904,0.0002076461273692952,21,210,5455.209868198141,197.17688047838803,5652.386748676525,0.03488382682316561
4381,21,210,1330,29,0.02180451127819549,0.0056227133266553726,0.00019388666643639218,21,210,5395.979422093709,194.65309998388807,5590.632522077598,0.03481772397223326
4382,21,210,1330,24,0.01804511278195489,0.016294289224483532,0.0006789287176868138,21,210,5380.755070833455,216.15032849777478,5596.905399331229,0.038619614425429175
4383,21,210,1330,16,0.012030075187969926,0.0037907445911480884,0.00023692153694675552,21,210,5515.711901029088,214.4229250031375,5730.134826032225,0.03742022334780079
4384,21,210,1330,15,0.011278195488721804,0.008367433521873762,0.0005578289014582508,21,210,5587.48400244206,218.90342787206134,5806.387430314118,0.03770045152846767
4385,21,210,1330,17,0.012781954887218045,0.00844805233761655,0.0004969442551539147,21,210,5712.491234526288,199.5417864600459,5912.033020986333,0.033751805132298696
4386,21,210,1330,16,0.012030075187969926,0.0013839009279460561,8.649380799662851e-05,21,210,5377.820714382287,189.54184350189655,5567.362557884186,0.03404517696327825
4387,21,210,1330,17,0.012781954887218045,0.005031543939122907,0.0002959731728895828,21,210,5368.857270101861,196.41439218742835,5565.271662289289,0.035292866926577446
4388,21,210,1330,12,0.009022556390977444,0.0048950007339098175,0.0004079167278258182,21,210,5496.921511597218,183.1631096085036,5680.084621205723,0.03224654592727233
4389,21,210,1330,13,0.009774436090225564,0.00648847032442985,0.0004991131018792193,21,210,5454.857959457609,224.13586543914215,5678.993824896748,0.039467531106747986
4390,21,210,1330,12,0.009022556390977444,0.003501071992803756,0.000291755999400313,21,210,5365.197257116151,197.76771421338952,5562.96497132954,0.03555077467369408
4391,21,210,1330,23,0.017293233082706767,0.012671529581792807,0.0005509360687736002,21,210,5426.617429520591,223.72796009018612,5650.3453896107785,0.0395954485369252
4392,21,210,1330,25,0.018796992481203006,0.006744744829744573,0.00026978979318978294,21,210,5347.182566702144,188.42204453687705,5535.6046112390195,0.03403820499649144
4393,21,210,1330,19,0.014285714285714285,0.0030729246426132594,0.00016173287592701366,21,210,5496.701515806394,172.27894858907297,5668.980464395464,0.03038975873547038
4394,21,210,1330,11,0.008270676691729323,0.0032237715700709738,0.0002930701427337249,21,210,5562.161763026064,181.47587527443886,5743.637638300504,0.03159598266859608
4395,21,210,1330,23,0.017293233082706767,0.021851468152522868,0.0009500638327183856,21,210,5389.093375853841,240.17654203250498,5629.269917886346,0.042665664559692215
4396,21,210,1330,15,0.011278195488721804,0.0020371410224539616,0.00013580940149693078,21,210,5500.841380431977,228.23472214106033,5729.0761025730335,0.03983796305979526
4397,21,210,1330,13,0.009774436090225564,0.00180029431451184,0.00013848417803937228,21,210,5400.28611491168,219.1546646843192,5619.4407795960005,0.038999372585269046
4398,21,210,1330,12,0.009022556390977444,0.003291888324877529,0.0002743240270731274,21,210,5381.103644583737,202.69393697924158,5583.797581562979,0.036300373360329596
4399,21,210,1330,16,0.012030075187969926,0.005740382568598958,0.0003587739105374349,21,210,5569.893737428616,187.3678954344745,5757.261632863092,0.03254462058228475
4400,21,210,1330,21,0.015789473684210527,0.012565605278075974,0.0005983621560988558,21,210,5472.873647889086,220.69767299558885,5693.571320884666,0.03876260795856631
4401,21,210,1330,11,0.008270676691729323,0.005887796557674748,0.0005352542325158863,21,210,5397.7267465291025,193.3290569771146,5591.055803506219,0.034578273544663175
4402,21,210,1330,15,0.011278195488721804,0.004297929673351584,0.00028652864489010565,21,210,5358.841700600889,190.44292321102608,5549.284623811917,0.03431846375185689
4403,21,210,1330,14,0.010526315789473684,0.0025147031914383453,0.00017962165653131042,21,210,5604.787093986488,186.2410716999152,5791.028165686397,0.0321602773067916
4404,21,210,1330,27,0.02030075187969925,0.008325932564661076,0.00030836787276522504,21,210,5276.710103743888,209.02371227316297,5485.733816017046,0.038103145227875106
4405,21,210,1330,10,0.007518796992481203,0.0072977350648587265,0.0007297735064858726,21,210,5377.783339080468,174.0156401277133,5551.798979208177,0.031344009532660026
4406,21,210,1330,14,0.010526315789473684,0.0037308600232023323,0.00026649000165730947,21,210,5499.904864913553,195.03788692583007,5694.942751839382,0.03424755882977677
4407,21,210,1330,14,0.010526315789473684,0.0035388377337128556,0.0002527741238366325,21,210,5432.804451655793,190.14661086788027,5622.951062523669,0.033816159655947545
4408,21,210,1330,14,0.010526315789473684,0.005219778941224471,0.000372841352944605,21,210,5472.389246164596,200.59701670135684,5672.98626286595,0.03536003921152044
4409,21,210,1330,37,0.027819548872180452,0.02148192880439503,0.0005805926703890549,21,210,5292.378826072792,201.0745150194533,5493.453341092242,0.03660257083015006
4410,21,210,1330,7,0.005263157894736842,0.006644263559649078,0.000949180508521297,21,210,5434.089385268862,216.8178758466736,5650.9072611155325,0.038368684147166855
4411,21,210,1330,15,0.011278195488721804,0.004596386143945537,0.00030642574292970255,21,210,5419.23830016508,193.5463647084211,5612.784664873499,0.03448312669461429
4412,21,210,1330,14,0.010526315789473684,0.0036599864827460858,0.0002614276059104347,21,210,5376.544979186718,207.05166766434212,5583.596646851058,0.03708213195899664
4413,21,210,1330,16,0.012030075187969926,0.011714727538773204,0.0007321704711733253,21,210,5471.802067745938,209.5202066847604,5681.3222744307,0.036878775144956105
4414,21,210,1330,21,0.015789473684210527,0.0063800512683216395,0.0003038119651581733,21,210,5320.651261265823,189.53249170131562,5510.183752967134,0.034396764281999816
4415,21,210,1330,14,0.010526315789473684,0.004862257268647422,0.0003473040906176731,21,210,5375.800245487431,218.8562886062292,5594.6565340936595,0.03911880689592398
4416,21,210,1330,26,0.019548872180451128,0.008981799068236436,0.000345453810316786,21,210,5279.518030332438,201.96306284452862,5481.481093176965,0.03684461542627972
4417,21,210,1330,13,0.009774436090225564,0.003146827926088832,0.00024206368662221784,21,210,5445.058881055902,190.5731515595759,5635.6320326154755,0.03381575490675384
4418,21,210,1330,8,0.006015037593984963,0.004002826373064703,0.0005003532966330879,21,210,5513.653753152674,217.48443875079698,5731.138191903468,0.037947861571030174
4419,21,210,1330,22,0.016541353383458645,0.006729456083512112,0.0003058843674323688,21,210,5381.632269737598,200.45720516177462,5582.089474899374,0.035910783240425966
4420,21,210,1330,9,0.006766917293233083,0.0023978482532733447,0.0002664275836970383,21,210,5421.862577046311,186.61099019851534,5608.473567244823,0.033273044431978746
4421,21,210,1330,21,0.015789473684210527,0.0039149784104226225,0.00018642754335345822,21,210,5538.489778244561,213.75956594715237,5752.249344191714,0.03716103964842802
4422,21,210,1330,8,0.006015037593984963,0.004594836141898691,0.0005743545177373363,21,210,5647.690851435493,195.6007176958596,5843.29156913135,0.03347440657063381
4423,21,210,1330,10,0.007518796992481203,0.002031715417789617,0.0002031715417789617,21,210,5360.2112919914525,192.72262548579914,5552.9339174772485,0.034706450382783395
4424,21,210,1330,30,0.022556390977443608,0.018643535696485938,0.0006214511898828646,21,210,5263.084634683348,215.2800794391569,5478.364714122499,0.03929641246487174
4425,21,210,1330,15,0.011278195488721804,0.003976654553725279,0.0002651103035816853,21,210,5538.558776992144,202.4920296878721,5741.050806680018,0.03527090013769986
4426,21,210,1330,21,0.015789473684210527,0.005778736967580282,0.0002751779508371563,21,210,5333.974639598857,215.3356642415876,5549.310303840441,0.03880404094407246
4427,21,210,1330,4,0.0030075187969924814,0.0008367391964008714,0.00020918479910021786,21,210,5392.140354839481,194.42971168331957,5586.5700665228,0.034803056145026885
4428,21,210,1330,12,0.009022556390977444,0.004005358959586897,0.000333779913298908,21,210,5496.067757579169,223.60352572153357,5719.6712833006995,0.03909377211490671
4429,21,210,1330,5,0.0037593984962406013,0.004729751248658844,0.0009459502497317689,21,210,5315.069068215233,187.6749720120742,5502.744040227305,0.03410570628764368
4430,21,210,1330,16,0.012030075187969926,0.009084809918087806,0.0005678006198804879,21,210,5516.7597691483625,210.2466588397049,5727.006427988061,0.036711441044002126
4431,21,210,1330,11,0.008270676691729323,0.0027785149357648646,0.00025259226688771494,21,210,5420.9172563974425,226.48224287871807,5647.3994992761545,0.04010381112718288
4432,21,210,1330,13,0.009774436090225564,0.0074020110344561255,0.0005693854641889328,21,210,5672.220267953981,223.55948442493116,5895.779752378912,0.037918561041010095
4433,21,210,1330,15,0.011278195488721804,0.0036119088902654647,0.00024079392601769766,21,210,5509.652171160083,214.49718487634576,5724.14935603643,0.037472324975264086
4434,21,210,1330,18,0.013533834586466165,0.006406478180912691,0.0003559154544951495,21,210,5320.342248417046,231.84066285804232,5552.182911275086,0.04175666878467428
4435,21,210,1330,16,0.012030075187969926,0.004852483757454353,0.00030328023484089706,21,210,5550.788734939061,216.41322062718805,5767.201955566252,0.03752482092608452
4436,21,210,1330,18,0.013533834586466165,0.0020043696716296475,0.00011135387064609153,21,210,5453.961988202096,209.34054072003693,5663.30252892213,0.03696439306410843
4437,21,210,1330,12,0.009022556390977444,0.001467535367869079,0.00012229461398908994,21,210,5378.308884531789,186.7987076606397,5565.107592192426,0.0335660550251911
4438,21,210,1330,15,0.011278195488721804,0.0025153297170956708,0.00016768864780637802,21,210,5388.730965263076,198.8548095085174,5587.58577477159,0.03558868132393837
4439,21,210,1330,25,0.018796992481203006,0.0067218078270629795,0.0002688723130825192,21,210,5441.161307769681,260.8337524876684,5701.995060257345,0.045744296466629406
4440,21,210,1330,12,0.009022556390977444,0.002409714666367397,0.00020080955553061636,21,210,5279.959124879659,174.13658259740544,5454.095707477059,0.031927672695343495
4441,21,210,1330,19,0.014285714285714285,0.006431078865059558,0.0003384778350031346,21,210,5276.914890640469,215.63549497522575,5492.550385615696,0.03925962983242688
4442,21,210,1330,31,0.02330827067669173,0.010775438221868761,0.00034759478135060526,21,210,5423.143544080626,244.1756567286685,5667.3192008092965,0.043084860421096466
4443,21,210,1330,22,0.016541353383458645,0.003964524258971275,0.00018020564813505793,21,210,5402.213670374411,193.99212035633013,5596.205790730737,0.03466493685376055
4444,21,210,1330,25,0.018796992481203006,0.009192596346806041,0.00036770385387224167,21,210,5662.936070192279,200.10312652338706,5863.039196715666,0.03412959044099177
4445,21,210,1330,20,0.015037593984962405,0.004466738874224404,0.0002233369437112202,21,210,5454.9642036382775,203.91823143003302,5658.882435068309,0.03603507119468396
4446,21,210,1330,14,0.010526315789473684,0.003705457012573659,0.00026467550089811847,21,210,5467.7669084271165,205.2730934286738,5673.040001855792,0.03618396721361455
4447,21,210,1330,2,0.0015037593984962407,0.0006045919104638026,0.0003022959552319013,21,210,5466.582461006332,208.37416260118738,5674.956623607516,0.0367181947672273
4448,21,210,1330,25,0.018796992481203006,0.00962051992673397,0.0003848207970693588,21,210,5386.77720425109,225.73620116926304,5612.513405420349,0.04022016249462419
4449,21,210,1330,13,0.009774436090225564,0.0022916676042834903,0.0001762821234064223,21,210,5618.708658983936,214.76089580716882,5833.469554791105,0.03681529384700103
4450,21,210,1330,15,0.011278195488721804,0.00560355920566511,0.00037357061371100735,21,210,5489.53228315661,190.7703757256958,5680.302658882305,0.033584544201599474
4451,21,210,1330,24,0.01804511278195489,0.007204879342533359,0.0003002033059388899,21,210,5394.661783515654,227.88835353101294,5622.550137046672,0.040531137646860484
4452,21,210,1330,16,0.012030075187969926,0.0011138669104064154,6.961668190040096e-05,21,210,5420.089006162812,215.61424865351592,5635.703254816326,0.03825862344140457
4453,21,210,1330,6,0.004511278195488722,0.0003519139257787999,5.8652320963133316e-05,21,210,5350.950585344355,173.7422787258543,5524.692864070206,0.03144831450374115
4454,21,210,1330,30,0.022556390977443608,0.012021324660834484,0.00040071082202781613,21,210,5329.2171583348645,201.9473161324991,5531.164474467361,0.03651081378337537
4455,21,210,1330,13,0.009774436090225564,0.0030872016329960713,0.0002374770486920055,21,210,5460.827061856979,173.0181934757002,5633.845255332673,0.030710498005235617
4456,21,210,1330,12,0.009022556390977444,0.0046613125447758155,0.0003884427120646513,21,210,5416.7625902360105,225.00178604661934,5641.764376282631,0.03988145747321575
4457,21,210,1330,8,0.006015037593984963,0.0006949488008764173,8.686860010955215e-05,21,210,5632.0912454059335,203.12423514009174,5835.215480546021,0.034810065852287034
4458,21,210,1330,6,0.004511278195488722,0.004597566068981412,0.0007662610114969019,21,210,5568.378590718412,188.3941029212117,5756.772693639619,0.03272564559121107
4459,21,210,1330,26,0.019548872180451128,0.013237932110051592,0.0005091512350019842,21,210,5330.600412493711,202.87622883628256,5533.476641329986,0.036663429157897505
4460,21,210,1330,24,0.01804511278195489,0.012204706716916877,0.0005085294465382033,21,210,5380.657964631751,204.10037649729864,5584.758341129054,0.03654596385920546
4461,21,210,1330,20,0.015037593984962405,0.0030977816421819395,0.000154889082109097,21,210,5339.751434761296,213.55099218313615,5553.3024269444295,0.03845477443241596
4462,21,210,1330,15,0.011278195488721804,0.0038184856858325187,0.00025456571238883455,21,210,5452.502400233489,209.80710105962737,5662.309501293117,0.03705327322918557
4463,21,210,1330,10,0.007518796992481203,0.003104914588979514,0.00031049145889795136,21,210,5669.10337094504,188.6245558308529,5857.727926775895,0.032200975905460366
4464,21,210,1330,13,0.009774436090225564,0.004786130977069565,0.0003681639213130435,21,210,5469.555697722754,211.03064753761788,5680.586345260371,0.03714944808711384
4465,21,210,1330,16,0.012030075187969926,0.007153843009320563,0.0004471151880825352,21,210,5213.083840701502,208.27555685728612,5421.35939755879,0.038417588944771215
4466,21,210,1330,11,0.008270676691729323,0.0016657215680912342,0.00015142923346283946,21,210,5443.723470018099,184.7441443739467,5628.467614392044,0.03282316911650237
4467,21,210,1330,16,0.012030075187969926,0.004785693315232165,0.00029910583220201035,21,210,5310.225612254036,166.73137305672918,5476.956985310761,0.03044233750674032
4468,21,210,1330,14,0.010526315789473684,0.005569349032519454,0.00039781064517996096,21,210,5537.847172055403,173.51207624036522,5711.359248295763,0.030380171986579243
4469,21,210,1330,8,0.006015037593984963,0.0016771866142320725,0.0002096483267790091,21,210,5588.58848815266,217.668627557165,5806.257115709819,0.0374886304928222
4470,21,210,1330,19,0.014285714285714285,0.009268294467223293,0.00048780497195912066,21,210,5390.362889171965,176.98254604201622,5567.345435213982,0.031789395520993725
4471,21,210,1330,21,0.015789473684210527,0.010737084743295617,0.0005112897496807436,21,210,5250.250051593616,182.05131978517113,5432.301371378785,0.03351274300508189
4472,21,210,1330,21,0.015789473684210527,0.005076652620162561,0.00024174536286488384,21,210,5380.340304748747,246.53005991961385,5626.870364668355,0.043812997979764935
4473,21,210,1330,22,0.016541353383458645,0.0057201782918745205,0.00026000810417611456,21,210,5335.13424329813,219.91959566740343,5555.05383896553,0.039589102471841595
4474,21,210,1330,13,0.009774436090225564,0.001504158615039588,0.00011570450884919908,21,210,5397.079749636987,190.8777750429776,5587.957524679961,0.03415877343375292
4475,21,210,1330,16,0.012030075187969926,0.006902778815203801,0.0004314236759502376,21,210,5374.906585057084,217.91176708076156,5592.818352137843,0.03896278286911736
4476,21,210,1330,14,0.010526315789473684,0.0019464922883033432,0.0001390351634502388,21,210,5417.803899594499,206.11931446925024,5623.923214063749,0.03665044962808303
4477,21,210,1330,12,0.009022556390977444,0.005435036524028522,0.00045291971033571015,21,210,5445.128677029919,198.96435861332844,5644.0930356432455,0.03525178577972411
4478,21,210,1330,17,0.012781954887218045,0.005160076320046987,0.0003035339011792345,21,210,5402.268460821748,195.13923956204377,5597.407700383789,0.0348624309693689
4479,21,210,1330,17,0.012781954887218045,0.01272665137759318,0.0007486265516231282,21,210,5431.591885069419,215.52172825383548,5647.11361332325,0.0381649357550297
4480,21,210,1330,17,0.012781954887218045,0.0036429592825680704,0.00021429172250400413,21,210,5268.73109703976,218.28183484205036,5487.012931881809,0.039781541897549184
4481,21,210,1330,11,0.008270676691729323,0.004796938530978548,0.0004360853209980498,21,210,5462.723303452108,233.77642203418975,5696.499725486292,0.04103860849641892
4482,21,210,1330,19,0.014285714285714285,0.0041760016958981,0.00021978956294200526,21,210,5487.352520449469,209.35513492689043,5696.707655376358,0.03675019811299395
4483,21,210,1330,22,0.016541353383458645,0.016532952725510648,0.0007514978511595747,21,210,5521.2678886285585,236.7987190126229,5758.06660764118,0.04112469256579661
4484,21,210,1330,15,0.011278195488721804,0.004214570564183245,0.0002809713709455497,21,210,5768.658370968268,212.54756526460375,5981.205936232873,0.03553590488784809
4485,21,210,1330,19,0.014285714285714285,0.008229044757764465,0.0004331076188297087,21,210,5184.113513366764,208.93088862366812,5393.044401990428,0.038740806314622095
4486,21,210,1330,26,0.019548872180451128,0.005036565593621462,0.00019371406129313314,21,210,5290.93405476187,190.48691623928346,5481.420971001153,0.03475137509909078
4487,21,210,1330,15,0.011278195488721804,0.0036550375972511737,0.00024366917315007825,21,210,5430.037120774232,208.23318759476507,5638.270308368993,0.03693210438770212
4488,21,210,1330,12,0.009022556390977444,0.0018712329400457917,0.00015593607833714931,21,210,5373.27383818087,216.91599983261705,5590.18983801349,0.03880297559084318
4489,21,210,1330,24,0.01804511278195489,0.007381849961904397,0.00030757708174601654,21,210,5442.00042226261,216.0605941764058,5658.061016439015,0.038186331598167665
4490,21,210,1330,8,0.006015037593984963,0.004699879993155094,0.0005874849991443869,21,210,5604.847859922276,185.90927844154172,5790.757138363815,0.032104485475636886
4491,21,210,1330,23,0.017293233082706767,0.003981007300981102,0.00017308727395570002,21,210,5377.219552403164,199.94340205006677,5577.162954453232,0.035850378352387344
4492,21,210,1330,37,0.027819548872180452,0.019085181595283048,0.0005158157187914336,21,210,5502.251338066109,207.41862061931255,5709.669958685419,0.03632760249194301
4493,21,210,1330,12,0.009022556390977444,0.0031929678695333244,0.0002660806557944437,21,210,5410.386197368216,202.6038455703717,5612.990042938585,0.03609552912449172
4494,21,210,1330,21,0.015789473684210527,0.00668890481843713,0.00031851927706843473,21,210,5467.052344257789,232.6808632368087,5699.73320749459,0.04082311483120933
4495,21,210,1330,17,0.012781954887218045,0.009172691690565924,0.0005395700994450544,21,210,5349.199882380326,189.477829182653,5538.677711562979,0.03420993945668371
4496,21,210,1330,16,0.012030075187969926,0.0042939726412089,0.0002683732900755563,21,210,5404.964614871686,213.975664202476,5618.940279074164,0.03808114227505776
4497,21,210,1330,27,0.02030075187969925,0.0034697741425776694,0.0001285101534288026,21,210,5332.529800412831,237.66510399400065,5570.194904406829,0.04266728688541459
4498,21,210,1330,13,0.009774436090225564,0.005067013876327882,0.00038977029817906787,21,210,5371.230356888316,197.83420230070683,5569.064559189022,0.03552377606653492
4499,21,210,1330,19,0.014285714285714285,0.006401689578105721,0.0003369310304266169,21,210,5555.990462979564,211.57152733384868,5767.5619903134075,0.036683008815368096
4500,21,210,1330,19,0.014285714285714285,0.003567319478066926,0.00018775365674036457,21,210,5434.874932935376,217.24550523439007,5652.1204381697635,0.03843610687544677
4501,21,210,1330,13,0.009774436090225564,0.009182391135170127,0.0007063377796284714,21,210,5160.886091897295,201.50720443339247,5362.393296330689,0.03757784878839031
4502,21,210,1330,37,0.027819548872180452,0.011066938649861864,0.00029910644999626653,21,210,5479.121527230837,259.9287901079674,5739.050317338802,0.04529125477828123
4503,21,210,1330,17,0.012781954887218045,0.01965988418153802,0.0011564637753845894,21,210,5310.726509497597,172.03899565886894,5482.765505156463,0.031378142197959896
4504,21,210,1330,19,0.014285714285714285,0.003974406148924239,0.00020917927099601261,21,210,5535.979470200575,210.16306687923634,5746.142537079806,0.03657463516142455
4505,21,210,1330,15,0.011278195488721804,0.002764065987831773,0.00018427106585545147,21,210,5458.997930744679,211.51485818260505,5670.51278892728,0.037300834343523
4506,21,210,1330,24,0.01804511278195489,0.01870589438256778,0.0007794122659403241,21,210,5336.026836121609,202.87289380248555,5538.899729924092,0.03662693020176154
4507,21,210,1330,18,0.013533834586466165,0.011083911458172009,0.0006157728587873339,21,210,5339.030108896901,207.25201621932996,5546.282125116228,0.03736773780056975
4508,21,210,1330,24,0.01804511278195489,0.003907773926409459,0.00016282391360039413,21,210,5402.915673488432,188.75393864621407,5591.669612134647,0.033756275270018385
4509,21,210,1330,13,0.009774436090225564,0.0029346451202693024,0.00022574193232840787,21,210,5407.295181193192,189.17723325792878,5596.4724144511165,0.03380294214788561
4510,21,210,1330,16,0.012030075187969926,0.001928517324232349,0.00012053233276452179,21,210,5455.444734377038,189.61526475499033,5645.059999132027,0.03358959245502177
4511,21,210,1330,14,0.010526315789473684,0.0036809391433773896,0.00026292422452695637,21,210,5546.810712182351,236.27530162102823,5783.086013803377,0.04085626619716079
4512,21,210,1330,12,0.009022556390977444,0.004451213551365167,0.00037093446261376393,21,210,5383.478522135019,232.31875086080385,5615.7972729958165,0.04136879227780075
4513,21,210,1330,17,0.012781954887218045,0.004674428078324504,0.00027496635754850027,21,210,5582.660592897639,204.8976570734593,5787.558249971098,0.035403126538637
4514,21,210,1330,25,0.018796992481203006,0.014430354291276214,0.0005772141716510486,21,210,5460.983374227922,222.62969863627555,5683.613072864192,0.039170452981607325
4515,21,210,1330,14,0.010526315789473684,0.006727276569512981,0.0004805197549652129,21,210,5504.182864428503,231.4276380597345,5735.610502488236,0.04034925976220596
4516,21,210,1330,15,0.011278195488721804,0.005120902164882023,0.0003413934776588016,21,210,5334.736905832859,229.68096138891354,5564.417867221773,0.0412767277493467
4517,21,210,1330,21,0.015789473684210527,0.007937472579328364,0.000377974884729922,21,210,5551.648408628025,229.18292348108417,5780.831332109108,0.0396453226732474
4518,21,210,1330,17,0.012781954887218045,0.009632203899101462,0.0005666002293589096,21,210,5382.367472859545,205.30718282969707,5587.674655689245,0.03674286630497678
4519,21,210,1330,19,0.014285714285714285,0.006070458756591405,0.00031949782929428447,21,210,5474.088315625295,221.8138804713077,5695.902196096602,0.038942712292938705
4520,21,210,1330,27,0.02030075187969925,0.012169240678374122,0.00045071261771756,21,210,5582.959178327723,194.15514009690685,5777.114318424624,0.03360763339539584
4521,21,210,1330,30,0.022556390977443608,0.009681965131255235,0.00032273217104184117,21,210,5498.65204761428,200.44231231442956,5699.094359928707,0.03517090605198139
4522,21,210,1330,20,0.015037593984962405,0.007461703460418609,0.0003730851730209304,21,210,5441.037079177221,225.886729505289,5666.923808682508,0.0398605552379581
4523,21,210,1330,15,0.011278195488721804,0.002021360682413087,0.00013475737882753913,21,210,5413.366408048356,211.3322304660014,5624.698638514353,0.037572187249096854
4524,21,210,1330,14,0.010526315789473684,0.0027925806219682736,0.00019947004442630526,21,210,5347.315070129451,209.15770747330805,5556.472777602754,0.03764217262368117
4525,21,210,1330,19,0.014285714285714285,0.006607110524172047,0.00034774265916694987,21,210,5482.35457389538,202.4329957507991,5684.787569646179,0.035609597240130214
4526,21,210,1330,20,0.015037593984962405,0.003318312471958247,0.0001659156235979124,21,210,5477.986030997186,183.3897969493264,5661.375827946516,0.03239315009684584
4527,21,210,1330,21,0.015789473684210527,0.004422792996425075,0.000210609190305956,21,210,5381.300083694321,198.71906403983152,5580.019147734152,0.03561261328655553
4528,21,210,1330,7,0.005263157894736842,0.0005035339045035538,7.19334149290791e-05,21,210,5633.148739346752,204.764174431366,5837.912913778118,0.035074893623044626
4529,21,210,1330,17,0.012781954887218045,0.0033117784002755857,0.00019481049413385798,21,210,5488.739894223185,185.20458167225615,5673.944475895437,0.032641239698248545
4530,21,210,1330,15,0.011278195488721804,0.0037676126194216295,0.0002511741746281086,21,210,5601.991528896533,214.140566689744,5816.132095586274,0.03681838087072511
4531,21,210,1330,19,0.014285714285714285,0.01863398246647047,0.0009807359192879194,21,210,5524.397150244642,253.64033888400684,5778.03748912865,0.04389731623604553
4532,21,210,1330,26,0.019548872180451128,0.011420275650462284,0.00043924137117162636,21,210,5616.763303755914,234.91107298752016,5851.674376743438,0.04014424895567282
4533,21,210,1330,22,0.016541353383458645,0.004798519422908518,0.00021811451922311447,21,210,5473.017082013116,210.6403353439875,5683.657417357103,0.03706070226905672
4534,21,210,1330,19,0.014285714285714285,0.002378787275251386,0.00012519933027638875,21,210,5422.206196808123,203.63702539815125,5625.843222206269,0.03619671173813684
4535,21,210,1330,21,0.015789473684210527,0.009214351827491717,0.0004387786584519864,21,210,5564.751393113676,215.40227874235762,5780.153671856034,0.03726583945184125
4536,21,210,1330,24,0.01804511278195489,0.0036061198736700275,0.00015025499473625114,21,210,5681.734142419977,211.77253812651594,5893.5066805464885,0.03593319726361604
4537,21,210,1330,16,0.012030075187969926,0.006353529014262599,0.0003970955633914125,21,210,5514.460582638631,230.87120737711774,5745.331790015752,0.04018413832571448
4538,21,210,1330,13,0.009774436090225564,0.0027041204769857993,0.0002080092674604461,21,210,5612.92045578509,261.3345378679751,5874.2549936530595,0.04448811605051849
4539,21,210,1330,21,0.015789473684210527,0.004248919259795236,0.0002023294885616779,21,210,5362.489425601242,203.04528567164724,5565.5347112728905,0.03648261958736555
4540,21,210,1330,16,0.012030075187969926,0.004161060346455104,0.000260066271653444,21,210,5328.751483837317,203.56453346007734,5532.316017297391,0.036795536051015626
4541,21,210,1330,11,0.008270676691729323,0.0024301200706382054,0.00022092000642165503,21,210,5369.695314585511,212.2891641477511,5581.984478733257,0.03803112763149904
4542,21,210,1330,12,0.009022556390977444,0.005170028721652128,0.000430835726804344,21,210,5240.730048386189,207.07983456776142,5447.809882953947,0.038011575113094304
4543,21,210,1330,22,0.016541353383458645,0.0031286449379798087,0.00014221113354453673,21,210,5425.348412795613,213.9842371236469,5639.332649919263,0.03794495739255787
4544,21,210,1330,25,0.018796992481203006,0.005142584071424996,0.00020570336285699982,21,210,5502.310006715907,220.45954980542118,5722.769556521328,0.038523226844631296
4545,21,210,1330,18,0.013533834586466165,0.007363940963235734,0.00040910783129087416,21,210,5440.423973050977,215.90969860758457,5656.333671658565,0.038171315756956564
4546,21,210,1330,17,0.012781954887218045,0.004825573878486921,0.0002838572869698189,21,210,5317.972977789928,190.56888832363506,5508.541866113561,0.03459516019946074
4547,21,210,1330,20,0.015037593984962405,0.008185027799121317,0.00040925138995606593,21,210,5419.725449528549,221.8477393482416,5641.573188876786,0.03932373682320526
4548,21,210,1330,7,0.005263157894736842,0.0018856471591365007,0.0002693781655909287,21,210,5460.463881499187,180.4460633834145,5640.909944882602,0.03198882186501028
4549,21,210,1330,9,0.006766917293233083,0.0034900190015388927,0.00038777988905987703,21,210,5396.060630395365,184.11075769110417,5580.171388086469,0.03299374604948088
4550,21,210,1330,17,0.012781954887218045,0.010161224898783665,0.0005977191116931568,21,210,5386.862685082224,230.72373556711028,5617.586420649332,0.041071684223496316
4551,21,210,1330,27,0.02030075187969925,0.006566375305712219,0.00024319908539674885,21,210,5524.184229652561,219.71633455401627,5743.90056420658,0.038252113193461286
4552,21,210,1330,23,0.017293233082706767,0.003278379199521265,0.00014253822606614193,21,210,5391.988806849562,228.3430209468597,5620.331827796419,0.04062803192821212
4553,21,210,1330,21,0.015789473684210527,0.008366416158789613,0.0003984007694661721,21,210,5505.961200028474,179.02002771910662,5684.981227747585,0.0314899945219406
4554,21,210,1330,23,0.017293233082706767,0.011146646132428956,0.0004846367883664763,21,210,5433.610039858331,238.1510827957319,5671.761122654061,0.0419889127284491
4555,21,210,1330,29,0.02180451127819549,0.008381685224922508,0.00028902362844560373,21,210,5291.781989330222,190.91093360987034,5482.692922940089,0.03482065041634586
4556,21,210,1330,10,0.007518796992481203,0.0023080952789139852,0.00023080952789139857,21,210,5472.821608333717,209.08882098745394,5681.910429321168,0.03679903504083121
4557,21,210,1330,6,0.004511278195488722,0.000984528236575233,0.0001640880394292055,21,210,5621.969118513733,185.1281728916743,5807.0972914054055,0.03187964030939638
4558,21,210,1330,17,0.012781954887218045,0.003816365654166517,0.00022449209730391275,21,210,5683.396111616542,228.62534211816842,5912.021453734707,0.038671263950461915
4559,21,210,1330,16,0.012030075187969926,0.002071402489829856,0.000129462655614366,21,210,5525.6768608676,177.22578790326065,5702.902648770863,0.031076418241412173
4560,21,210,1330,24,0.01804511278195489,0.010336508270169959,0.00043068784459041504,21,210,5447.310542291553,200.35810499343472,5647.668647284989,0.03547625002570807
4561,21,210,1330,8,0.006015037593984963,0.0013845638229915364,0.00017307047787394205,21,210,5560.873786871527,203.94527109915845,5764.819057970678,0.0353775667628588
4562,21,210,1330,13,0.009774436090225564,0.005622594245929071,0.00043250724968685165,21,210,5331.029810595264,186.44560301165487,5517.475413606915,0.03379183213972323
4563,21,210,1330,18,0.013533834586466165,0.00872974825431426,0.00048498601412856986,21,210,5551.769240285364,229.0009508437472,5780.77019112911,0.03961426302591322
4564,21,210,1330,33,0.02481203007518797,0.010609739908788697,0.00032150726996329386,21,210,5462.89572742768,245.68203295673163,5708.577760384408,0.0430373454245787
4565,21,210,1330,8,0.006015037593984963,0.0023663867960046583,0.00029579834950058223,21,210,5535.120593321826,173.99088885331872,5709.111482175142,0.03047600128260748
4566,21,210,1330,15,0.011278195488721804,0.0038013522074912694,0.00025342348049941794,21,210,5473.4249861204025,239.64755125502472,5713.072537375427,0.041947227115922164
4567,21,210,1330,17,0.012781954887218045,0.0072121380603272925,0.0004242434153133702,21,210,5367.915573138174,193.90038531437582,5561.815958452549,0.034862783443903145
4568,21,210,1330,16,0.012030075187969926,0.00525318041827189,0.0003283237761419931,21,210,5412.093110341941,220.65326869020276,5632.74637903214,0.03917330088064733
4569,21,210,1330,23,0.017293233082706767,0.005321223721503917,0.00023135755310886596,21,210,5474.7438798895455,201.97468214344164,5676.718562032985,0.03557947781563247
4570,21,210,1330,6,0.004511278195488722,0.001883624997365164,0.00031393749956086064,21,210,5436.118077364325,186.24686751841568,5622.364944882736,0.033126072274609376
4571,21,210,1330,16,0.012030075187969926,0.006556738971997809,0.000409796185749863,21,210,5520.358361760244,203.6995516980013,5724.057913458247,0.035586563724149006
4572,21,210,1330,38,0.02857142857142857,0.009050427073137614,0.00023816913350362142,21,210,5416.1115473837635,201.0790315513873,5617.190578935153,0.03579708196219073
4573,21,210,1330,26,0.019548872180451128,0.006964271201853128,0.00026785658468665875,21,210,5282.136838676435,169.1705384603627,5451.307377136799,0.03103302139407455
4574,21,210,1330,14,0.010526315789473684,0.00996304768073708,0.0007116462629097913,21,210,5370.887582009904,195.48260010297133,5566.370182112874,0.03511850518514569
4575,21,210,1330,21,0.015789473684210527,0.0037418330743178635,0.0001781825273484697,21,210,5478.028951901891,190.3994466701865,5668.428398572077,0.03358945959662288
4576,21,210,1330,11,0.008270676691729323,0.0038864817049331702,0.0003533165186302882,21,210,5325.524529157543,199.17329935642795,5524.697828513967,0.0360514376602569
4577,21,210,1330,31,0.02330827067669173,0.016362727207013292,0.0005278299099036545,21,210,5463.812394015275,207.81934602616897,5671.631740041439,0.03664189699746806
4578,21,210,1330,18,0.013533834586466165,0.005090253403394454,0.0002827918557441363,21,210,5497.793825937239,232.33605281598545,5730.12987875322,0.040546385113793944
4579,21,210,1330,19,0.014285714285714285,0.004690900021153587,0.0002468894747975572,21,210,5472.331249667994,203.30879980541567,5675.6400494734025,0.03582129910163684
4580,21,210,1330,14,0.010526315789473684,0.009815868592796604,0.000701133470914043,21,210,5431.5368763424185,225.67834185139458,5657.215218193812,0.03989212592188551
4581,21,210,1330,15,0.011278195488721804,0.0026728670967651707,0.0001781911397843447,21,210,5376.299304861488,188.72532765476794,5565.024632516253,0.03391275692690597
4582,21,210,1330,31,0.02330827067669173,0.007995806610755052,0.0002579292455082275,21,210,5420.915896671337,213.11780194330845,5634.033698614639,0.037826859643333745
4583,21,210,1330,15,0.011278195488721804,0.004208533080489287,0.00028056887203261905,21,210,5425.8604380085635,205.8235118141227,5631.683949822684,0.0365474187912486
4584,21,210,1330,20,0.015037593984962405,0.0065223755159019015,0.00032611877579509507,21,210,5333.197666103097,233.3015937479843,5566.499259851078,0.04191172635747838
4585,21,210,1330,10,0.007518796992481203,0.00483229372136471,0.000483229372136471,21,210,5522.918698997828,187.81382586604764,5710.732524863872,0.032887869471793306
4586,21,210,1330,32,0.02406015037593985,0.013585136256917993,0.00042453550802868734,21,210,5378.249393012842,197.63232323302415,5575.881716245865,0.035444138396480585
4587,21,210,1330,24,0.01804511278195489,0.004736059181538161,0.00019733579923075672,21,210,5278.694511696462,195.31716528238871,5474.011676978851,0.03568080903148269
4588,21,210,1330,19,0.014285714285714285,0.0038773044983585188,0.0002040686578083431,21,210,5405.695523510818,198.96646979493005,5604.661993305748,0.035500172897594384
4589,21,210,1330,7,0.005263157894736842,0.0003597528927129002,5.139327038755717e-05,21,210,5408.970668667191,174.84868117359008,5583.81934984078,0.03131345593739092
4590,21,210,1330,17,0.012781954887218045,0.002340260688513209,0.00013766239344195348,21,210,5516.354843116775,195.18851197752923,5711.543355094302,0.03417439032541608
4591,21,210,1330,29,0.02180451127819549,0.005809660118348802,0.000200333107529269,21,210,5534.302294243318,205.1782972020931,5739.480591445407,0.03574858280867918
4592,21,210,1330,20,0.015037593984962405,0.005152006509478104,0.00025760032547390523,21,210,5428.44420321552,181.7596294662863,5610.203832681804,0.032398043794319875
4593,21,210,1330,10,0.007518796992481203,0.0018465418929487624,0.00018465418929487624,21,210,5420.403761035899,197.44687722554255,5617.85063826144,0.035146337975024304
4594,21,210,1330,27,0.02030075187969925,0.006758582404763686,0.00025031786684309953,21,210,5429.925771668133,197.1954719955736,5627.121243663707,0.03504375744837933
4595,21,210,1330,31,0.02330827067669173,0.013677512183319442,0.0004412100704296594,21,210,5511.967309412302,215.8372917333728,5727.8046011456745,0.03768237689012664
4596,21,210,1330,18,0.013533834586466165,0.0038994425848792452,0.00021663569915995808,21,210,5462.0659934793985,198.63391130114587,5660.699904780541,0.035089991457310205
4597,21,210,1330,15,0.011278195488721804,0.0031265236793016444,0.00020843491195344295,21,210,5672.020400621746,189.5983572272087,5861.618757848957,0.03234573333063131
4598,21,210,1330,24,0.01804511278195489,0.004419815464646624,0.00018415897769360933,21,210,5314.002730445153,201.04129235094842,5515.044022796102,0.036453252507134375
4599,21,210,1330,8,0.006015037593984963,0.0022806233481985306,0.00028507791852481633,21,210,5413.5839231790405,239.4409270749134,5653.024850253954,0.04235624880795577
4600,21,210,1330,12,0.009022556390977444,0.001623072600384611,0.00013525605003205092,21,210,5316.164975628572,179.513357605316,5495.678333233884,0.03266445863829933
4601,21,210,1330,21,0.015789473684210527,0.009685616115816791,0.00046121981503889484,21,210,5476.0300752822,239.12998631291302,5715.160061595113,0.04184134542789539
4602,21,210,1330,16,0.012030075187969926,0.004026547999792121,0.00025165924998700755,21,210,5489.600132863362,229.1628485683508,5718.76298143171,0.04007210113663063
4603,21,210,1330,17,0.012781954887218045,0.005577977084025338,0.00032811629906031404,21,210,5217.740662721932,180.1306156432768,5397.871278365206,0.03337067639334871
4604,21,210,1330,18,0.013533834586466165,0.004127702130281886,0.00022931678501566036,21,210,5353.652505977267,191.8215610091633,5545.4740669864295,0.03459065152808562
4605,21,210,1330,16,0.012030075187969926,0.004705280969170576,0.000294080060573161,21,210,5258.204685512447,175.1983009646255,5433.402986477073,0.0322446727033993
4606,21,210,1330,8,0.006015037593984963,0.0008370680025042887,0.00010463350031303609,21,210,5494.275930942071,202.16363074169527,5696.439561683761,0.03548947172221722
4607,21,210,1330,23,0.017293233082706767,0.011131870472720207,0.00048399436837913944,21,210,5559.994213516777,218.50282253272775,5778.497036049503,0.037813088969257
4608,21,210,1330,16,0.012030075187969926,0.004096322611046948,0.00025602016319043423,21,210,5346.942751826534,187.48961290956748,5534.432364736098,0.033876936342053875
4609,21,210,1330,19,0.014285714285714285,0.005648237484960693,0.00029727565710319434,21,210,5360.646649952981,182.9750412305467,5543.621691183527,0.03300640834159856
4610,21,210,1330,20,0.015037593984962405,0.013086862648680381,0.0006543431324340191,21,210,5361.591054282091,195.25174087743716,5556.842795159528,0.035137171965260144
4611,21,210,1330,28,0.021052631578947368,0.0037232361810269265,0.00013297272075096168,21,210,5603.494799052578,194.95792434328615,5798.452723395862,0.03362240474198591
4612,21,210,1330,10,0.007518796992481203,0.004159164825865573,0.0004159164825865573,21,210,5320.694224703824,199.90517779251917,5520.599402496345,0.03621077408770587
4613,21,210,1330,26,0.019548872180451128,0.007539370288118687,0.00028997578031225723,21,210,5267.268113907981,185.77767006102667,5453.045783969004,0.0340686063203761
4614,21,210,1330,5,0.0037593984962406013,0.0009229788781967223,0.00018459577563934446,21,210,5527.624382336317,199.58602154891986,5727.210403885236,0.03484873218792945
4615,21,210,1330,14,0.010526315789473684,0.0029661476709626844,0.00021186769078304887,21,210,5400.322332867939,212.42140437338276,5612.743737241317,0.03784626812087249
4616,21,210,1330,11,0.008270676691729323,0.0021290222777468216,0.0001935474797951656,21,210,5211.28974377122,184.85544927233212,5396.145193043551,0.03425694503376944
4617,21,210,1330,14,0.010526315789473684,0.002097477084532129,0.00014981979175229492,21,210,5421.814080423973,172.99527077380588,5594.809351197781,0.030920673058639554
4618,21,210,1330,9,0.006766917293233083,0.0017497631527220745,0.00019441812808023047,21,210,5523.400118801965,201.69385978313585,5725.093978585096,0.03522979020738846
4619,21,210,1330,21,0.015789473684210527,0.005798923650173091,0.0002761392214368139,21,210,5359.177953422888,183.52674101837056,5542.704694441253,0.03311140519581144
4620,21,210,1330,10,0.007518796992481203,0.00509560503900789,0.000509560503900789,21,210,5508.862827510913,175.20738615849717,5684.070213669408,0.030824282525072876
4621,21,210,1330,8,0.006015037593984963,0.003323847975837645,0.00041548099697970563,21,210,5273.338382798031,204.9882749993306,5478.326657797363,0.03741804529081312
4622,21,210,1330,18,0.013533834586466165,0.004830984959905034,0.00026838805332805746,21,210,5330.378519732163,230.19146011407082,5560.569979846234,0.04139709795009833
4623,21,210,1330,16,0.012030075187969926,0.007409507853711268,0.00046309424085695433,21,210,5321.25264951486,188.40377546878813,5509.656424983647,0.03419519493347488
4624,21,210,1330,11,0.008270676691729323,0.0048238169563012525,0.0004385288142092046,21,210,5413.877731555418,179.3808767916881,5593.258608347104,0.03207090702439342
4625,21,210,1330,11,0.008270676691729323,0.004916544972629934,0.00044695863387544856,21,210,5522.888941039316,226.61923691816887,5749.508177957483,0.03941541257163243
4626,21,210,1330,13,0.009774436090225564,0.001391388027750177,0.00010702984828847517,21,210,5245.261890166566,192.05437944827293,5437.31626961484,0.03532153914266925
4627,21,210,1330,16,0.012030075187969926,0.0036791644618349114,0.00022994777886468194,21,210,5467.859696011602,211.19637102357828,5679.056067035181,0.037188639895544454
4628,21,210,1330,16,0.012030075187969926,0.00456582232974562,0.00028536389560910127,21,210,5320.78308554092,211.88363793306007,5532.666723473974,0.03829683740646822
4629,21,210,1330,18,0.013533834586466165,0.0038685623972987285,0.00021492013318326269,21,210,5452.052099456053,214.43296819094948,5666.485067647001,0.037842324762357916
4630,21,210,1330,11,0.008270676691729323,0.006282604838183281,0.0005711458943802983,21,210,5244.362878133026,171.38291612471193,5415.745794257737,0.03164530290665186
4631,21,210,1330,15,0.011278195488721804,0.0011338134494732017,7.558756329821343e-05,21,210,5502.482546986503,189.7939691302873,5692.276516116792,0.03334236637888467
4632,21,210,1330,18,0.013533834586466165,0.007231541914955576,0.00040175232860864313,21,210,5414.590501588441,197.18347630242184,5611.773977890859,0.03513745868584174
4633,21,210,1330,9,0.006766917293233083,0.0012834980712510982,0.0001426108968056776,21,210,5511.345730236705,166.29498228668967,5677.6407125233945,0.02928945150049497
4634,21,210,1330,7,0.005263157894736842,0.00032433809690397407,4.633401384342487e-05,21,210,5593.065336777556,192.17352272038417,5785.238859497943,0.03321790636265301
4635,21,210,1330,21,0.015789473684210527,0.006130793704816654,0.0002919425573722216,21,210,5472.508144092869,224.67155175024246,5697.179695843112,0.039435574046255154
4636,21,210,1330,19,0.014285714285714285,0.0033495246363495447,0.00017629077033418656,21,210,5386.855223482186,196.20471466260182,5583.059938144788,0.03514286374073915
4637,21,210,1330,12,0.009022556390977444,0.0031892309337900834,0.000265769244482507,21,210,5339.141336569644,233.11900638995434,5572.2603429595965,0.041835627203688365
4638,21,210,1330,13,0.009774436090225564,0.0034837086579739534,0.0002679775890749195,21,210,5367.144285392447,186.16828309297944,5553.312568485428,0.033523825788137424
4639,21,210,1330,6,0.004511278195488722,0.001901700073839621,0.00031695001230660347,21,210,5508.31024298729,191.46225744919496,5699.772500436478,0.03359121042717637
4640,21,210,1330,13,0.009774436090225564,0.006351017377204133,0.0004885397982464717,21,210,5428.915904670345,225.23539027478344,5654.15129494513,0.0398354020834473
4641,21,210,1330,23,0.017293233082706767,0.016925332560641163,0.0007358840243757028,21,210,5460.831524590733,189.41028023920592,5650.241804829937,0.03352250873180229
4642,21,210,1330,11,0.008270676691729323,0.004157964882079566,0.0003779968074617787,21,210,5438.083144071124,191.31464395284786,5629.39778802397,0.03398492186142047
4643,21,210,1330,20,0.015037593984962405,0.008676186369739372,0.0004338093184869685,21,210,5513.097818840756,210.39020426066844,5723.48802310142,0.03675908876046936
4644,21,210,1330,15,0.011278195488721804,0.007917537139173376,0.0005278358092782251,21,210,5526.514867060729,228.47682345286972,5754.991690513596,0.039700634812294515
4645,21,210,1330,35,0.02631578947368421,0.00526657501013998,0.00015047357171828513,21,210,5295.078052678653,191.12538875246292,5486.203441431115,0.03483745923621938
4646,21,210,1330,17,0.012781954887218045,0.006347758040283986,0.00037339753178141093,21,210,5326.245762868059,188.54172877557517,5514.787491643633,0.03418839421487518
4647,21,210,1330,20,0.015037593984962405,0.010365865537143654,0.0005182932768571828,21,210,5357.828896914396,227.4485540197951,5585.277450934189,0.04072287473950864
4648,21,210,1330,10,0.007518796992481203,0.0010894315378219758,0.0001089431537821976,21,210,5597.831535156822,217.21332272664876,5815.044857883466,0.03735367964224254
4649,21,210,1330,12,0.009022556390977444,0.005695090237740245,0.0004745908531450204,21,210,5660.266826903003,230.65540676755265,5890.922233670553,0.03915437984382191
4650,21,210,1330,22,0.016541353383458645,0.010528458009071828,0.0004785662731396285,21,210,5365.842237323053,240.38017659408013,5606.22241391713,0.0428773885241067
4651,21,210,1330,18,0.013533834586466165,0.007096265201464575,0.00039423695563692084,21,210,5442.586440554887,188.07488566664907,5630.661326221532,0.033401917602609056
4652,21,210,1330,12,0.009022556390977444,0.0038419790079530277,0.000320164917329419,21,210,5600.735507012092,192.6931934189135,5793.428700431003,0.033260648120961266
4653,21,210,1330,15,0.011278195488721804,0.0009795894020816667,6.53059601387778e-05,21,210,5469.475378536661,190.1351777164394,5659.610556253097,0.033595099137407256
4654,21,210,1330,16,0.012030075187969926,0.0048328326596599105,0.0003020520412287444,21,210,5449.64642954806,218.88468552558243,5668.531115073641,0.03861400441880416
4655,21,210,1330,15,0.011278195488721804,0.008244440478942322,0.0005496293652628213,21,210,5336.552044827236,204.31305495146705,5540.865099778701,0.03687385476315372
4656,21,210,1330,14,0.010526315789473684,0.004400294302812513,0.00031430673591517947,21,210,5458.27307227205,207.7807408306018,5666.053813102643,0.0366711555668802
4657,21,210,1330,14,0.010526315789473684,0.0037817281451523257,0.00027012343893945183,21,210,5309.688873584419,241.3797636560954,5551.068637240513,0.04348347668352512
4658,21,210,1330,14,0.010526315789473684,0.002935656481834664,0.000209689748702476,21,210,5551.988706871529,200.91295660092734,5752.901663472458,0.0349237599308548
4659,21,210,1330,19,0.014285714285714285,0.006479527570084607,0.0003410277668465582,21,210,5296.557034954744,228.6126095019078,5525.169644456651,0.041376577410844315
4660,21,210,1330,19,0.014285714285714285,0.007034044552130768,0.0003702128711647773,21,210,5549.188855407165,226.7854562699005,5775.974311677059,0.03926358464084879
4661,21,210,1330,9,0.006766917293233083,0.0024118253007120306,0.0002679805889680034,21,210,5459.577450003351,169.98577600372488,5629.563226007073,0.03019519795397912
4662,21,210,1330,22,0.016541353383458645,0.0057310940669012605,0.0002605042757682391,21,210,5517.825249483109,204.50845504298303,5722.333704526087,0.03573864538540051
4663,21,210,1330,11,0.008270676691729323,0.005954179959316527,0.0005412890872105933,21,210,5473.63006367448,185.72910571576188,5659.359169390242,0.03281804532221851
4664,21,210,1330,23,0.017293233082706767,0.005819754964965411,0.0002530328245637135,21,210,5633.619745729911,181.993528487253,5815.613274217161,0.03129395300304784
4665,21,210,1330,12,0.009022556390977444,0.006671278081949747,0.0005559398401624788,21,210,5528.965045928371,219.64372115496099,5748.60876708333,0.038208152625144036
4666,21,210,1330,16,0.012030075187969926,0.0058071174960749134,0.00036294484350468214,21,210,5374.365443541951,195.83821080396368,5570.203654345916,0.03515817786144483
4667,21,210,1330,22,0.016541353383458645,0.006809404550968394,0.0003095183886803815,21,210,5291.714044998318,206.17275254915938,5497.886797547477,0.03750036334708272
4668,21,210,1330,22,0.016541353383458645,0.008806961299326828,0.000400316422696674,21,210,5318.224580624019,178.75741083437242,5496.981991458388,0.03251919164227548
4669,21,210,1330,11,0.008270676691729323,0.004934512065975749,0.00044859200599779535,21,210,5534.028514571455,232.1442674022838,5766.172781973739,0.04025967937138743
4670,21,210,1330,13,0.009774436090225564,0.004728601383301911,0.0003637385679463008,21,210,5549.637099804682,202.7785869658099,5752.41568677049,0.03525103156786179
4671,21,210,1330,11,0.008270676691729323,0.0015148106750565167,0.00013771006136877425,21,210,5364.007035101772,190.4836819552647,5554.4907170570405,0.03429363584501398
4672,21,210,1330,24,0.01804511278195489,0.0023650930930150344,9.85455455422931e-05,21,210,5368.337274493422,188.37394692373107,5556.71122141715,0.03390025851940697
4673,21,210,1330,11,0.008270676691729323,0.0013536673908417676,0.00012306067189470614,21,210,5484.36546376677,169.79348939771137,5654.15895316448,0.0300298401237345
4674,21,210,1330,16,0.012030075187969926,0.011321111582373661,0.0007075694738983538,21,210,5473.974212840931,214.38953806065248,5688.3637509015825,0.03768914004957447
4675,21,210,1330,20,0.015037593984962405,0.01564581909959247,0.0007822909549796234,21,210,5625.589936089704,241.87658430078076,5867.466520390482,0.04122334289598704
4676,21,210,1330,19,0.014285714285714285,0.0043007520696546776,0.0002263553720870883,21,210,5551.280597147797,186.18111891334524,5737.4617160611415,0.03245008474604019
4677,21,210,1330,11,0.008270676691729323,0.005590636227265971,0.0005082396570241792,21,210,5439.226929301293,173.5607123038577,5612.787641605146,0.0309223728717844
4678,21,210,1330,20,0.015037593984962405,0.015439196262509084,0.0007719598131254542,21,210,5354.18688238749,221.93888863673027,5576.125771024217,0.0398016288997665
4679,21,210,1330,36,0.02706766917293233,0.014188794145138864,0.00039413317069830176,21,210,5422.501306365579,218.77976990978217,5641.281076275362,0.03878193037214002
4680,21,210,1330,7,0.005263157894736842,0.0017214412429367454,0.0002459201775623922,21,210,5430.783202693146,204.67566982465223,5635.458872517796,0.03631925535341681
4681,21,210,1330,17,0.012781954887218045,0.0029680427397623687,0.0001745907493977864,21,210,5249.355118959416,178.08951229550334,5427.444631254917,0.03281277367067788
4682,21,210,1330,9,0.006766917293233083,0.003328561205606268,0.000369840133956252,21,210,5412.596537243472,197.68338191814394,5610.27991916161,0.03523592133842857
4683,21,210,1330,14,0.010526315789473684,0.004897697978259855,0.0003498355698757038,21,210,5536.2526010282145,193.0376892485734,5729.290290276785,0.03369312418611061
4684,21,210,1330,21,0.015789473684210527,0.011631453818891713,0.0005538787532805579,21,210,5535.481315076765,206.46331326594026,5741.9446283427005,0.0359570366190612
4685,21,210,1330,15,0.011278195488721804,0.003552051256430399,0.00023680341709535993,21,210,5579.0214091502985,214.25928280989032,5793.2806919601835,0.036984101790067885
4686,21,210,1330,12,0.009022556390977444,0.0036251315630409318,0.0003020942969200777,21,210,5598.660887300624,195.2637150811584,5793.92460238178,0.03370145945649499
4687,21,210,1330,8,0.006015037593984963,0.0024769766930510554,0.00030962208663138193,21,210,5394.852721628333,225.08168165110487,5619.934403279436,0.04005058876127834
4688,21,210,1330,22,0.016541353383458645,0.009542718164266144,0.000433759916557552,21,210,5293.1256430408885,221.71822870785758,5514.843871748744,0.040203899487285255
4689,21,210,1330,12,0.009022556390977444,0.006528670971345447,0.0005440559142787873,21,210,5352.612916717391,234.5756753266885,5587.188592044075,0.0419845636964384
4690,21,210,1330,16,0.012030075187969926,0.00642080178853297,0.00040130011178331063,21,210,5550.962800650674,221.82681721005082,5772.7896178607225,0.038426277743385924
4691,21,210,1330,14,0.010526315789473684,0.0038602808352998564,0.0002757343453785611,21,210,5610.892571020964,209.67313769940648,5820.565708720369,0.036022810873052126
4692,21,210,1330,10,0.007518796992481203,0.0014390487699489128,0.0001439048769948913,21,210,5489.01147662311,194.63381496528245,5683.645291588392,0.03424453937217618
4693,21,210,1330,20,0.015037593984962405,0.011630244541919724,0.0005815122270959863,21,210,5485.889859928609,249.07430190343567,5734.9641618320475,0.04343083842809373
4694,21,210,1330,23,0.017293233082706767,0.002940746075261068,0.00012785852501135078,21,210,5405.3143381701775,202.20521023318548,5607.519548403359,0.03605965320098791
4695,21,210,1330,17,0.012781954887218045,0.009642265174709952,0.0005671920691005854,21,210,5401.7671545333,210.25705125908405,5612.024205792384,0.03746545694547606
4696,21,210,1330,13,0.009774436090225564,0.017303462673800833,0.0013310355902923718,21,210,5399.961782995226,206.93248802429434,5606.89427101952,0.03690679331940874
4697,21,210,1330,11,0.008270676691729323,0.0025882280871402283,0.00023529346246729344,21,210,5527.761615331958,193.0563814700635,5720.817996802014,0.03374628970507079
4698,21,210,1330,10,0.007518796992481203,0.007341198957658903,0.0007341198957658903,21,210,5531.451967431278,213.8834808353845,5745.335448266656,0.03722732689175046
4699,21,210,1330,23,0.017293233082706767,0.00591834270000897,0.0002573192478264769,21,210,5486.9305560349385,205.781105889463,5692.711661924401,0.036148169468309135
4700,21,210,1330,19,0.014285714285714285,0.0057171586269458815,0.00030090308562873055,21,210,5590.12750458312,223.65197332978516,5813.779477912909,0.03846929079086331
4701,21,210,1330,16,0.012030075187969926,0.0056464547945272725,0.00035290342465795453,21,210,5449.365900369134,207.66570688353272,5657.03160725267,0.03670930645275028
4702,21,210,1330,26,0.019548872180451128,0.00854527704496286,0.0003286645017293408,21,210,5381.737517565352,223.54543258253528,5605.28295014789,0.039881203958961116
4703,21,210,1330,14,0.010526315789473684,0.007608529270921773,0.0005434663764944123,21,210,5426.586000147549,219.83034650011953,5646.416346647669,0.038932719977448155
4704,21,210,1330,13,0.009774436090225564,0.004408005864983492,0.00033907737422949946,21,210,5349.560723772548,192.65112417133648,5542.211847943889,0.034760692924939045
4705,21,210,1330,23,0.017293233082706767,0.008720425879400868,0.00037914895127829864,21,210,5454.4286877231025,193.48669407057503,5647.915381793671,0.03425807240212712
4706,21,210,1330,18,0.013533834586466165,0.006881821698195154,0.0003823234276775086,21,210,5476.131750068259,187.27125577506854,5663.403005843325,0.03306691322899815
4707,21,210,1330,15,0.011278195488721804,0.005567526459700703,0.00037116843064671356,21,210,5445.7460985920825,191.4371554191675,5637.183254011248,0.033959718319064164
4708,21,210,1330,15,0.011278195488721804,0.003691285494746463,0.0002460856996497642,21,210,5460.176722992952,185.15318675889364,5645.329909751841,0.032797584856654134
4709,21,210,1330,7,0.005263157894736842,0.0011374538746224717,0.0001624934106603531,21,210,5337.25838515113,187.2009089677361,5524.459294118869,0.03388583370811024
4710,21,210,1330,21,0.015789473684210527,0.007012412535234937,0.0003339244064397589,21,210,5344.198142927602,267.2484349506965,5611.446577878298,0.047625586600834005
4711,21,210,1330,13,0.009774436090225564,0.0018991156519857504,0.00014608581938351927,21,210,5517.859238432106,211.5650075917502,5729.424246023855,0.03692605024642285
4712,21,210,1330,27,0.02030075187969925,0.015617548394918112,0.0005784277183303005,21,210,5548.620223438749,209.58693143337433,5758.207154872129,0.03639794918736795
4713,21,210,1330,16,0.012030075187969926,0.0036538317423307335,0.00022836448389567085,21,210,5388.27095811228,236.50518208080211,5624.77614019308,0.04204703906183965
4714,21,210,1330,7,0.005263157894736842,0.0007459466185277696,0.00010656380264682424,21,210,5780.15843319049,206.76983538359386,5986.9282685740845,0.03453688203831454
4715,21,210,1330,6,0.004511278195488722,0.0028231808035738158,0.0004705301339289693,21,210,5380.380847741086,216.21924589691503,5596.600093637993,0.03863403535705633
4716,21,210,1330,19,0.014285714285714285,0.01583818673229826,0.000833588775384119,21,210,5314.554993682812,244.03009204596194,5558.58508572877,0.04390147641573213
4717,21,210,1330,16,0.012030075187969926,0.002702727332126081,0.00016892045825788005,21,210,5428.908242999145,173.59833440324513,5602.506577402386,0.03098583321676962
4718,21,210,1330,23,0.017293233082706767,0.016017409218159043,0.0006964090964416977,21,210,5427.1442797970985,228.96985161669613,5656.114131413793,0.04048183015703454
4719,21,210,1330,8,0.006015037593984963,0.002788595288631868,0.0003485744110789835,21,210,5492.590222844383,202.54283693911879,5695.133059783505,0.035564197502141986
4720,21,210,1330,9,0.006766917293233083,0.0013717827867853348,0.00015242030964281498,21,210,5415.596801832276,198.13253512533365,5613.729336957608,0.03529428001114009
4721,21,210,1330,21,0.015789473684210527,0.007857355194308068,0.00037415977115752704,21,210,5550.263988446076,200.99970805659802,5751.263696502674,0.03494879015525324
4722,21,210,1330,22,0.016541353383458645,0.011406182919154559,0.0005184628599615707,21,210,5525.807721733271,191.30069329398066,5717.108415027251,0.03346109246260792
4723,21,210,1330,21,0.015789473684210527,0.00502351968671027,0.00023921522317667954,21,210,5489.050224591005,208.77201147856022,5697.82223606956,0.036640667754944595
4724,21,210,1330,19,0.014285714285714285,0.007143677409959912,0.00037598302157683747,21,210,5452.2546478914055,225.80385417544247,5678.0585020668495,0.03976779282799718
4725,21,210,1330,26,0.019548872180451128,0.008130543530580205,0.00031271321271462326,21,210,5584.158761817709,252.1889407737043,5836.347702591408,0.04321006109038524
4726,21,210,1330,11,0.008270676691729323,0.001951715199009,0.00017742865445536366,21,210,5489.3292688655,184.77314282566584,5674.102411691167,0.03256429465301001
4727,21,210,1330,10,0.007518796992481203,0.002856338597433399,0.0002856338597433399,21,210,5444.887600844333,200.34026722525874,5645.227868069589,0.035488428794596384
4728,21,210,1330,22,0.016541353383458645,0.0038392622552235324,0.00017451192069197873,21,210,5354.649637544175,196.54011548296097,5551.189753027139,0.035405043644163844
4729,21,210,1330,20,0.015037593984962405,0.00996827703303733,0.0004984138516518664,21,210,5433.429390740737,266.56844240649184,5699.997833147228,0.04676641118288062
4730,21,210,1330,20,0.015037593984962405,0.011754740836475257,0.0005877370418237628,21,210,5385.258769415778,234.64696084055038,5619.905730256329,0.04175282862437764
4731,21,210,1330,17,0.012781954887218045,0.006741535825613156,0.0003965609309184209,21,210,5631.487224172859,200.9082365465212,5832.395460719379,0.03444695029677237
4732,21,210,1330,8,0.006015037593984963,0.0019202773676143788,0.00024003467095179735,21,210,5525.318744541822,197.90434462678814,5723.223089168609,0.03457917707267584
4733,21,210,1330,22,0.016541353383458645,0.006447444839819072,0.00029306567453723056,21,210,5581.861616669545,215.5782272534841,5797.439843923031,0.03718507359407216
4734,21,210,1330,19,0.014285714285714285,0.01013501620440894,0.0005334219054952074,21,210,5367.619040007707,208.9076241909281,5576.526664198633,0.03746196096077466
4735,21,210,1330,3,0.002255639097744361,0.00031618395040734434,0.00010539465013578146,21,210,5532.805316765762,171.80072909444365,5704.606045860206,0.030116142589569052
4736,21,210,1330,29,0.02180451127819549,0.008179823394352305,0.0002820628756673209,21,210,5590.383285363156,248.54561121767182,5838.928896580825,0.04256698713409848
4737,21,210,1330,14,0.010526315789473684,0.00876064699411052,0.0006257604995793228,21,210,5334.904710989393,203.06736661511755,5537.972077604505,0.036668181740446046
4738,21,210,1330,30,0.022556390977443608,0.0040075593721935745,0.0001335853124064525,21,210,5196.9009507021865,227.04330932439814,5423.944260026581,0.041859447376268843
4739,21,210,1330,13,0.009774436090225564,0.004744805974833553,0.0003649850749871964,21,210,5534.342030740682,189.84734893116695,5724.189379671852,0.03316580503177731
4740,21,210,1330,22,0.016541353383458645,0.008716404712685595,0.0003962002142129816,21,210,5682.172279780185,165.6830720966187,5847.855351876795,0.028332279464375745
4741,21,210,1330,21,0.015789473684210527,0.016281111652785195,0.0007752910310850095,21,210,5240.791228422815,226.4962458760311,5467.287474298841,0.04142753549008842
4742,21,210,1330,18,0.013533834586466165,0.0070214378133819375,0.0003900798785212188,21,210,5305.9935135740325,214.96422731095362,5520.957740884986,0.038936039252583696
4743,21,210,1330,13,0.009774436090225564,0.004928731462359548,0.00037913318941227284,21,210,5526.294573439553,219.19875594499422,5745.493329384542,0.03815142466947652
4744,21,210,1330,19,0.014285714285714285,0.0030133648745609577,0.00015859815129268194,21,210,5371.397771923668,171.72855205669387,5543.126323980357,0.030980450745596688
4745,21,210,1330,9,0.006766917293233083,0.0011170870420137086,0.00012412078244596763,21,210,5394.37341384407,212.6807351831369,5607.054149027201,0.037930922286533664
4746,21,210,1330,6,0.004511278195488722,0.0024146072008025044,0.000402434533467084,21,210,5322.047550881639,205.78676675068908,5527.834317632329,0.03722737602577627
4747,21,210,1330,13,0.009774436090225564,0.004958521336969697,0.0003814247182284382,21,210,5319.550672774525,208.45018682627517,5528.000859600797,0.03770805977069409
4748,21,210,1330,22,0.016541353383458645,0.007647808851859819,0.0003476276750845372,21,210,5479.766295505326,212.45260840174947,5692.218903907072,0.03732333769805032
4749,21,210,1330,11,0.008270676691729323,0.001362659947216128,0.000123878177019648,21,210,5639.736091923274,179.901689829336,5819.637781752608,0.03091286718795716
4750,21,210,1330,9,0.006766917293233083,0.004764970582821641,0.0005294411758690711,21,210,5452.212991042802,205.32407663103572,5657.5370676738385,0.036292131041300815
4751,21,210,1330,14,0.010526315789473684,0.003847501935334728,0.0002748215668096234,21,210,5225.4489056023285,183.9663166654077,5409.415222267735,0.034008540499556136
4752,21,210,1330,21,0.015789473684210527,0.005430683898678395,0.00025860399517516167,21,210,5470.1277256148005,151.55290409903023,5621.680629713828,0.026958647081085613
4753,21,210,1330,18,0.013533834586466165,0.009365156618120147,0.0005202864787844526,21,210,5538.265475550048,196.61977729839163,5734.8852528484385,0.03428486685077671
4754,21,210,1330,8,0.006015037593984963,0.0012589367639787117,0.00015736709549733896,21,210,5494.262989416684,204.72931457255268,5698.992303989233,0.035923774529269745
4755,21,210,1330,27,0.02030075187969925,0.010094554945575101,0.0003738724053916704,21,210,5444.871682962066,201.49824380936371,5646.3699267714255,0.03568633412663766
4756,21,210,1330,15,0.011278195488721804,0.0046428669441517965,0.0003095244629434531,21,210,5567.69824434632,206.8432891337042,5774.5415334800255,0.035819863435816376
4757,21,210,1330,15,0.011278195488721804,0.0008285068166506488,5.5233787776709925e-05,21,210,5358.312672980846,216.49263471240238,5574.805307693248,0.03883411576968291
4758,21,210,1330,15,0.011278195488721804,0.006130106246503022,0.00040867374976686813,21,210,5546.026392708283,189.89427561002097,5735.920668318304,0.03310615445901825
4759,21,210,1330,15,0.011278195488721804,0.005679896628496843,0.0003786597752331228,21,210,5595.432437145175,188.74700420896258,5784.179441354137,0.032631595565571686
4760,21,210,1330,11,0.008270676691729323,0.0035563379756553305,0.0003233034523323028,21,210,5416.203889532963,204.90476775709465,5621.108657290062,0.036452732058710864
4761,21,210,1330,11,0.008270676691729323,0.0055387779305500874,0.0005035252664136444,21,210,5443.908986839684,168.63557758172345,5612.544564421405,0.030046189503906064
4762,21,210,1330,5,0.0037593984962406013,0.0009224065370502664,0.0001844813074100533,21,210,5483.431839647546,202.83054142388812,5686.262381071432,0.03567027474832595
4763,21,210,1330,29,0.02180451127819549,0.006042267392770545,0.0002083540480265705,21,210,5442.36628310712,198.02181028770002,5640.388093394817,0.035107834249844205
4764,21,210,1330,8,0.006015037593984963,0.002439379741125286,0.00030492246764066074,21,210,5312.0528718680325,175.5504848456821,5487.603356713709,0.03199037420058941
4765,21,210,1330,25,0.018796992481203006,0.011811427920753417,0.0004724571168301368,21,210,5466.13865946443,211.13006585849757,5677.268725322927,0.03718866871965592
4766,21,210,1330,36,0.02706766917293233,0.02476001246157126,0.0006877781239325349,21,210,5418.530305026967,219.60407587012423,5638.134380897089,0.03894977682940271
4767,21,210,1330,17,0.012781954887218045,0.011099073868997287,0.0006528866981763109,21,210,5488.290199364153,194.6960172334747,5682.986216597624,0.034259456175496104
4768,21,210,1330,20,0.015037593984962405,0.012727723361793107,0.0006363861680896554,21,210,5506.774187505078,208.52219780924634,5715.296385314326,0.036484931620528405
4769,21,210,1330,16,0.012030075187969926,0.00828483945179282,0.0005178024657370513,21,210,5759.848918669566,208.13174744901687,5967.980666118579,0.034874735541725606
4770,21,210,1330,19,0.014285714285714285,0.003784978200996194,0.00019920937899979967,21,210,5320.80187962902,212.34382809479513,5533.145707723807,0.03837669190572389
4771,21,210,1330,36,0.02706766917293233,0.009255817828059088,0.0002571060507794191,21,210,5570.269215663067,198.11297877306546,5768.38219443613,0.034344634612483646
4772,21,210,1330,14,0.010526315789473684,0.001702688196053644,0.00012162058543240313,21,210,5467.18786093653,195.70532095173485,5662.893181888261,0.03455924642507171
4773,21,210,1330,11,0.008270676691729323,0.002570547996830691,0.00023368618153006283,21,210,5481.004845814192,209.31187022104143,5690.316716035233,0.036783869978836765
4774,21,210,1330,18,0.013533834586466165,0.003325454281133427,0.00018474746006296816,21,210,5426.985908146129,193.396235813007,5620.382143959136,0.03440980183542714
4775,21,210,1330,26,0.019548872180451128,0.009726998382611837,0.00037411532240814766,21,210,5504.937170042791,225.20991032758155,5730.147080370374,0.0393026404329267
4776,21,210,1330,32,0.02406015037593985,0.014766616593254359,0.0004614567685391987,21,210,5440.024509119636,258.08835418724,5698.1128633068765,0.04529365429898829
4777,21,210,1330,32,0.02406015037593985,0.008203622886565844,0.0002563632152051826,21,210,5419.858787562953,186.20780697268046,5606.06659453563,0.033215411167998206
4778,21,210,1330,12,0.009022556390977444,0.0013581349830633857,0.00011317791525528214,21,210,5333.8006986523105,197.2119013023088,5531.012599954618,0.03565565938214043
4779,21,210,1330,16,0.012030075187969926,0.00485681912038064,0.00030355119502379,21,210,5351.127093074508,218.8187814447316,5569.945874519239,0.039285620789559036
4780,21,210,1330,24,0.01804511278195489,0.004983029802765768,0.00020762624178190703,21,210,5326.240109102084,193.47312749494915,5519.713236597035,0.03505130052992164
4781,21,210,1330,12,0.009022556390977444,0.006039708851322125,0.0005033090709435105,21,210,5508.759268155629,201.89866891455856,5710.6579370701875,0.03535471238855907
4782,21,210,1330,18,0.013533834586466165,0.0043609553185706175,0.00024227529547614542,21,210,5515.685764697635,191.7974429806708,5707.483207678304,0.03360455668492284
4783,21,210,1330,20,0.015037593984962405,0.0033258840003277386,0.00016629420001638696,21,210,5365.296689083769,206.20190812422697,5571.498597207992,0.03701013372372732
4784,21,210,1330,17,0.012781954887218045,0.003111347945554936,0.00018302046738558446,21,210,5468.983149460033,194.45438673743502,5663.43753619747,0.03433504571995245
4785,21,210,1330,10,0.007518796992481203,0.00034784483674477225,3.4784483674477224e-05,21,210,5142.864306788952,168.05916164484472,5310.923468433794,0.03164405637620792
4786,21,210,1330,18,0.013533834586466165,0.008134338745661312,0.0004519077080922951,21,210,5346.09095011379,206.13867486370964,5552.229624977501,0.03712718831662964
4787,21,210,1330,19,0.014285714285714285,0.0061297281073228,0.0003226172688064632,21,210,5323.371270671754,219.61305825709337,5542.984328928839,0.039620003453903464
4788,21,210,1330,22,0.016541353383458645,0.0021141926277448773,9.609966489749442e-05,21,210,5599.2082369859245,229.62744495597602,5828.835681941899,0.03939507947828695
4789,21,210,1330,21,0.015789473684210527,0.0041141613768362235,0.00019591244651601065,21,210,5487.100059669576,179.63047481386377,5666.7305344834385,0.0316991382810191
4790,21,210,1330,25,0.018796992481203006,0.01037598802993131,0.0004150395211972523,21,210,5579.844638847164,190.98506007563657,5770.8296989228,0.03309490489925329
4791,21,210,1330,18,0.013533834586466165,0.0074104843168830295,0.00041169357316016834,21,210,5478.795779517372,217.6486811219323,5696.444460639304,0.03820781236889403
4792,21,210,1330,19,0.014285714285714285,0.004363915514094023,0.00022967976389968542,21,210,5417.280930527953,223.60580874209273,5640.8867392700495,0.03964018762961869
4793,21,210,1330,18,0.013533834586466165,0.012048422908371721,0.0006693568282428734,21,210,5459.984610969089,217.91504620113105,5677.8996571702155,0.038379516962041
4794,21,210,1330,6,0.004511278195488722,0.0027026622899401207,0.0004504437149900201,21,210,5499.137067461381,203.72428321064933,5702.8613506720285,0.03572316959567014
4795,21,210,1330,10,0.007518796992481203,0.0009468447355099977,9.468447355099977e-05,21,210,5536.116706320361,196.92565771901837,5733.042364039373,0.03434924167911939
4796,21,210,1330,27,0.02030075187969925,0.009852745602206277,0.0003649165037854177,21,210,5492.029456727286,197.71512601305048,5689.7445827403335,0.03474938516797631
4797,21,210,1330,17,0.012781954887218045,0.0015853241632507187,9.325436254415993e-05,21,210,5442.768017282084,200.89715188118544,5643.665169163267,0.035596929629858
4798,21,210,1330,4,0.0030075187969924814,0.0008724103805770558,0.00021810259514426391,21,210,5607.27419818841,210.25068903014517,5817.524887218556,0.03614091784842696
4799,21,210,1330,25,0.018796992481203006,0.00981983779799302,0.00039279351191972087,21,210,5218.401707227726,228.81728766067644,5447.218994888399,0.042006258216421205
4800,21,210,1330,18,0.013533834586466165,0.004582667337249701,0.0002545926298472056,21,210,5320.99398366313,211.46399616136245,5532.457979824487,0.038222431500161344
4801,21,210,1330,21,0.015789473684210527,0.014137735779859963,0.0006732255133266649,21,210,5405.890546171125,232.89199876339688,5638.782544934522,0.04130182302784674
4802,21,210,1330,15,0.011278195488721804,0.0061933494597906005,0.00041288996398603997,21,210,5492.882950191461,213.34100255072156,5706.223952742178,0.03738742193043415
4803,21,210,1330,7,0.005263157894736842,0.00034042409989994273,4.863201427142038e-05,21,210,5405.317314252907,170.5271759446423,5575.844490197543,0.03058320156604669
4804,21,210,1330,17,0.012781954887218045,0.011055376085104497,0.0006503162403002646,21,210,5328.347060869388,261.0950117893621,5589.442072658752,0.04671217778005632
4805,21,210,1330,21,0.015789473684210527,0.006472607651793611,0.00030821941199017194,21,210,5148.5880377828635,217.55677678041468,5366.144814563286,0.04054247216548891
4806,21,210,1330,25,0.018796992481203006,0.004357786708210671,0.00017431146832842684,21,210,5521.4049741153685,215.5833822160057,5736.988356331376,0.03757779671595229
4807,21,210,1330,13,0.009774436090225564,0.003449266756998196,0.0002653282120767843,21,210,5541.534336314729,206.9170441987414,5748.45138051347,0.03599526733411441
4808,21,210,1330,15,0.011278195488721804,0.012445369623053664,0.0008296913082035777,21,210,5487.7331237594235,214.00572580608824,5701.738849565506,0.03753341418335852
4809,21,210,1330,5,0.0037593984962406013,0.0010122499603930847,0.00020244999207861696,21,210,5461.919215538919,194.02216858412277,5655.941384123045,0.03430413354861985
4810,21,210,1330,18,0.013533834586466165,0.003561767612912781,0.0001978759784951545,21,210,5425.697200318684,217.15230361128988,5642.849503929968,0.038482738811314025
4811,21,210,1330,19,0.014285714285714285,0.0027976967676359528,0.0001472471982966291,21,210,5540.128109584029,233.09962527240822,5773.227734856431,0.040375962282770565
4812,21,210,1330,20,0.015037593984962405,0.002949098043354992,0.00014745490216774962,21,210,5298.837299776653,214.7557091746648,5513.593008951319,0.03895022879382081
4813,21,210,1330,9,0.006766917293233083,0.00045800298286294375,5.088922031810486e-05,21,210,5453.094630923234,219.99905468685304,5673.093685610083,0.03877937980204436
4814,21,210,1330,11,0.008270676691729323,0.0024662446399654264,0.00022420405817867516,21,210,5405.892783572049,207.4158750164861,5613.308658588537,0.03695073398451613
4815,21,210,1330,14,0.010526315789473684,0.004748273076423007,0.0003391623626016433,21,210,5353.916596249432,235.7767591366395,5589.693355386071,0.0421806249728264
4816,21,210,1330,18,0.013533834586466165,0.00454381203796475,0.0002524340021091527,21,210,5529.01486528348,198.1949992752888,5727.209864558768,0.03460585589883182
4817,21,210,1330,16,0.012030075187969926,0.004982011144847514,0.0003113756965529697,21,210,5383.02372478494,186.2990142597182,5569.322739044655,0.03345092805515441
4818,21,210,1330,24,0.01804511278195489,0.005671108071488526,0.00023629616964535526,21,210,5284.550904080681,204.0551539234121,5488.606058004092,0.03717795589024581
4819,21,210,1330,16,0.012030075187969926,0.005804043136474016,0.000362752696029626,21,210,5492.5553753146105,209.12687667901037,5701.682251993621,0.036678100854513264
4820,21,210,1330,4,0.0030075187969924814,0.00022771271205061184,5.692817801265296e-05,21,210,5575.82189880617,201.9237778858512,5777.745676692019,0.0349485403451438
4821,21,210,1330,28,0.021052631578947368,0.006451328076405578,0.0002304045741573421,21,210,5347.31114638572,209.3367568472804,5556.647903232997,0.037673208828920585
4822,21,210,1330,17,0.012781954887218045,0.0025733669377929957,0.00015137452575252915,21,210,5414.485229970813,189.73250178742427,5604.2177317582355,0.0338553052127578
4823,21,210,1330,15,0.011278195488721804,0.016820592926790646,0.0011213728617860432,21,210,5608.9849330565685,213.26055292621118,5822.245485982778,0.03662857456622914
4824,21,210,1330,12,0.009022556390977444,0.003350865014572382,0.0002792387512143652,21,210,5591.634914050934,202.93942665762287,5794.5743407085565,0.035022318245520614
4825,21,210,1330,32,0.02406015037593985,0.01298756625616811,0.00040586144550525344,21,210,5458.876600295551,230.83289023897922,5689.709490534526,0.04057024187667153
4826,21,210,1330,26,0.019548872180451128,0.009930154893959252,0.00038192903438304815,21,210,5346.640245073955,219.89801142304498,5566.538256496997,0.03950354803838643
4827,21,210,1330,9,0.006766917293233083,0.002824966607833839,0.0003138851786482044,21,210,5447.722317939253,167.49111013856987,5615.213428077823,0.029828093318957735
4828,21,210,1330,7,0.005263157894736842,0.001328450026179232,0.00018977857516846173,21,210,5512.740909936652,169.412049801222,5682.152959737875,0.029814764051870436
4829,21,210,1330,20,0.015037593984962405,0.007474195424362754,0.0003737097712181377,21,210,5388.838977932921,194.20107478052725,5583.040052713447,0.03478410918548622
4830,21,210,1330,21,0.015789473684210527,0.004357116784373896,0.00020748175163685223,21,210,5508.567030645624,178.78949809668015,5687.356528742306,0.03143630915226224
4831,21,210,1330,17,0.012781954887218045,0.00760951317339088,0.0004476184219641694,21,210,5390.654602905609,201.97508050747223,5592.629683413079,0.0361145099784634
4832,21,210,1330,19,0.014285714285714285,0.006394037188677168,0.00033652827308827205,21,210,5426.7376708401835,188.66993011110023,5615.407600951281,0.03359861714742461
4833,21,210,1330,32,0.02406015037593985,0.035736687250310914,0.001116771476572216,21,210,5477.314581080509,240.3168408681035,5717.631421948616,0.04203083814489769
4834,21,210,1330,31,0.02330827067669173,0.010330001232708117,0.0003332258462163909,21,210,5383.758664977235,228.63145044235029,5612.390115419585,0.04073691346120149
4835,21,210,1330,29,0.02180451127819549,0.010933426452321138,0.000377014705252453,21,210,5417.493833601444,215.39405992887362,5632.8878935303155,0.03823865555291197
4836,21,210,1330,24,0.01804511278195489,0.005714021082082421,0.0002380842117534342,21,210,5452.997009179661,205.86973311155415,5658.866742291213,0.03638002845569743
4837,21,210,1330,12,0.009022556390977444,0.003581867136770229,0.0002984889280641858,21,210,5493.493036080605,208.38510680641122,5701.878142887012,0.036546748559747426
4838,21,210,1330,15,0.011278195488721804,0.008174227239447272,0.0005449484826298181,21,210,5472.196221003797,239.9374649641419,5712.133685967934,0.042004875613040546
4839,21,210,1330,12,0.009022556390977444,0.005727347662066272,0.0004772789718388561,21,210,5364.582400307401,189.00872421626633,5553.591124523666,0.03403360455933416
4840,21,210,1330,27,0.02030075187969925,0.008458000052364394,0.0003132592611986812,21,210,5539.061524489293,211.25300217935825,5750.314526668648,0.03673764299319889
4841,21,210,1330,12,0.009022556390977444,0.012594745409392533,0.0010495621174493777,21,210,5433.47308186616,197.62830508976612,5631.101386955922,0.03509585274872855
4842,21,210,1330,29,0.02180451127819549,0.007912924247082589,0.0002728594567959514,21,210,5527.400013612216,237.1979846290621,5764.5979982412755,0.041147359226337894
4843,21,210,1330,11,0.008270676691729323,0.005821703677924032,0.0005292457889021847,21,210,5502.993473447274,188.52132252385167,5691.514795971121,0.0331232245337043
4844,21,210,1330,11,0.008270676691729323,0.005202264765113731,0.00047293316046488463,21,210,5750.508488314101,264.8883921678696,6015.396880481974,0.04403506492270645
4845,21,210,1330,10,0.007518796992481203,0.0025665714503760595,0.00025665714503760593,21,210,5442.124152625519,182.1387936915729,5624.262946317091,0.03238447338434665
4846,21,210,1330,9,0.006766917293233083,0.007336304363341642,0.0008151449292601823,21,210,5580.318107020719,192.92234299358654,5773.2404500143,0.03341664783650379
4847,21,210,1330,5,0.0037593984962406013,0.0013437816806759985,0.0002687563361351997,21,210,5154.549768019691,198.8977451071271,5353.4475131268155,0.037153207278006146
4848,21,210,1330,24,0.01804511278195489,0.0062226964036202525,0.0002592790168175105,21,210,5471.770196567815,238.93876581780034,5710.708962385615,0.041840473291775857
4849,21,210,1330,12,0.009022556390977444,0.000838745473986872,6.989545616557266e-05,21,210,5416.781423983933,204.08982724236705,5620.8712512263,0.03630928696291362
4850,21,210,1330,28,0.021052631578947368,0.009205508133271052,0.00032876814761682334,21,210,5485.212199020723,216.78802766439838,5702.000226685116,0.038019645571012034
4851,21,210,1330,12,0.009022556390977444,0.00288552050552414,0.00024046004212701166,21,210,5273.951691278893,209.35217056666306,5483.303861845553,0.03817993236220179
4852,21,210,1330,12,0.009022556390977444,0.001357824274167998,0.00011315202284733317,21,210,5415.984232634313,207.7435058895098,5623.727738523823,0.036940534028064555
4853,21,210,1330,10,0.007518796992481203,0.0021808629202805926,0.00021808629202805927,21,210,5430.057846751699,190.98159419371072,5621.0394409454075,0.03397620603807565
4854,21,210,1330,19,0.014285714285714285,0.010712774844918279,0.0005638302549956989,21,210,5404.6161330756895,210.99412791833205,5615.61026099402,0.037572786947822116
4855,21,210,1330,22,0.016541353383458645,0.01121518036612678,0.0005097809257330354,21,210,5278.682930292417,176.0494502083963,5454.732380500806,0.03227462649455095
4856,21,210,1330,12,0.009022556390977444,0.0033519776763930443,0.0002793314730327537,21,210,5660.962490208776,202.32520904021632,5863.287699248984,0.03450712627765677
4857,21,210,1330,17,0.012781954887218045,0.007500473084128169,0.00044120429906636293,21,210,5439.684864599567,207.2363009022294,5646.921165501793,0.036698989560590776
4858,21,210,1330,24,0.01804511278195489,0.012834440497370129,0.0005347683540570886,21,210,5361.26373161857,194.74607735088887,5556.009808969458,0.03505142792161679
4859,21,210,1330,20,0.015037593984962405,0.003334615317604617,0.00016673076588023084,21,210,5598.280629491084,226.4807154969464,5824.761344988033,0.03888240257119268
4860,21,210,1330,19,0.014285714285714285,0.004801652512020841,0.0002527185532642548,21,210,5347.2354989894175,222.1179175812937,5569.353416570706,0.039882173201725345
4861,21,210,1330,23,0.017293233082706767,0.008742699217371799,0.0003801173572770346,21,210,5614.422731240516,212.97906736974082,5827.401798610252,0.036547860389605044
4862,21,210,1330,2,0.0015037593984962407,0.0002505878663991569,0.00012529393319957844,21,210,5454.203167099205,213.8854055014169,5668.088572600619,0.03773501468119834
4863,21,210,1330,19,0.014285714285714285,0.014707412956031864,0.0007740743661069403,21,210,5462.183730829123,224.28236678524132,5686.4660976143605,0.03944143215402873
4864,21,210,1330,14,0.010526315789473684,0.0037378928069832103,0.00026699234335594363,21,210,5401.102112736429,197.86098570986002,5598.963098446289,0.03533886225554271
4865,21,210,1330,18,0.013533834586466165,0.00821761938159426,0.0004565344100885699,21,210,5464.120741517883,220.82450118144686,5684.945242699325,0.03884373406499075
4866,21,210,1330,16,0.012030075187969926,0.01752758293492804,0.0010954739334330028,21,210,5578.724184136192,226.0626818968055,5804.786866032993,0.03894418298449902
4867,21,210,1330,14,0.010526315789473684,0.0020824444288511305,0.00014874603063222362,21,210,5318.261444241021,174.75147274042922,5493.01291698145,0.03181341012328433
4868,21,210,1330,25,0.018796992481203006,0.010891502567953168,0.00043566010271812674,21,210,5367.118515331478,256.6336897522309,5623.752205083706,0.04563389004235315
4869,21,210,1330,17,0.012781954887218045,0.004860576979169515,0.00028591629289232437,21,210,5355.399427397568,218.67421964718696,5574.073647044752,0.03923059390561212
4870,21,210,1330,6,0.004511278195488722,0.0011663945859717777,0.00019439909766196296,21,210,5336.467411081396,176.3491179226037,5512.816529004,0.031988932879372406
4871,21,210,1330,15,0.011278195488721804,0.004561504723803744,0.0003041003149202496,21,210,5564.00472107357,219.78734133741813,5783.792062410987,0.03800056069889195
4872,21,210,1330,22,0.016541353383458645,0.0017441946987085696,7.92815772140259e-05,21,210,5320.284606431878,208.24667296536478,5528.5312793972425,0.037667630414143054
4873,21,210,1330,15,0.011278195488721804,0.005284230015113558,0.00035228200100757053,21,210,5320.113971508949,239.9318642583612,5560.045835767309,0.04315285725072618
4874,21,210,1330,10,0.007518796992481203,0.003938461081912831,0.00039384610819128313,21,210,5293.45168375365,181.45971417137994,5474.911397925025,0.03314386315733851
4875,21,210,1330,27,0.02030075187969925,0.005322706878743075,0.00019713729180529906,21,210,5427.629921247163,240.1782509796733,5667.808172226837,0.04237586094684449
4876,21,210,1330,12,0.009022556390977444,0.0019326410167630412,0.00016105341806358676,21,210,5415.740006335429,225.02314157632122,5640.763147911751,0.03989232231096715
4877,21,210,1330,21,0.015789473684210527,0.0047805544055334465,0.00022764544788254508,21,210,5513.527758095826,213.4998385437364,5727.02759663956,0.03727934516484806
4878,21,210,1330,17,0.012781954887218045,0.005401839717266915,0.0003177552774862891,21,210,5334.5554252278125,196.3015576461649,5530.856982873973,0.035492068996541226
4879,21,210,1330,18,0.013533834586466165,0.014293685559107419,0.0007940936421726344,21,210,5338.917264135313,220.21405707461582,5559.1313212099285,0.03961303382678265
4880,21,210,1330,21,0.015789473684210527,0.007651327480563634,0.0003643489276458873,21,210,5579.328548833475,192.11443153182455,5771.4429803653,0.03328707087385359
4881,21,210,1330,27,0.02030075187969925,0.004203022690127785,0.0001556675070417698,21,210,5399.686709629759,174.22645235958515,5573.913161989342,0.03125747518775541
4882,21,210,1330,13,0.009774436090225564,0.003231801686127096,0.0002486001297020843,21,210,5552.174842763356,198.3745916884758,5750.549434451834,0.03449663270434709
4883,21,210,1330,5,0.0037593984962406013,0.000656825946776305,0.00013136518935526103,21,210,5416.539307200441,163.46004099088847,5579.999348191328,0.02929391757794229
4884,21,210,1330,6,0.004511278195488722,0.0006089365232211772,0.00010148942053686289,21,210,5585.5018784203185,212.9396032680023,5798.441481688317,0.03672359269994757
4885,21,210,1330,24,0.01804511278195489,0.005354754639654652,0.00022311477665227716,21,210,5356.175523905218,208.4877370530072,5564.663260958227,0.03746637078936308
4886,21,210,1330,29,0.02180451127819549,0.02018442557628715,0.0006960146750443844,21,210,5384.138585725648,215.12105072957107,5599.259636455217,0.038419552708179115
4887,21,210,1330,11,0.008270676691729323,0.004332806188943063,0.0003938914717220967,21,210,5467.281435530774,231.71706590844423,5698.998501439215,0.040659260719217036
4888,21,210,1330,19,0.014285714285714285,0.006982615092662992,0.0003675060575085785,21,210,5437.099606229507,205.74319729816793,5642.842803527672,0.03646091242689692
4889,21,210,1330,11,0.008270676691729323,0.0037148923920819446,0.0003377174901892677,21,210,5313.874390730569,213.68303174290565,5527.557422473472,0.03865776787304486
4890,21,210,1330,18,0.013533834586466165,0.0036695179946576936,0.00020386211081431632,21,210,5696.800232650337,227.17801976157654,5923.978252411911,0.038348894962449
4891,21,210,1330,21,0.015789473684210527,0.025394109529430497,0.0012092433109252617,21,210,5234.555668058196,202.47896456253835,5437.034632620736,0.037240697962032346
4892,21,210,1330,5,0.0037593984962406013,0.001642877741539045,0.000328575548307809,21,210,5656.098564185342,208.26031962003935,5864.358883805382,0.035512887895581734
4893,21,210,1330,25,0.018796992481203006,0.0080788487692411,0.000323153950769644,21,210,5366.093116450058,172.2231701625032,5538.31628661256,0.03109666571026432
4894,21,210,1330,22,0.016541353383458645,0.017960016286857634,0.0008163643766753468,21,210,5462.505465280762,204.12559354894478,5666.631058829701,0.03602238992264687
4895,21,210,1330,22,0.016541353383458645,0.012954944909963937,0.000588861132271088,21,210,5439.357834644872,208.682257538802,5648.040092183675,0.03694772950135348
4896,21,210,1330,11,0.008270676691729323,0.001600991577191044,0.00014554468883554945,21,210,5480.941725345749,173.93564955236545,5654.877374898111,0.030758518358764482
4897,21,210,1330,22,0.016541353383458645,0.003680034382941095,0.00016727429013368612,21,210,5574.863902057971,245.8051530985661,5820.669055156537,0.042229707748253964
4898,21,210,1330,12,0.009022556390977444,0.0024944739447701958,0.00020787282873084966,21,210,5408.4432368098605,195.49667860592544,5603.9399154157845,0.03488557721115762
4899,21,210,1330,9,0.006766917293233083,0.0010893059633547168,0.00012103399592830187,21,210,5276.089497598532,165.77709028475465,5441.866587883285,0.030463277187623358
4900,21,210,1330,23,0.017293233082706767,0.007645551323525795,0.00033241527493590403,21,210,5446.733923810258,201.50026691631138,5648.234190726565,0.035674913630022696
4901,21,210,1330,13,0.009774436090225564,0.004400788339263718,0.0003385221799433629,21,210,5483.434479063173,191.64054194355387,5675.075021006724,0.03376881208339657
4902,21,210,1330,8,0.006015037593984963,0.001695603619612373,0.00021195045245154664,21,210,5393.955386746717,187.48775990102604,5581.443146647742,0.03359126931421538
4903,21,210,1330,17,0.012781954887218045,0.0034683369004585344,0.00020401981767403143,21,210,5416.320004177514,193.78963190065443,5610.109636078165,0.03454293132783161
4904,21,210,1330,25,0.018796992481203006,0.009986378276095343,0.0003994551310438138,21,210,5354.87628709093,190.35406221470976,5545.230349305639,0.034327530187911036
4905,21,210,1330,19,0.014285714285714285,0.00850723121136017,0.00044774901112421944,21,210,5390.132954779521,209.1018934807592,5599.234848260284,0.03734472640413153
4906,21,210,1330,12,0.009022556390977444,0.0023655483128554805,0.00019712902607129005,21,210,5459.948262365887,236.0386772605323,5695.986939626414,0.041439469535724305
4907,21,210,1330,14,0.010526315789473684,0.0023880818529049925,0.0001705772752074995,21,210,5376.51027682476,186.67105659160808,5563.181333416362,0.03355473161917823
4908,21,210,1330,30,0.022556390977443608,0.022759306913894002,0.0007586435637964667,21,210,5536.908048872326,218.04136658782124,5754.949415460147,0.03788762521562274
4909,21,210,1330,19,0.014285714285714285,0.0036879377013479685,0.00019410198428147202,21,210,5475.601088249226,199.94211586444325,5675.543204113672,0.03522871885100335
4910,21,210,1330,18,0.013533834586466165,0.00501420014108804,0.000278566674504891,21,210,5342.139234266685,191.22302107479783,5533.362255341481,0.034558196671509424
4911,21,210,1330,9,0.006766917293233083,0.0035636214095620036,0.00039595793439577815,21,210,5446.577723413719,189.26088142261983,5635.838604836339,0.03358167163626855
4912,21,210,1330,10,0.007518796992481203,0.005253987809619014,0.0005253987809619014,21,210,5441.663349721268,216.447223178917,5658.110572900188,0.03825432896550345
4913,21,210,1330,15,0.011278195488721804,0.003007223498298181,0.00020048156655321208,21,210,5430.032735361285,190.29896962240755,5620.331704983693,0.03385902818754711
4914,21,210,1330,18,0.013533834586466165,0.008994079721350622,0.0004996710956305901,21,210,5381.476405107869,236.23410624435246,5617.710511352219,0.04205166958442816
4915,21,210,1330,16,0.012030075187969926,0.0018062310015330865,0.0001128894375958179,21,210,5459.628944031526,206.0355781362116,5665.664522167738,0.03636565090115509
4916,21,210,1330,19,0.014285714285714285,0.008531967448812777,0.0004490509183585673,21,210,5449.532138449282,205.16034792995256,5654.69248637923,0.03628143323870107
4917,21,210,1330,5,0.0037593984962406013,0.0016236998846157035,0.00032473997692314074,21,210,5484.110744404186,173.3600360937566,5657.470780497942,0.030642674583729507
4918,21,210,1330,11,0.008270676691729323,0.003582191358969867,0.00032565375990635157,21,210,5283.211308066307,208.66785993424105,5491.879168000547,0.037995712132576236
4919,21,210,1330,14,0.010526315789473684,0.01279230204509257,0.0009137358603637549,21,210,5468.6093212698,223.50873453031005,5692.118055800104,0.03926635609789595
4920,21,210,1330,16,0.012030075187969926,0.003766138371329831,0.00023538364820811447,21,210,5620.453371015071,203.39641021344187,5823.849781228515,0.034924734986989364
4921,21,210,1330,18,0.013533834586466165,0.005196392242076719,0.0002886884578931511,21,210,5455.096351265501,208.2028164320702,5663.299167697569,0.03676352074416645
4922,21,210,1330,19,0.014285714285714285,0.00653416652889344,0.0003439035015207074,21,210,5572.798946236213,196.36334481484332,5769.162291051052,0.03403671710179416
4923,21,210,1330,31,0.02330827067669173,0.007903722425730269,0.00025495878792678285,21,210,5383.4498865491405,200.20257473452693,5583.652461283669,0.035855128184052634
4924,21,210,1330,14,0.010526315789473684,0.0037223032759255443,0.00026587880542325315,21,210,5479.777523034686,198.27773255532256,5678.055255590007,0.03492000757831997
4925,21,210,1330,28,0.021052631578947368,0.0032486793054972074,0.00011602426091061455,21,210,5399.016575832928,190.02203285925958,5589.038608692186,0.03399905532299123
4926,21,210,1330,10,0.007518796992481203,0.0023460030297237297,0.00023460030297237298,21,210,5631.41718295007,221.40718632678568,5852.824369276852,0.03782911844903723
4927,21,210,1330,9,0.006766917293233083,0.001608944325063489,0.00017877159167372102,21,210,5433.939287920064,237.7674033751009,5671.706691295163,0.041921667730107096
4928,21,210,1330,21,0.015789473684210527,0.002569808827465016,0.00012237184892690555,21,210,5381.009329478829,205.42229897384334,5586.431628452674,0.03677164827858836
4929,21,210,1330,12,0.009022556390977444,0.007403559213099561,0.0006169632677582968,21,210,5401.499701645407,197.96106428490924,5599.460765930322,0.03535359431204426
4930,21,210,1330,21,0.015789473684210527,0.006584988042328427,0.0003135708591584965,21,210,5590.89798040327,189.6900318827917,5780.58801228606,0.032815006272653324
4931,21,210,1330,13,0.009774436090225564,0.0016357975769053477,0.00012583058283887287,21,210,5380.960990330643,215.47441522291362,5596.435405553557,0.038502082059071054
4932,21,210,1330,6,0.004511278195488722,0.0015115221980476629,0.0002519203663412771,21,210,5573.5672991007195,205.20504458542732,5778.772343686147,0.03551014512790648
4933,21,210,1330,8,0.006015037593984963,0.0010489501803680602,0.00013111877254600753,21,210,5504.249706253471,197.57717066560593,5701.826876919076,0.034651555533086395
4934,21,210,1330,13,0.009774436090225564,0.003903667315244136,0.00030028210117262586,21,210,5702.997916223114,185.73948376458463,5888.737399987696,0.031541478444084246
4935,21,210,1330,15,0.011278195488721804,0.006023205411436572,0.00040154702742910476,21,210,5426.963641443583,211.41716347359318,5638.380804917175,0.03749607747125175
4936,21,210,1330,16,0.012030075187969926,0.005935511667719294,0.0003709694792324559,21,210,5562.980809976505,207.55152852508235,5770.532338501582,0.03596748382125464
4937,21,210,1330,15,0.011278195488721804,0.005590136898707501,0.0003726757932471667,21,210,5451.804624602704,234.25857837161797,5686.063202974322,0.04119872924540826
4938,21,210,1330,20,0.015037593984962405,0.0033622302689268455,0.00016811151344634225,21,210,5510.817262006149,215.92422112463953,5726.741483130788,0.037704551839939975
4939,21,210,1330,4,0.0030075187969924814,0.0018552818469416681,0.00046382046173541703,21,210,5524.003036900683,221.11051924845555,5745.113556149145,0.03848670998187585
4940,21,210,1330,21,0.015789473684210527,0.005339199996654691,0.0002542476188883186,21,210,5192.354839117327,207.98908166933327,5400.3439207866595,0.03851404368317265
4941,21,210,1330,7,0.005263157894736842,0.0027658519757499597,0.00039512171082142284,21,210,5356.993453594065,186.68324201832638,5543.676695612394,0.033674987245572774
4942,21,210,1330,16,0.012030075187969926,0.0014620526684087365,9.137829177554603e-05,21,210,5500.391394745098,192.7346900029131,5693.126084748012,0.033853929657249794
4943,21,210,1330,14,0.010526315789473684,0.0028647467527584754,0.0002046247680541768,21,210,5527.58772112734,207.74676173497573,5735.334482862314,0.03622225736890174
4944,21,210,1330,15,0.011278195488721804,0.005681858590283588,0.00037879057268557257,21,210,5448.197611993108,189.50553030030355,5637.703142293412,0.033613960422757
4945,21,210,1330,12,0.009022556390977444,0.004157636259463328,0.00034646968828861064,21,210,5503.802023130917,230.71390790242555,5734.515931033339,0.04023249925139744
4946,21,210,1330,25,0.018796992481203006,0.003842424204855632,0.00015369696819422527,21,210,5398.130584505019,216.4646263337185,5614.595210838734,0.03855391496716324
4947,21,210,1330,17,0.012781954887218045,0.0043731786456701624,0.0002572458026864801,21,210,5498.411962406535,207.2366437199273,5705.648606126464,0.03632131209366908
4948,21,210,1330,4,0.0030075187969924814,0.0013943664054569937,0.0003485916013642484,21,210,5356.64140063328,210.65276772751542,5567.29416836079,0.03783754932955862
4949,21,210,1330,11,0.008270676691729323,0.0014245808819396614,0.0001295073529036056,21,210,5427.912379107025,228.4178792283626,5656.330258335385,0.04038269846279879
4950,21,210,1330,12,0.009022556390977444,0.0043078593760531225,0.0003589882813377602,21,210,5590.53109046516,209.9138373964097,5800.444927861567,0.03618926479038187
4951,21,210,1330,7,0.005263157894736842,0.0016916881214486413,0.00024166973163552017,21,210,5303.434807123281,233.14654864494736,5536.581355768229,0.04211020007897944
4952,21,210,1330,18,0.013533834586466165,0.0034883687024124936,0.00019379826124513852,21,210,5398.460836403032,202.0211281544152,5600.4819645574435,0.03607209690753448
4953,21,210,1330,11,0.008270676691729323,0.001333993279886722,0.00012127211635333838,21,210,5527.2199101241595,210.09118473469783,5737.311094858851,0.036618405601704
4954,21,210,1330,17,0.012781954887218045,0.0025852556474204934,0.00015207386161297023,21,210,5475.026869969406,212.22435316537764,5687.251223134781,0.037315804215239286
4955,21,210,1330,12,0.009022556390977444,0.003500888472490138,0.00029174070604084484,21,210,5409.815175944903,209.22067441395632,5619.035850358854,0.037234265803909164
4956,21,210,1330,30,0.022556390977443608,0.01355706073819907,0.0004519020246066356,21,210,5433.164813619918,233.01520227231646,5666.180015892232,0.04112386151141801
4957,21,210,1330,19,0.014285714285714285,0.00960757108915631,0.0005056616362713848,21,210,5364.682438390694,209.69717260156636,5574.379610992257,0.037618028773652105
4958,21,210,1330,14,0.010526315789473684,0.0038470664953750983,0.00027479046395536416,21,210,5387.889761734115,199.90184984139933,5587.791611575514,0.03577475033737625
4959,21,210,1330,13,0.009774436090225564,0.004165220018326973,0.00032040153987130564,21,210,5444.465539904057,191.71653540184641,5636.182075305904,0.03401531973954922
4960,21,210,1330,6,0.004511278195488722,0.0009526938771368617,0.0001587823128561436,21,210,5518.16601362053,214.55621576927444,5732.722229389803,0.0374265849947019
4961,21,210,1330,7,0.005263157894736842,0.004220546201608356,0.0006029351716583365,21,210,5258.592472841885,193.677417483094,5452.269890324974,0.035522345991487625
4962,21,210,1330,15,0.011278195488721804,0.002857542344460949,0.0001905028229640633,21,210,5287.318018439193,185.93633150418566,5473.254349943378,0.03397180536769851
4963,21,210,1330,21,0.015789473684210527,0.005180554704464085,0.00024669308116495646,21,210,5307.558371024885,200.23076185906905,5507.789132883951,0.03635410815995157
4964,21,210,1330,8,0.006015037593984963,0.0051428173800789545,0.0006428521725098692,21,210,5331.593348232018,200.96449304175331,5532.557841273765,0.036323975059515165
4965,21,210,1330,18,0.013533834586466165,0.008324740446766857,0.0004624855803759365,21,210,5456.263488107617,230.533440828999,5686.796928936616,0.04053836346009754
4966,21,210,1330,13,0.009774436090225564,0.00351437985948473,0.0002703369122680562,21,210,5442.197674357543,218.23890216886582,5660.4365765264065,0.038555136025000866
4967,21,210,1330,23,0.017293233082706767,0.01456854618648812,0.00063341505158644,21,210,5465.9448350011135,217.203943076723,5683.148778077838,0.03821894368040563
4968,21,210,1330,21,0.015789473684210527,0.0055982873570001,0.0002665851122381,21,210,5513.536125694576,222.33300789663969,5735.869133591211,0.03876186898940591
4969,21,210,1330,9,0.006766917293233083,0.009004662662205443,0.0010005180735783827,21,210,5450.493397615295,233.28467948048825,5683.77807709578,0.04104394582550079
4970,21,210,1330,17,0.012781954887218045,0.006608733097340273,0.0003887490057258984,21,210,5554.04823564326,212.6483950406187,5766.6966306838785,0.03687525262021639
4971,21,210,1330,19,0.014285714285714285,0.005270960342562973,0.00027741896539805125,21,210,5406.694804829522,229.78642486250885,5636.48122969203,0.04076770869953985
4972,21,210,1330,20,0.015037593984962405,0.019456195573031732,0.0009728097786515864,21,210,5522.6931279200435,190.83629388765905,5713.529421807703,0.03340077206205764
4973,21,210,1330,23,0.017293233082706767,0.007539412797665859,0.0003278005564202548,21,210,5414.662467200097,168.56219241055456,5583.22465961065,0.030190831049651756
4974,21,210,1330,19,0.014285714285714285,0.008760018503540475,0.00046105360544949865,21,210,5268.855680254377,190.63124504065445,5459.48692529503,0.03491742862455024
4975,21,210,1330,13,0.009774436090225564,0.005260798442025464,0.0004046768032327279,21,210,5543.912358301519,243.28023922253305,5787.192597524051,0.04203769532858061
4976,21,210,1330,20,0.015037593984962405,0.0032059272200534966,0.00016029636100267484,21,210,5530.003010610279,247.48085463384461,5777.4838652441185,0.04283540385506342
4977,21,210,1330,15,0.011278195488721804,0.003839286670762503,0.00025595244471750023,21,210,5433.308034633565,229.20685858450565,5662.514893218069,0.04047792595813287
4978,21,210,1330,20,0.015037593984962405,0.01709802446410133,0.0008549012232050666,21,210,5325.126701378135,216.7468662076546,5541.87356758579,0.039110756238720214
4979,21,210,1330,16,0.012030075187969926,0.009388629540699887,0.0005867893462937429,21,210,5516.86314738277,215.12334993689512,5731.986497319658,0.03753033089618917
4980,21,210,1330,16,0.012030075187969926,0.004129847701286337,0.00025811548133039606,21,210,5355.017348019041,202.54584443159087,5557.563192450635,0.0364450816693777
4981,21,210,1330,13,0.009774436090225564,0.003078060719618138,0.0002367739015090876,21,210,5363.619596613031,221.86944797689597,5585.4890445899255,0.039722474828197456
4982,21,210,1330,23,0.017293233082706767,0.014771977867048019,0.0006422599072629573,21,210,5627.8110915559355,192.96415665398877,5820.775248209924,0.033150937534193826
4983,21,210,1330,23,0.017293233082706767,0.011948942767251104,0.000519519250750048,21,210,5430.351113131167,197.94442119494073,5628.295534326103,0.035169514462719376
4984,21,210,1330,11,0.008270676691729323,0.003944661689365964,0.00035860560812417863,21,210,5612.974799580264,196.00302344012078,5808.977823020379,0.03374139640598748
4985,21,210,1330,23,0.017293233082706767,0.011382589840123589,0.000494895210440156,21,210,5357.4666412348615,189.71703330587934,5547.183674540738,0.03420060420508545
4986,21,210,1330,17,0.012781954887218045,0.006802636487966245,0.00040015508752742614,21,210,5223.626904783621,205.33539803933292,5428.962302822954,0.03782221842516065
4987,21,210,1330,15,0.011278195488721804,0.00872563505653082,0.0005817090037687214,21,210,5412.399058741222,204.0108272917342,5616.409886032952,0.036324063134899415
4988,21,210,1330,18,0.013533834586466165,0.007565574466738922,0.0004203096925966068,21,210,5338.94743985951,174.0111596602033,5512.958599519712,0.031564024383452315
4989,21,210,1330,22,0.016541353383458645,0.010298311949568399,0.0004681050886167454,21,210,5348.859438123548,203.57972536958317,5552.4391634931335,0.03666491777309411
4990,21,210,1330,21,0.015789473684210527,0.006934270251482657,0.00033020334530869797,21,210,5558.345503943941,217.34467983130764,5775.690183775247,0.03763094503265782
4991,21,210,1330,14,0.010526315789473684,0.004715963410420541,0.00033685452931575294,21,210,5429.734635707286,183.03610377079895,5612.77073947808,0.03261065029494133
4992,21,210,1330,22,0.016541353383458645,0.006107750185122683,0.00027762500841466744,21,210,5469.63555980703,204.16665234696984,5673.802212154,0.03598409756152922
4993,21,210,1330,21,0.015789473684210527,0.007683809373510087,0.0003658956844528613,21,210,5473.194021008345,208.62633382020732,5681.820354828547,0.03671822070947943
4994,21,210,1330,22,0.016541353383458645,0.010055137452055014,0.00045705170236613697,21,210,5223.657758885896,236.8373055343689,5460.495064420265,0.04337286321849531
4995,21,210,1330,8,0.006015037593984963,0.003971346233441083,0.0004964182791801354,21,210,5251.274606631157,191.43004746310538,5442.704654094261,0.03517186024766246
4996,21,210,1330,16,0.012030075187969926,0.0064080971864122135,0.00040050607415076335,21,210,5612.964743575099,230.29671035121777,5843.261453926314,0.03941235766482304
4997,21,210,1330,25,0.018796992481203006,0.0034688084462721432,0.00013875233785088574,21,210,5401.437525592031,202.7587515030276,5604.196277095057,0.036179809106922985
4998,21,210,1330,13,0.009774436090225564,0.003927596106978912,0.00030212277745991637,21,210,5453.017409711693,188.39617940478936,5641.413589116484,0.033395207855039494
4999,21,210,1330,16,0.012030075187969926,0.0029589018036104645,0.00018493136272565403,21,210,5547.726418253873,211.4769501405496,5759.203368394423,0.03671982679081988
